chunk_id,doc_id,chunk_index,chunk_length,chunk_text,metadata_json
HuongDanChanDoanVaDieuTriBenhTreEm2018_b_n_r_t_g_n.md:0,HuongDanChanDoanVaDieuTriBenhTreEm2018_b_n_r_t_g_n.md,0,729,"CHƢƠNG 7: UNG THƢ SỐT GIẢM BẠCH CẦU HẠT Ở TRẺ EM UNG THƢ ThS.Trần Thu Hà 1. ĐẠI CƢƠNG

Trẻ em bị các bệnh ung thư được điều trị bằng các chế độ tăng cường (hoá trị liệu liều cao, tia xạ, ghép tuỷ xương) thường bị suy giảm miễn dịch và dễ mắc các bệnh nhiễm trùng. Nhiễm trùng là nguyên nhân gây tử vong hàng đầu ở trẻ em bị ung thư. Sốt giảm bạch cầu hạt là một cấp cứu. Việc áp dụng ngay tức thì liệu pháp kháng sinh kinh nghiệm cho bệnh nhân sốt giảm bạch cầu hạt đã giảm tỷ lệ tử vong do nhiễm khuẩn Gram âm từ 80% xuống còn 10%. 2.TIÊU CHUẨN CHẨN ĐOÁN

- Sốt: nhiệt độ ≥ 38,30C một lần hoặc 380C – 38,20C kéo dài trên 1giờ hoặc 2 lần trong vòng 24 h, cách nhau ít nhất 12 giờ. (Nhiệt độ được đo ở miệng hoặc đầu dò màng nhĩ).",{}
HuongDanChanDoanVaDieuTriBenhTreEm2018_b_n_r_t_g_n.md:1,HuongDanChanDoanVaDieuTriBenhTreEm2018_b_n_r_t_g_n.md,1,855,"- Sốt: nhiệt độ ≥ 38,30C một lần hoặc 380C – 38,20C kéo dài trên 1giờ hoặc 2 lần trong vòng 24 h, cách nhau ít nhất 12 giờ. (Nhiệt độ được đo ở miệng hoặc đầu dò màng nhĩ).

- Giảm bạch cầu hạt: BC hạt < 500/mm3 hoặc < 1000/mm3 nhưng dự đoán sẽ giảm tiếp trong 2 ngày tới < 500/mm3. Giảm bạch cầu hạt nặng: BC hạt < 100/mm3. 3. CÁC TÁC NHÂN THƢỜNG GẶP NHẤT

- Vi khuẩn Gram dương: Staphylococci (S.aeruginosa, S.epidermidis), Streptococci (α- hemolytic; nhóm D) Corynebacterium, Listeria, Clostridium difficile

- Vi khuẩn Gram âm: Enterobacteriaciae (E. Coli, Klebsiella, Enterobacter, Citrobacter), Pseudomonads (kháng đa KS), Anaerobes (Bacteroides).

- Nấm: Candidas, Aspergillus, Phycomycete, Crytococcus.

- Virus: Herpes simplex, Varricella Zoster, Cytomegalovirus, Epstein – Barr, Respiratory syncytial, Adenovirus, Adenovirus, Influenza, Rotavius",{}
HuongDanChanDoanVaDieuTriBenhTreEm2018_b_n_r_t_g_n.md:2,HuongDanChanDoanVaDieuTriBenhTreEm2018_b_n_r_t_g_n.md,2,824,"- Virus: Herpes simplex, Varricella Zoster, Cytomegalovirus, Epstein – Barr, Respiratory syncytial, Adenovirus, Adenovirus, Influenza, Rotavius

- Nguyên nhân khác: Pneumocystis carinii,Toxoplasma gondii, Crytosporidia 4. CÁC YẾU TỐ NGUY CƠ

- Bệnh ác tính: u lympho, bạch cầu cấp…

- Hóa trị liệu, steroid, phẫu thuật, dụng cụ nội mạch, sonde tiểu… 5. LÂM SÀNG

- Hỏi bệnh sử và khám lâm sàng tỉ mỉ, đặc biệt chú ý tới những vị trí hay bị nhiễm trùng ở bệnh nhân sốt giảm bạch cầu hạt.

- Các dấu hiệu sinh tồn.

- Da, đầu vào và đường đi của catheter trung tâm: viêm tấy, có mủ.

- Khó thở và các biểu hiện suy hô hấp.

- Niêm mạc miệng và vùng quanh miệng: viêm loét, hoại tử.

- Vùng quanh hậu môn: viêm hoặc nứt kẽ.

- Khám bụng, phản ứng thành bụng.

- Các dấu hiệu nhiễm trùng hệ thần kinh trung ương. 6. CẬN LÂM SÀNG",{}
HuongDanChanDoanVaDieuTriBenhTreEm2018_b_n_r_t_g_n.md:3,HuongDanChanDoanVaDieuTriBenhTreEm2018_b_n_r_t_g_n.md,3,786,"- Vùng quanh hậu môn: viêm hoặc nứt kẽ.

- Khám bụng, phản ứng thành bụng.

- Các dấu hiệu nhiễm trùng hệ thần kinh trung ương. 6. CẬN LÂM SÀNG

Với bệnh nhân sốt giảm bạch cầu hạt, một viêm nhiễm nhẹ, kín đáo cũng có thể là nguồn gốc nhiễm trùng vì vậy cần phải được cấy tìm vi khuẩn. 10- 30% bệnh nhân sốt giảm bạch cầu hạt có kết quả cấy vi khuẩn dương tính.

- Tổng phân tích máu ngoại vi - độ tập trung tiểu cầu.

- Cấy máu 2 mẫu: 1 mẫu catheter trung tâm và 1 mẫu máu ngoại vi hoặc 2 mẫu máu ngoại vi ở 2 vị trí khác nhau, hoặc cùng 1 vị trí, cách nhau > 20 phút.

- Các xét nghiệm chẩn đoán khác phụ thuộc vào biểu hiện lâm sàng:

+ Cấy nước tiểu và tổng phân tích nước tiểu; soi phân, cấy phân, cấy mủ.

+ Soi, cấy đờm; soi tươi, PCR dịch rửa PQ chẩn đoán Pneumocystis carinii .",{}
HuongDanChanDoanVaDieuTriBenhTreEm2018_b_n_r_t_g_n.md:4,HuongDanChanDoanVaDieuTriBenhTreEm2018_b_n_r_t_g_n.md,4,833,"+ Cấy nước tiểu và tổng phân tích nước tiểu; soi phân, cấy phân, cấy mủ.

+ Soi, cấy đờm; soi tươi, PCR dịch rửa PQ chẩn đoán Pneumocystis carinii .

+ X quang tim phổi, CT lồng ngực; siêu âm, chụp X quang, CT bụng nếu nghi ngờ viêm phúc mạc, viêm ruột thừa, viêm hồi manh tràng; siêu âm tim…

- CRP và/hoặc procalcitonin, điện giải đồ, Ca, urê, creatinin, men gan… 7. ĐIỀU TRỊ 7.1. Nguyên tắc: Liệu pháp kháng sinh phổ rộng kinh nghiệm càng sớm càng tốt.

- Liệu pháp KS kinh nghiệm: một KS nhóm β- lactam có tác dụng với trực khuẩn mủ xanh đơn thuần hoặc kết hợp aminoglycoside (tobramycin, amikacin).

- Khi chọn liệu pháp kinh nghiệm cần cân nhắc loại vi khuẩn thường gặp, mô hình kháng KS ở địa phương, tiền sử dị ứng thuốc…lựa chọn ban đầu có thể là:

+ Piperacillin- tazobactam hoặc.

+ Cefoperazon, ceftazidime, cefepim hoặc.",{}
HuongDanChanDoanVaDieuTriBenhTreEm2018_b_n_r_t_g_n.md:5,HuongDanChanDoanVaDieuTriBenhTreEm2018_b_n_r_t_g_n.md,5,624,"+ Piperacillin- tazobactam hoặc.

+ Cefoperazon, ceftazidime, cefepim hoặc.

+ Carbapenem (imipenem-cilastatin hoặc meropenem): nếu sốt cao liên tục, rét run, giảm BC hạt nặng.

- Bệnh nhân dị ứng với penicillin nên được điều tri kết hợp ciprofloxacin và clindamycin hoặc aztreonam và vancomycin( tránh β- lactam và carbapenem).

Liệu pháp kháng sinh ban đầu có thể điều chỉnh như sau

 Cấy máu dương tính Methicillin-resistant S. aureus

Enterococus kháng vancomycin VK Gr(-) tiết β- lactamase phổ rộng VK tiết carbapenemase  Kháng sinh theo kháng sinh đồ Kết hợp vancomycin, linezolid hoặc daptomycin. Kết hợp

linezolid",{}
HuongDanChanDoanVaDieuTriBenhTreEm2018_b_n_r_t_g_n.md:6,HuongDanChanDoanVaDieuTriBenhTreEm2018_b_n_r_t_g_n.md,6,795,"linezolid

hoặc daptomycin. Cân nhắc dùng carbapenem Polymycin – colistin hoặc tigecycline  Nhiễm khuẩn Catheter, đa hoá trị liệu tích cực gây tổn thương niêm mạc miệng nặng, nhiễm trùng da và mô mềm, viêm phổi, tổn thương sùi ở van tim hoặc huyết động không ổn định.  Vancomycin, ngừng vancomycin nếu cấy máu âm tính với vi khuẩn Gr(+)  Viêm niêm mạc miệng nặng, nứt kẽ hậu môn hoặc có dấu hiệu nặng ở bụng (phản ứng thành bụng…)  Metronidazol điều trị vi khuẩn kỵ khí  Viêm phổi lan toả  Co-trimoxazole và azithromycin  Tổn thương hình tròn ở phổi hoặc thâm nhiễm phổi mới  Kết hợp amphotericin B  Không đỡ sốt sau 2 – 3 ngày  Nếu sốt dai dẳng 4 – 7 ngày hoặc tái phát  Cân nhắc đổi KS kinh nghiệm  Bắt đầu kháng sinh chống nấm amphotericin B 6.2. Điều trị sốt không rõ nguyên nhân",{}
HuongDanChanDoanVaDieuTriBenhTreEm2018_b_n_r_t_g_n.md:7,HuongDanChanDoanVaDieuTriBenhTreEm2018_b_n_r_t_g_n.md,7,823,"- Nhiều bệnh nhân sốt giảm bạch cầu hạt không xác định được nguyên nhân sốt. Trong số này có một tỷ lệ đáng kể có nhiễm trùng sâu kín.

- Sốt không rõ nguyên nhân được chia làm 2 nhóm:

+ Nguy cơ thấp: bạch cầu hạt hồi phục trong vòng 1 tuần và không có hoặc ít bệnh lý kết hợp → điều tri kháng sinh kinh nghiệm → ngừng kháng sinh khi bạch cầu hạt đạt 500/mm3 trong 2 ngày liên tiếp.

+ Nguy cơ cao: Giảm bạch cầu hạt kéo dài hơn 1 tuần và không có bằng chứng hồi phục tuỷ xương sau hóa chất độc tế bào và/hoặc tình trạng bệnh kết hợp quan trọng như hạ huyết áp, viêm phổi, đau bụng, thay đổi tinh thần, hoặc hết sốt nhưng có các triệu chứng, dấu hiệu nhiễm trùng mới → điều trị một đợt kháng sinh 14 ngày và ngừng nếu hết sốt, nếu sốt lại → tiếp tục điều trị kháng sinh và kết hợp thuốc chống nấm. 6.3. Liệu pháp chống nấm",{}
HuongDanChanDoanVaDieuTriBenhTreEm2018_b_n_r_t_g_n.md:8,HuongDanChanDoanVaDieuTriBenhTreEm2018_b_n_r_t_g_n.md,8,810,"- Bệnh nhân giảm bạch cầu hạt sốt dai dẳng sau 4 – 7 ngày điều trị bằng kháng sinh phổ rộng nên được điều trị bằng liệu pháp chống nấm toàn thân.

- Fluconazole uống hoặc tiêm TM được lựa chọn theo kinh nghiệm với những bệnh nhân giảm bạch cầu hạt, sốt dai dẳng.

- Amphotericin B được chỉ định với bệnh nhân có dấu hiệu nghi ngờ nhiễm nấm cao hoặc cấy máu dương tính với nấm. Khi sử dụng amphotericin B cần theo dõi BUN, creatinin, điện giải đồ hàng ngày vì amphotericin B gây độc với thận và làm giảm Na+ và K+ máu nặng. Nếu creatinin tăng 1,5 – 2 lần so với bình thường, có thể phải ngừng thuốc và thay bằng chế phẩm amphotericin B tan trong lipid. 6.4. Điều trị kết hợp

- BN nhiễm khuẩn hoặc sốt giảm BC hạt nặng: G – CSF 5 g/kg/ngày (không chỉ định cho BN bạch cầu cấp đang điều trị giai đoạn tấn công).",{}
HuongDanChanDoanVaDieuTriBenhTreEm2018_b_n_r_t_g_n.md:9,HuongDanChanDoanVaDieuTriBenhTreEm2018_b_n_r_t_g_n.md,9,679,"- BN nhiễm khuẩn hoặc sốt giảm BC hạt nặng: G – CSF 5 g/kg/ngày (không chỉ định cho BN bạch cầu cấp đang điều trị giai đoạn tấn công).

- Truyền máu và các chế phẩm nếu thiếu máu (Hb < 80 g/L), xuất huyết, TC < 20.000/mm3 hoặc rối loạn yếu tố đông máu.

- Viêm loét niêm mạc miệng:

+ Súc, lau miệng bằng natriclorua 9‰, dd natribicacbonate 14‰, chlorhexidine 0,2%. Nếu viêm loét nặng nên súc miệng bằng ôxy già pha loãng 1/8 với nước sạch hoặc natriclorua 9‰.

+ Thuốc chống nấm: nystatin hoặc daktarin dạng bột hoặc kem bôi miệng.

+ Viêm loét nặng kèm các nốt phỏng coi như sự hoạt hóa HSV: acyclovir .

+ Giảm đau tại chỗ: cepacaine súc miệng, bôi xylocain gel trước khi ăn.",{}
HuongDanChanDoanVaDieuTriBenhTreEm2018_b_n_r_t_g_n.md:10,HuongDanChanDoanVaDieuTriBenhTreEm2018_b_n_r_t_g_n.md,10,723,"+ Giảm đau toàn thân (panadol, codeine hoặc morphine) được chỉ định theo mức độ đau. 1. Freifeld AG, Bow EJ, Sepkowitz KA et al (2011), Clinical Practice Guideline for the Use of Antimicrobial Agents in Neutropenic Patients with Cancer: 2010 Update by the Infectious Diseases Society of America (IDSA Guideline), Clinical Infectious Diseases,52(4): 427- 431 2. Mendes AVA, Sapolnik R, Mendonça N (2007), New guidelines for the clinical management of febrile neutropenia and sepsis in pediatric oncology patients, J Pediatr (Rio J), 83(2 Suppl): S54-63 3. National Comprehensive Cancer Network ( 2018), Prevention and treatment of cancer-related infections , NCCN Guideline Version 1.2018: 16-40 4. Peter G. Pappas,1 Carol A",{}
HuongDanChanDoanVaDieuTriBenhTreEm2018_b_n_r_t_g_n.md:11,HuongDanChanDoanVaDieuTriBenhTreEm2018_b_n_r_t_g_n.md,11,517,". National Comprehensive Cancer Network ( 2018), Prevention and treatment of cancer-related infections , NCCN Guideline Version 1.2018: 16-40 4. Peter G. Pappas,1 Carol A. Kauffman,2 and et al ( 2016), Clinical Practice Guideline for the Management of Candidiasis: 2016 Update by the Infectious Diseases Society of America (IDSA Guidelines), Clinical Infectious Diseases, 62: 1-50 5.Philip Lanzkowsky (2000), Management of Infectious Complications,Manual of Pediatric Hematology and Oncology, 3rd Edition, : 677 – 691",{}
HuongDanChanDoanVaDieuTriBenhTreEm2018_b_n_r_t_g_n.md:12,HuongDanChanDoanVaDieuTriBenhTreEm2018_b_n_r_t_g_n.md,12,856,"PHÁC ĐỒ ĐIỀU TRỊ SUY TỦY XƢƠNG MẮC PHẢI

PGS.TS. Bùi Văn Viên

TS. Nguyễn Thị Hương Mai 1. ĐẠI CƢƠNG

Suy tủy xương (STX) là tình trạng bệnh lý của tế bào gốc tạo máu gây ra hậu quả tủy xương không sản sinh được đầy đủ các dòng tế bào dẫn đến giảm hồng cầu, bạch cầu, và tiểu cầu ở máu ngoại biên. Nguyên nhân có thể do bẩm sinh (20%) hoặc mắc phải (80%). STX mắc phải có thể tìm được nguyên nhân như tia xạ, hóa chất, virus… hoặc không rõ nguyên nhân chiếm 60-70% trường hợp. Cho đến nay cơ chế bệnh sinh STX mắc phải còn nhiều tranh cãi, nhưng đa số các nghiên cứu cho rằng đây là bệnh tự miễn dịch. Dựa trên giả thuyết này, hai phương pháp điều trị bệnh STX mắc phải được sử dụng nhiều nhất hiện nay là thuốc ƯCMD và ghép TBG đồng loại Trong phạm vi bài này chúng tôi giới thiệu phác đồ điều trị STX toàn bộ mắc phải. 2. CHẨN ĐOÁN XÁC ĐỊNH 2.1. Lâm sàng",{}
HuongDanChanDoanVaDieuTriBenhTreEm2018_b_n_r_t_g_n.md:13,HuongDanChanDoanVaDieuTriBenhTreEm2018_b_n_r_t_g_n.md,13,839,"- Thiếu máu xảy ra từ từ, ngày càng nặng và khó hồi phục bằng truyền máu. - Mức độ thiếu máu nặng hơn mức độ xuất huyết.

- Xuất huyết do giảm tiểu cầu.

- Có thể sốt và nhiễm khuẩn.

- Không có gan lách hạch to.

- Không có dị dạng cơ thể 2.2. Huyết đồ

Cần ít nhất 2/3 tiêu chuẩn sau: Hb < 100g/l, TC < 50 G/l, BCTT < 1,5 G/l 2.3. Tủy đồ

Có số lượng tế bào tủy giảm. Các dòng HC, BC hạt và mẫu TC giảm. Hoặc Sinh thiết tủy thấy tủy mỡ hóa và nghèo tế bào. 3. XÉT NGHIỆM THĂM DÕ KHÁC TÌM NGUYÊN NHÂN

- Phân tích chromosome: test đứt gẫy chromosome loại trừ Fanconi

- Flow cytometry (CD55, CD59) tìm nguyên nhân Huyết sắc tố niệu kịch phát về đêm (PNH).

- Chức năng gan thận.

- Virus: viêm gan A, B và C, EBV, CMV, Parvo virus B19.

- Xét ngiệm đánh giá các bệnh tự miễn: kháng thể kháng nhân, kháng thể kháng DNA.

- CD3, CD4 và CD8.",{}
HuongDanChanDoanVaDieuTriBenhTreEm2018_b_n_r_t_g_n.md:14,HuongDanChanDoanVaDieuTriBenhTreEm2018_b_n_r_t_g_n.md,14,802,"- Virus: viêm gan A, B và C, EBV, CMV, Parvo virus B19.

- Xét ngiệm đánh giá các bệnh tự miễn: kháng thể kháng nhân, kháng thể kháng DNA.

- CD3, CD4 và CD8.

- Nặ ng: Số lượng tế bà o tủ y xương < 30 G/l. Máu ngoại vi có 2/3 tiêu chuẩ n sau: BCTT < 0,5G/l, TC < 20G/ l, HCL < 20 G/l.

- Rấ t nặ ng: Như suy tủ y nặ ng nhưng BCTT < 0,2G/l.

- Không nặ ng: không đủ tiêu chuẩ n suy tủ y nặ ng/ rất nặng trên.

Lưu ý: Bệnh nhân STX nặng/rất nặng đều phụ thuộc truyền máu. Bệnh nhân STX không nặng có thể phụ thuộc hay không phụ thuộc truyền máu. 5. ĐIỀU TRỊ 5.1. Điều trị đặc hiệu 5.1.1. Nguyên tắc điều trị

- Suy tủ y không nặ ng:

+ Theo dõ i sá t và điề u trị hỗ trợ .

+ Nế u phá t triể n STX nặ ng hoặ c không nặng nhưng phụ thuộc truyền máu thì điều trị như STX nặng.",{}
HuongDanChanDoanVaDieuTriBenhTreEm2018_b_n_r_t_g_n.md:15,HuongDanChanDoanVaDieuTriBenhTreEm2018_b_n_r_t_g_n.md,15,303,"+ Theo dõ i sá t và điề u trị hỗ trợ .

+ Nế u phá t triể n STX nặ ng hoặ c không nặng nhưng phụ thuộc truyền máu thì điều trị như STX nặng.

- Suy tủ y nặ ng / rất nặng: Cần phải tiến hành điều trị đặc hiệu càng sớm càng tốt. Trình tự ưu tiên lựa chọn phác đồ điều trị như sơ đồ dưới đây:",{}
HuongDanChanDoanVaDieuTriBenhTreEm2018_b_n_r_t_g_n.md:16,HuongDanChanDoanVaDieuTriBenhTreEm2018_b_n_r_t_g_n.md,16,816,"MỨC ĐỘ SUY TỦY ▪ Nặng/ Rất nặng ▪ Không nặng, phụ thuộc truyền máu Ngƣời cho cùng huyết thống phù hợp HLA Ghép TBGTM cùng huyết thống ATG ngựa + CSA Đánh giá đáp ứng sau 6 tháng • Giảm liều CSA sau 12 tháng đáp ứng, giảm chậm từ từ rồi ngừng. • Theo dõi lâu dài Ngƣời cho không cùng huyết thống phù hợp Ghép TBGTM không cùng huyết thống • Lặp lại ATG thỏ/ngựa + CSA • Hoặc Alemtuzumab • Hoặc Cyclophosphamide Đánh giá đáp ứng sau 6 tháng Ghép TBGTM - Không phù hợp HLA, không cùng huyết thống - Nửa thuận hợp (Haploidentical) - Máu cuống rốn. Không ghép TBGTM - Androgen (thử 12 tuần) - G- C8F + EPO (thử 12 tuần) - Điều trị hỗ trợ (truyền chế phẩm máu) - Điều trị thử nghiệm một số loại thuốc ƯCMD mới, eltrombobag… Có Có Có Không Không Không Có Không

5.1.2. Phƣơng phá p ƣ́ c chế miễ n dịch bằ ng ATG và CSA",{}
HuongDanChanDoanVaDieuTriBenhTreEm2018_b_n_r_t_g_n.md:17,HuongDanChanDoanVaDieuTriBenhTreEm2018_b_n_r_t_g_n.md,17,774,"5.1.2. Phƣơng phá p ƣ́ c chế miễ n dịch bằ ng ATG và CSA

(1) ATG (Thymogram) 40 mg/kg/ngày, pha với dung dịch NaCl 0,9% (đảm bảo nồng độ < 4mg/ml) truyền tĩnh mạch trong 5 ngày từ ngày 1-5. Thử phản ứng bằng cách tiêm máy chậm 10- 20 ml/h, sau đó nếu không có phản ứng tăng tốc độ truyền, liên tục 8 – 12 giờ/ngày.

(2) CSA 6mg/kg/ngày, chia làm 2 lần cách nhau 12h từ ngà y 1. Kiểm tra nồng độ CSA 72h sau khi dùng liều CSA đầu tiên. Duy trì nồng độ CSA huyết thanh 100-150 ng/ml. CSA cần dùng liên tục trong 6-12 tháng để đánh giá đáp ứng, có thể ngừng thuốc sau đó nếu không có đáp ứng điều trị. Nếu bệnh nhân có đáp ứng, thì sau 12 tháng tính từ khi bắt đầu có đáp ứng sẽ giảm dần liều dần mỗ i 25mg/1-2 tháng rồ i mới ngừng hẳn, để giảm nguy cơ tái phát STX.",{}
HuongDanChanDoanVaDieuTriBenhTreEm2018_b_n_r_t_g_n.md:18,HuongDanChanDoanVaDieuTriBenhTreEm2018_b_n_r_t_g_n.md,18,848,"(3) Pipolphen 0,5 – 1 mg/kg, tĩnh mạch chậm 30 phút (× 3 lần/ngày) + Solumedrol 1-2 mg/kg, tĩnh mạch (× 2 lần/ngày) + Paracetamol 10-15 mg/kg uống (× 3 lần/ngày) để phòng bệnh huyết thanh, liều đầu tiên trong ngày dùng trước khi truyền ATG 1 h, cho trong 5 ngày. Sau đó tiếp tục prednisolon uống ngày 6-14, giảm liều dần và ngưng trong 2 tuần.

(4) G-CSF 5µg/kg/ngày tiêm dưới da khi BC hạt < 0,5 G/l, đến khi BC hạt >1 G/l thì dừng.

(5) Biseptol cho liều 5 mg/kg/ngày trimethoprim, chia 2 lần, cách nhật + Levofloxacin(Ciprobay) 500 mg/ngày + Fluconazol 3-5 mg/kg/ngày để dự phòng nhiễm Pneumocystis carinii, vi khuẩn và nấm, cho đến ngày 21.

Sau 6 tháng kể từ ngày 1 của ATG, nếu đánh giá bệnh nhân không đáp ứng sẽ có chỉ định dùng ATG đợt 2 tương tự (ngựa/thỏ). 5.2. Điều trị hỗ trợ

- Chống thiếu máu: truyền KHC để duy trì lượng Hb >80 g/L.",{}
HuongDanChanDoanVaDieuTriBenhTreEm2018_b_n_r_t_g_n.md:19,HuongDanChanDoanVaDieuTriBenhTreEm2018_b_n_r_t_g_n.md,19,885,"- Chống thiếu máu: truyền KHC để duy trì lượng Hb >80 g/L.

- Phòng chảy máu các bộ phận nguy hiểm: Chỉ định truyền KTC khi TC < 10 G/l nếu không sốt hoặc khi TC < 20G/l nếu có sốt.

- Lưu ý : không nên truyền máu toàn phần mà chỉ truyền thành phần bệnh nhân thiếu như KHC, KTC hay plasma.

- Trong trường hợp có điều kiện ghép tủy, để tránh bệnh mảnh ghép chống vật chủ cần tránh truyền máu của người cho là cha mẹ, anh em, hay người có quan hệ họ hàng với bệnh nhi. Chú ý là tất cả các chế phẩm máu ở trên đều phải được lọc bạch cầu.

- Đề phòng nhiễm khuẩn:

+ Vệ sinh cá nhân, chăm sóc răng miệng, không cặp nhiệt độ ở hậu môn, không để chấn thương da và niêm mạc.

+ Nếu có sốt cần tìm ổ nhiễm khuẩn, cấy các dịch, cho kháng sinh phổ rộng, liều cao. 6. THEO DÕI VÀ ĐÁNH GIÁ ĐÁP ỨNG 6.1. Theo dõi

- Tổng phân tích tế bào máu, Hồng cầu lưới.

- Chức năng gan-thận.

- Nồng độ CSA.",{}
HuongDanChanDoanVaDieuTriBenhTreEm2018_b_n_r_t_g_n.md:20,HuongDanChanDoanVaDieuTriBenhTreEm2018_b_n_r_t_g_n.md,20,874,"- Tổng phân tích tế bào máu, Hồng cầu lưới.

- Chức năng gan-thận.

- Nồng độ CSA.

- CD3, CD4, CD8, tỉ lệ CD4/CD8.

- Làm các xét nghiệm trên các thời điểm 1 tuần, 2 tuần, 3 tháng, 6 tháng và 1 năm. Riêng CSA cứ 1 tuần/lần hay khi có thay đổi về liều trong tháng đầu sau đó 1 tháng/lần. 6.2. Đánh giá đáp ứng

Thường đáp ứng xảy ra sau 3-4 tháng dùng ATG. 6.2.1.Tiêu chuẩn đáp ứng với ATG của suy tủy nặng

- Không đáp ứng: vẫn nặng.

- Đáp ứng một phần: bệnh nhân không phụ thuộc truyền máu nữa.

- Đáp ứng hoàn toàn: Hb về bình thường so với tuổi, BCTT > 1,5 G/l, TC > 150 G/l. 6.2.2.Tiêu chuẩn đáp ứng đối suy tủy không nặng

- Không đáp ứng: xấu đi hay không đạt các tiêu chuẩn đáp ứng hoàn toàn hay một phần dưới đây.

- Đáp ứng một phần:

+ Không phụ thuộc truyền máu (trước đây phụ thuộc truyền máu).

+ Hoặc tăng gấp đôi hay đạt bình thường ít nhất một dòng tế bào.",{}
HuongDanChanDoanVaDieuTriBenhTreEm2018_b_n_r_t_g_n.md:21,HuongDanChanDoanVaDieuTriBenhTreEm2018_b_n_r_t_g_n.md,21,862,"- Đáp ứng một phần:

+ Không phụ thuộc truyền máu (trước đây phụ thuộc truyền máu).

+ Hoặc tăng gấp đôi hay đạt bình thường ít nhất một dòng tế bào.

+ Hoặc tăng Hb cơ bản > 30 g/l (nếu lúc đầu < 60).

+ Hoặc tăng ANC cơ bản > 0,5 G/l (nếu lúc đầu < 0,5).

+ Hoặc tăng tiểu cầu cơ bản > 20 G/l (nếu lúc đầu < 20).

+ Đáp ứng hoàn toàn: tiêu chuẩn như suy tủy nặng ở trên. 7. THEO DÕI LÂU DÀI SAU ĐIỀU TRỊ ATG VÀ CSA

- Tất cả các bệnh nhân đáp ứng điều trị nên được theo dõi các biến chứng muộn như tái phát (25 - 40%) hoặc chuyển biến cụm tế bào thành các bệnh lý huyết học khác bao gồm PNH, MDS hay AML (10-15 %).

- Theo dõi các triệu chứng thiếu máu, xuất huyết, nhiễm trùng xuất hiện trở lại và các xét nghiệm sau:

+ Tổng phân tích tế bào máu, hồng cầu lưới.

+ Tủy đồ, sinh thiết tủy (nếu có giảm tế bào máu): đánh giá xuất hiện STX tái phát hay MDS/AML.",{}
HuongDanChanDoanVaDieuTriBenhTreEm2018_b_n_r_t_g_n.md:22,HuongDanChanDoanVaDieuTriBenhTreEm2018_b_n_r_t_g_n.md,22,883,"+ Tổng phân tích tế bào máu, hồng cầu lưới.

+ Tủy đồ, sinh thiết tủy (nếu có giảm tế bào máu): đánh giá xuất hiện STX tái phát hay MDS/AML.

hay các bất thường NST khác trong MDS.

+ Flow cytometry: tìm thiếu hụt CD55, CD59 trong PNH.

- Các xét nghiệm trên làm vào các thời điểm 6 tháng, 1 năm, sau đó hàng năm.

Phác đồ điều trị tiếp nếu có tái phát hoặc chuyển biến cụm tế bào như sơ đồ sau:

Sơ đồ theo dõi lâu dài STX sau điều trị ATG + CSA

Không đáp ứng - Xem xét ghép TBGTM hoặc - Hóa trị MDS hoặc - Phác đồ thử nghiệm Đáp ứng THEO DÕI LÂU DÀI Phát triển dòng tế bào bất thƣờng Tái phát Lặp lại ƢCMD: -Cyclosporin (thử trong 12 tuần) hoặc - ATG thỏ + Cyclosporin hoặc - Alemtuzumab Bất thƣờng nhiễm sắc thể khác Monosomy 7 Đánh giá MDS Đánh giá lại huyết đồ và theo dõi MDS Theo dõi lâu dài Ngƣời cho không cùng huyết thống phù hợp HLA Xem xét dị ghép không cùng huyết thống",{}
HuongDanChanDoanVaDieuTriBenhTreEm2018_b_n_r_t_g_n.md:23,HuongDanChanDoanVaDieuTriBenhTreEm2018_b_n_r_t_g_n.md,23,849,"Các lựa chọn ghép: - Không cùng huyết thống, không phù hợp HLA - Nửa thuận hợp - Máu cuống rốn Các lựa chọn không ghép: - Androgen (dùng thử 12 tuần) - G-CSF + EPO - Điều trị hỗ trợ (chế phẩm máu) - Điều trị thử nghiệm: ƯCMD khác, eltrombopag… Không Có Không Có

4. Wolfe L. General approach to diagnosis of hemolytic anemia (2011). In: Philip Lanzkowsky (ed). Manual of Pediatric Hematology and Oncology. pp 172-199 5. Zanella.A, Barcellini . W(2014). Treatment of autoimmune hemolytic anemias. Haematologica;99(10).

PHÁC ĐỒ ĐIỀU TRỊ HỘI CHỨNG THỰC BÀO TẾ BÀO MÁU (HLH) TS. Nguyễn Thị Mai Hương 1. ĐẠI CƢƠNG

HLH (Hemophagocytic lymphohistocytosis) là một nhóm các rối loạn biểu hiện chung là sự tăng sinh bất thường và gia tăng hoạt tính tiêu hủy các tế bào máu của các đại thực bào Histocytes. HLH được đặc trưng bởi tình trạng viêm đa hệ thống.",{}
HuongDanChanDoanVaDieuTriBenhTreEm2018_b_n_r_t_g_n.md:24,HuongDanChanDoanVaDieuTriBenhTreEm2018_b_n_r_t_g_n.md,24,882,"Kết quả của bệnh nhân điều trị theo phác đồ HLH – 94 ở 113 bệnh nhân dưới 15 tuổi từ 21 nước trên thế giới có tỷ lệ sống toàn bộ (overall survival) 5 năm là 55%. Năm 1999, đột biến gen 10q21 được tìm thấy có liên quan đến bệnh nhân HLH thể gia đình. Năm 2003, người ta phát hiện ra đột biến hMunc 13 – 4 (17q25). Trong hội chứng liên quan đến nhiễm sắc thể X (XLP), 60 - 70% bệnh nhân có đột biến gen SAP hoặc DSHP. 2. CƠ CHẾ BỆNH SINH

Trong HLH, các triệu chứng lâm sàng xuất hiện là do nồng độ cao và kéo dài của các yếu tố cytokin bị kích hoạt không kiểm soát được từ tế bào lympho T và NK, đại thực bào lưu hành trong hệ tuần hoàn. Gần đây, phân tích về gen đã cho thấy tăng cao IL1b, TNFα, IL - 6, IL - 8 chính điều này đã làm cho cơ

thể không kiểm soát được hoạt đông của tế bào hystocyte, lympho T và làm rối loạn chức năng tiến triển của các cơ quan, tổ chức. 3. PHÂN LOẠI",{}
HuongDanChanDoanVaDieuTriBenhTreEm2018_b_n_r_t_g_n.md:25,HuongDanChanDoanVaDieuTriBenhTreEm2018_b_n_r_t_g_n.md,25,578,"thể không kiểm soát được hoạt đông của tế bào hystocyte, lympho T và làm rối loạn chức năng tiến triển của các cơ quan, tổ chức. 3. PHÂN LOẠI

- Thể tiên phát hay HLH thể gia đình (Familial HLT). Đây là bệnh di truyền lặn trên nhiễm sắc thể thường. Khoảng 20 - 40% trẻ mắc HLH ở thể này. Mặc dù có tên là FHL nhưng thường không có tiền sử gia đình. Tỷ lệ mắc phải ở Thụy Điển là 1.2/1 triệu trẻ/năm (khoảng 1:50.000 trẻ sống). FHL là một bệnh gây tử vong cao nếu không được điều trị trong vòng khoảng 2 tháng sau khi chẩn đoán. Ở Pháp, khoảng 85% trẻ mắc thể FHL là dưới 2 tuổi.",{}
HuongDanChanDoanVaDieuTriBenhTreEm2018_b_n_r_t_g_n.md:26,HuongDanChanDoanVaDieuTriBenhTreEm2018_b_n_r_t_g_n.md,26,862,"- Thể thứ phát hay HLH mắc phải: thể này có biểu hiện của hội chứng hoạt động của đại thực bào với biểu hiện thực bào máu, đây là kết quả của hoạt động miễn dịch quá mức của hện thống thực bào đơn nhân xảy ra sau hay phối hợp với một số bệnh lý nhiễm trùng nặng như nhiễm EBV, CMV, Ecoli, kí sinh trùng, nấm,… và bệnh bạch cầu cấp, u lympho, lupus ban đỏ. 4. BIỂU HIỆN LÂM SÀNG VÀ CHẨN ĐOÁN

Biểu hiện lâm sàng của HLH là sốt, gan lách to và giảm các dòng tế bào máu. Những dấu hiệu khác bao gồm tăng triglycerit, giảm fibrinogen, tăng ferritin, rối loạn chức năng gan. Triệu chứng thần kinh có thể gặp bằng biểu hiện tăng protein dịch não tuỷ. Ngoài ra bệnh HLH còn có các biểu hiện khác như hạch to, ban đỏ ở da, vàng da và phù. 4.1. Tiêu chuẩn chẩn đoán năm 2004: Chẩn đoán xác định là HLH khi có 1 hoặc 2 điều kiện sau

- Chẩn đoán phân tử khẳng định là HLH.",{}
HuongDanChanDoanVaDieuTriBenhTreEm2018_b_n_r_t_g_n.md:27,HuongDanChanDoanVaDieuTriBenhTreEm2018_b_n_r_t_g_n.md,27,866,"- Chẩn đoán phân tử khẳng định là HLH.

- Chẩn đoán là HLH khi có ít nhất 5 trong 8 tiêu chuẩn dưới đây:

- Chẩn đoán ban đầu dựa vào lâm sàng:

+ Sốt.

+ Lách to.

+ Giảm ít nhất 2 trong 3 dòng máu ngoại biên: Hb < 90 g/L; Tiểu cầu <100 G/L; Bạch cầu hạt < 1.0x 109/L (trẻ em < 4 tuần tuổi Hb < 100 g/L).

+ Tăng Triglyceride máu và/ hoặc giảm fibrinogen máu (triglyceride máu ≥ 3 mmol/L; fibrinogen ≤ 1.5 g/L).

+ Tuỷ đồ, lách đồ hoặc hạch đồ có thực bào tế bào máu. Không có bằng chứng của bệnh lý ác tính.

- Tiêu chuẩn chẩn đoán mới:

+ Giảm hoặc mất hoạt động của tế bào NK.

+ Ferritin ≥ 500 µg/L.

+ CD 25 hoà tan (solube IL-2 receptor) ≥ 2400 U/mL. 4.2. Tiêu chuẩn chẩn đoán HLH năm 2009

- Chẩn đoán phân tử khẳng định là HLH hoặc hội chứng thực bào tế bào máu liên quan đến nhiễm sắc thể X.

- Hoặc có ít nhất 3 trong 4 tiêu chuẩn sau:

+ Sốt.

+ Lách to.",{}
HuongDanChanDoanVaDieuTriBenhTreEm2018_b_n_r_t_g_n.md:28,HuongDanChanDoanVaDieuTriBenhTreEm2018_b_n_r_t_g_n.md,28,894,"- Chẩn đoán phân tử khẳng định là HLH hoặc hội chứng thực bào tế bào máu liên quan đến nhiễm sắc thể X.

- Hoặc có ít nhất 3 trong 4 tiêu chuẩn sau:

+ Sốt.

+ Lách to.

+ Giảm ít nất 2 dòng tế bào máu.

+ Viêm gan.

- Và ít nhất 1 trong 4 tiêu chuẩn sau:

+ Thực bào máu.

+ Ferritin tăng.

+ SL2Rα tăng (tuỳ theo tuổi).

+ Mất hoặc giảm chức năng NK.

- Các tiêu chuẩn hỗ trợ chẩn đoán:

+ Tăng triglycerid máu.

+ Giảm fibrinogen máu.

+ Giảm Natri máu. 4.3. Tiêu chuẩn chẩn đoán khi nghi ngờ bệnh nhân mắc HLH

- Dịch não tuỷ đục (có tế bào môn trong dịch não tuỷ) và/hoặc tăng protein dịch não tuỷ.

- Sinh thiết gan thấy có hình ảnh của viêm gan mãn tính.

- Loại trừ các bệnh lao toàn thể.

- Các dấu hiệu lâm sàng và xét nghiệm khác: triệu chứng của não - màng não, hạch ngoại biên to, vàng da, phù, có ban trên da, men gan tăng, giảm protein máu, giảm natri máu, VLDL tăng và HDL giảm.",{}
HuongDanChanDoanVaDieuTriBenhTreEm2018_b_n_r_t_g_n.md:29,HuongDanChanDoanVaDieuTriBenhTreEm2018_b_n_r_t_g_n.md,29,849,"- Không phải tất cả các bệnh nhân đều có đầy đủ tiêu chuẩn chẩn đoán nhưng có một số bệnh nhân có thể có thêm những dấu hiệu khẳng định trong quá trình điều trị thì chúng ta phải điều trị ngay khi nghi ngờ bệnh nhân có mắc HLH. 5. ĐIÈU TRỊ 5.1. Điều trị cấp cứu

- Điều trị ban đầu kéo dài 8 tuần. Liều thuốc được tính theo diện tích da (m2).

- Điều trị trợ giúp sớm và tích cực ngay từ đầu, sử dụng kháng sinh phổ rộng cho đến khi có kết quả cấy máu.

- IVIG 0.5g/kg cân nặng, truyền tĩnh mạch tuần 1 và tuần 4 của điều trị ban đầu.

- Dự phòng cotrimoxazole: 5 mg/kg của trimetoprim, 2- 3 lần/tuần.

- Uống thuốc chống nấm từ tuần 1 đến tuần 9.

- Cân nhắc điều trị thuốc chống virus. 5.2. Điều trị ban đầu

- Dexamethasone:

10 mg/m2 trong 2 tuần đầu.

5 mg/m2 trong 2 tuần tiếp theo.

2.5 mg/m2 trong 2 tuần tiếp theo.

1.25 mg/m2 trong 2 tuần.",{}
HuongDanChanDoanVaDieuTriBenhTreEm2018_b_n_r_t_g_n.md:30,HuongDanChanDoanVaDieuTriBenhTreEm2018_b_n_r_t_g_n.md,30,575,"- Dexamethasone:

10 mg/m2 trong 2 tuần đầu.

5 mg/m2 trong 2 tuần tiếp theo.

2.5 mg/m2 trong 2 tuần tiếp theo.

1.25 mg/m2 trong 2 tuần.

- Etoposide: 150 mg/ m2x 2 lần/tuần trong 2 tuần đầu tiên. Cân nhắc nếu bệnh nhân có bạch cầu hạt < 0.5x 109/L và tế bào tuỷ xương giảm nặng. Từ tuần 3- 8 truyền 1 lần/ tuần.

- Cyclosporine A (Neoral): bắt đầu với liều 6 mg/kg/ngày, chia 2 lần/ngày nếu chức năng thận bình thường. Sau đó điều chỉnh liều để đạt được nồng độ thuốc trong máu đạt khoảng 200 µg/L.

- Tiêm tuỷ sống: dịch não tuỷ được đánh giá lúc chẩn đoán và sau 2 tuần.",{}
HuongDanChanDoanVaDieuTriBenhTreEm2018_b_n_r_t_g_n.md:31,HuongDanChanDoanVaDieuTriBenhTreEm2018_b_n_r_t_g_n.md,31,866,"- Tiêm tuỷ sống: dịch não tuỷ được đánh giá lúc chẩn đoán và sau 2 tuần.

Nếu sau 2 tuần bệnh nhân có xuất hiện các triệu chứng thần kinh hoặc dịch não tuỷ có bất thường về protein và số lượng tế bào thì điều trị tiêm tuỷ sống 4 tuần (1 lần/ tuần). Liều thuốc được tính theo tuổi như sau: Theo tuổi Dƣới 1 tuổi 1- 2tuổi 2- 3 tuổi Trên 3 tuổi Methotrexate 6 mg 8 mg 10 mg 12 mg Prednisolone 4 mg 6 mg 8 mg 10 g 5.3. Điều trị duy trì

Tiếp tục sau điều trị ban đầu với mục đích chính là giữ cho bệnh không tiến triển từ tuần thứ 9 đến tuần thứ 40.

- Etoposide: 150mg/m2x 2 tuần/lần.

- Dexamethasone: 10 mg/m2x 3 ngày (2 tuần dùng 1 đợt).

- Cyclosporine A: duy trì liều để đạt được nồng độ thuốc trong máu khoảng 200 µg/L. 6. THEO DÕI

- Đánh giá đáp ứng điều trị khi sốt giảm, lách nhỏ lại, tiểu cầu ≥100.000/mm3, fibrinogen bình thường, giảm ferritin (khoảng 25%).",{}
HuongDanChanDoanVaDieuTriBenhTreEm2018_b_n_r_t_g_n.md:32,HuongDanChanDoanVaDieuTriBenhTreEm2018_b_n_r_t_g_n.md,32,856,"- Bệnh có biểu hiện tiến triển trở lại khi tăng 3 trong các dấu hiệu sau: sốt, lách to, tiểu cầu <100.000/mm3, tăng triglycerit, Fibrinogen ≤ 1.5 g/l, tăng ferritin, thực bào máu, CD 25 hòa tan ≥ 2400 U/l, dấu hiệu thần kinh mới. 1.Jan- Inge (2004). Hemophagocytic Lymphohistocytois Study Group HLH- 2004. (Phác đồ điều trị HLH- 2004). 2.Filipovich AH (2009). Hemophagocytic lymphohistocytosis (HLH) and relate disorders. American Society of Hematology. 127- 131. 3.Henter JI, Horne A, Arico M et all(2007). HLH- 2004: diagnostic and therapeutic guilines for hemophagocytic lymphohistocytosis. Pediatr blood cancer. 48: 124- 131. 2. Allen CE, Yu X, Kozinetz CA et all(2008). Highly elevated ferritin levels and diagnosisof hemophagocytic lymphohistocytosis. Pediatr Blood Cancer. 50: 1127- 1129. Abstract.

CHẨN ĐOÁN VÀ ĐIỀU TRỊ BỆNH MÔ BÀO LANGERHAN (LCH)",{}
HuongDanChanDoanVaDieuTriBenhTreEm2018_b_n_r_t_g_n.md:33,HuongDanChanDoanVaDieuTriBenhTreEm2018_b_n_r_t_g_n.md,33,648,"CHẨN ĐOÁN VÀ ĐIỀU TRỊ BỆNH MÔ BÀO LANGERHAN (LCH)

TS.Nguyễn Thị Mai Hương ThS. Nguyễn Thị Hà 1.ĐẠI CƢƠNG

Bệnh mô bào Langerhan (LCH) hay còn gọi là bệnh tăng võng, đây là một bệnh hiếm có thể gặp ở bất kỳ lứa tuổi nào. Bệnh do sự tăng sinh và tích lũy bất thường trong tủy xương của dòng tế bào nguồn gốc từ tế bào Langerhan.Những tế bào đuôi gai này cùng với tế bào lympho, tế bào eosin và các mô bào thâm nhiễm là đặc trưng của bệnh có thể tìm thấy ở rất nhiều cơ quan và vị trí khác nhau. Bệnh phân loại nhiều thể lâm sàng bao gồm: bệnh u hạt bạch cầu ưa xít, hội chứng Hand - Schuller - Christian hoặc bệnh Letterer- Siwe. 2. CƠ CHẾ BỆNH SINH",{}
HuongDanChanDoanVaDieuTriBenhTreEm2018_b_n_r_t_g_n.md:34,HuongDanChanDoanVaDieuTriBenhTreEm2018_b_n_r_t_g_n.md,34,847,"Các tế bào LCH tích tụ trong các mô luôn ở trong trạng thái bị kích hoạt và hoạt hóa. Chúng tiết ra nhiều loại cytokin gây ra ―cơn bão cytokin‖. Chính các cytokin gây ra các hiện tượng xơ hóa, hoại tử nguồn gốc của toàn bộ các triệu chứng của bệnh LCH. 3. TRIỆU CHỨNG LÂM SÀNG

- Da: thường là dấu hiệu đầu tiên. Hay gặp sẩn, hồng ban, dạng tiết bã nhờn thay đổi màu sắc từ nâu tới đỏ. Vị trí hay gặp sau tai, nách, bẹn, đáy chậu. Loét nông là tổn thương thứ phát, chảy nước như eczema

- Xương: sưng đau là dấu hiệu đầu tiên thường gặp nhất ở xương sọ, sau đó là xương dài chi trên rồi đến xương dẹt (xương sườn, xương chậu, đốt sống). Sưng phần mềm xung quang xương. Lồi mắt khi tổn thương trần ổ mắt.

- Có thể gặp viêm xương chũm. Khi tổn thương lan sang vùng tai giữa gây phá hủy các xương nhỏ dẫn tới điếc. Khi tổn thương xương hàm (gãy, đau",{}
HuongDanChanDoanVaDieuTriBenhTreEm2018_b_n_r_t_g_n.md:35,HuongDanChanDoanVaDieuTriBenhTreEm2018_b_n_r_t_g_n.md,35,822,"- Có thể gặp viêm xương chũm. Khi tổn thương lan sang vùng tai giữa gây phá hủy các xương nhỏ dẫn tới điếc. Khi tổn thương xương hàm (gãy, đau

xương, răng lung lay, sưng lợi) biểu hiện chủ yếu sưng đau phần mềm vùng lân cận.Tổn thương đốt sống gây xẹp đốt sống.

- Gan, lách, hạch to, có thể gặp vàng da, cổ chướng do suy gan

- Thiếu máu, xuất huyết do suy tủy xương. Thường kết hợp với gan, lách to là yếu tố tiên lượng nặng.

- Tổn thương phổi: thở nhanh, co rút xương sườn là dấu hiệu đầu tiên duy nhất. Theo thời gian tăng số lượng các kén khí ―phổi tổ ong‖ sau đó các túi khí lớn. Tràn khí màng phổi tự phát do vỡ các túi khí. Khí phế thũng, xơ hóa phổi kẽ là giai đoạn cuối của bệnh phổi LCH.

- Chậm tăng cân do kém hấp thu. Dấu hiệu khác như nôn, ỉa chảy (có máu hoặc không) gây ra do bệnh lí ruột do mất protein",{}
HuongDanChanDoanVaDieuTriBenhTreEm2018_b_n_r_t_g_n.md:36,HuongDanChanDoanVaDieuTriBenhTreEm2018_b_n_r_t_g_n.md,36,860,"- Chậm tăng cân do kém hấp thu. Dấu hiệu khác như nôn, ỉa chảy (có máu hoặc không) gây ra do bệnh lí ruột do mất protein

- Đái tháo nhạt là bệnh lí nội tiết thường gặp nhất xảy ra trước, đồng thời hoặc sau các tổn thương nội sọ. Số ít bệnh nhân chậm phát triển do tổn thương tuyến yên trước và thiếu hụt hóc môn

- Khoảng 10% bệnh nhân có dấu hiệu tổn thương thần kinh. Triệu chứng thay đổi từ mất điều hòa, loạn vận ngôn, rung giật nhãn cầu, tăng phản xạ, mờ mắt, liệt các dây thần kinh sọ. 4. CÁC XÉT NGHIỆM CẬN LÂM SÀNG

- Xét nghiệm công thức máu (bạch cầu, tiểu cầu, huyết sắc tố).

- Xét nghiệm chức năng gan (GOT, GPT, γ- GT, bilirubin, protein, albumin).

- Đông máu cơ bản, tủy đồ.

- Chụp X- quang xương sọ, xương dài, xương hàm, x-quang tim phổi.

- Đo tỷ trọng nước tiểu, chức năng thận.

- MRI sọ não khi có dấu hiệu thần kinh.

- Siêu âm ổ bụng.",{}
HuongDanChanDoanVaDieuTriBenhTreEm2018_b_n_r_t_g_n.md:37,HuongDanChanDoanVaDieuTriBenhTreEm2018_b_n_r_t_g_n.md,37,887,"- Chụp X- quang xương sọ, xương dài, xương hàm, x-quang tim phổi.

- Đo tỷ trọng nước tiểu, chức năng thận.

- MRI sọ não khi có dấu hiệu thần kinh.

- Siêu âm ổ bụng.

- Sinh thiết da, hạch, khuyết xương để chẩn đoán xác định bệnh. 5. CHẨN ĐOÁN XÁC ĐỊNH

Dựa vào các triệu chứng lâm sàng, cận lâm sàng, kết quả giải phẫu bệnh sinh thiết có hiện diện của kháng nguyên CD1a trên màng tế bào tổn thương hoặc tìm thấy hạt Birbeck trong tế bào tổn thương dưới kính hiển vi điện tử. 5.1. Phân loại

- Nhóm 1: bệnh nhân tổn thương nhiều cơ quan nguy cơ

+ Khi có một hoặc nhiều hơn cơ quan nguy cơ như: huyết học, gan, lách, phổi.

+ Bệnh nhân với tổn thương đơn độc phổi không được chọn xếp loại

- Nhóm 2: bệnh nhân tổn thương nhiều cơ quan nguy cơ thấp

Bệnh nhân tổn thương nhiều cơ quan nhưng không phải các cơ quan nguy cơ

- Nhóm 3: bệnh tổn thương xương đa ổ và khu trú vị trí đặc biệt",{}
HuongDanChanDoanVaDieuTriBenhTreEm2018_b_n_r_t_g_n.md:38,HuongDanChanDoanVaDieuTriBenhTreEm2018_b_n_r_t_g_n.md,38,837,"Bệnh nhân tổn thương nhiều cơ quan nhưng không phải các cơ quan nguy cơ

- Nhóm 3: bệnh tổn thương xương đa ổ và khu trú vị trí đặc biệt

Bệnh nhân tổn thương xương đa ổ, tổn thương ở hai hoặc nhiều xương khác nhau. Hoặc bệnh nhân tổn thương vị trí đặc biệt như là tổn thương thần kinh trung ương với phồng mô mềm nội sọ hoặc tổn thương cột sống với phồng mô mềm trong cột sống. 6. ĐIỀU TRỊ

Hiện nay LCH vẫn đang được điều trị theo phác đồ LCH - III. Phác đồ LCH- IV vẫn đang trong giai đoạn thử nghiệm. Tuy nhiên gần đây một số bệnh nhân cũng đã được áp dụng phác đồ LCH IV khi bị tái phát. 6.1. Nhóm 1: Bệnh nhân tổn thƣơng nhiều cơ quan nguy cơ

Điều trị tấn công bao gồm một hoặc hai đợt mỗi 6 tuần (tùy theo đáp ứng) và điều trị duy trì. Thời gian của toàn bộ liệu trình là 12 tháng. 6.1.1. Nhánh A 6.1.1.1. Điều trị tấn công đợt 1",{}
HuongDanChanDoanVaDieuTriBenhTreEm2018_b_n_r_t_g_n.md:39,HuongDanChanDoanVaDieuTriBenhTreEm2018_b_n_r_t_g_n.md,39,824,"- Uống prednisolon 40 mg/m2 chia làm 3 lần trong 4 tuần sau đó giảm liều trong vòng 2 tuần.

- Vinblastin 6 mg/m2 tiêm tĩnh mạch ngày 1 của tuần 1,2,3,4,5,6. 6.1.1.2. Điều trị tấn công đợt 2

- Bắt đầu ngay sau điều trị tấn công đợt 1 với bệnh nhân chỉ đáp ứng một phần (AD better). Bệnh nhân đáp ứng hoàn toàn sau điều trị tấn công đợt 1 có thể chuyển sang điều trị duy trì.

- Prednisolon 40mg/m2 uống chia làm 3 từ ngày 1-3 của các tuần từ 7-12.

- Vinblastine 6mg/m2 tiêm tĩnh mạch ngày 1 của tuần 7,8,9,10,11,12. 6.1.1.3. Điều trị duy trì

- Bắt đầu điều trị duy trì từ ngày 1 của tuần 7 với bệnh nhân đáp ứng hoàn toàn (NAD) sau điều trị tấn công đợt 1 hoặc từ ngày 1 của tuần 13 với bệnh nhân đáp ứng 1 phần sau điều trị tấn công đợt 2.

- 6MP uống 50mg/m2 hàng ngày cho tới kết thúc 12 tháng từ khi bắt đầu điều trị.",{}
HuongDanChanDoanVaDieuTriBenhTreEm2018_b_n_r_t_g_n.md:40,HuongDanChanDoanVaDieuTriBenhTreEm2018_b_n_r_t_g_n.md,40,771,"- 6MP uống 50mg/m2 hàng ngày cho tới kết thúc 12 tháng từ khi bắt đầu điều trị.

- Prednisolon: uống 40mg/m2 chia 3 lần từ ngày 1 -5 của mỗi 3 tuần, bắt đầu từ ngày 1 của tuần 7 ở bệnh nhân đáp ứng hoàn toàn sau điều trị tấn công đợt 1 hoặc ngày 1 của tuần 13 ở bệnh nhân đáp ứng hoàn toàn hoặc đáp ứng 1 phần sau điều trị tấn công đợt 2 cho tới kết thúc 12 tháng.

- Vinblastin: 6 mg/m2 tĩnh mạch ngày 1 của mỗi 3 tuần, bắt đầu từ ngày 1 của tuần 7 ở bệnh nhân NAD sau điều trị tấn công đợt 1 hoặc ngày 1 của tuần

tháng. 6.1.2. Nhánh B 6.1.2.1. Điều trị tấn công đợt 1

- Prednisolon: uống 40mg/m2 hàng ngày chia 3 lần trong 4 tuần, giảm liều dần trong vòng 2 tuần.

- Vinblastin: 6mg/m2 tiêm tĩnh mạch ngày của các tuần 1,2,3,4,5,6 trước khi truyền Methotrexate (MTX).",{}
HuongDanChanDoanVaDieuTriBenhTreEm2018_b_n_r_t_g_n.md:41,HuongDanChanDoanVaDieuTriBenhTreEm2018_b_n_r_t_g_n.md,41,891,"- Vinblastin: 6mg/m2 tiêm tĩnh mạch ngày của các tuần 1,2,3,4,5,6 trước khi truyền Methotrexate (MTX).

- MTX: 500 mg/m2 truyền tĩnh mạch 24h. Bắt đầu truyền 1/10 liều MTX trong 30 phút, sau đó 9/10 của liều truyền trong 23h30 phút cùng với 2000 ml/m2 da dịch ½ Glucose+ ½ dung dịch muối sinh lý 0.9%.

- Giải độc bằng acid folinic 12 mg/m2 da đường tiêm tĩnh mạch sau ngừng truyền MTX 24h và 30h. 6.1.2.2. Điều trị tấn công đợt 2

- Bắt đầu ngay sau điều trị tấn công đợt 1 với những bệnh nhân chỉ đáp ứng 1 phần. Bệnh nhân NAD sau điều trị tấn công đợt 1 chuyển sang điều trị duy trì.

- Prednisolon: uống 40 mg/m2 chia 3 lần từ ngày 1-3 hàng tuần từ tuần 7- 12.

- Vinblastin: 6 mg/m2 ngày 1 của các tuần 7,8,9,10,11,12. Tiêm tĩnh mạch trước khi truyền MTX.

- MTX: 500 mg/m2 truyền tĩnh mạch như điều trị tấn công đợt 1. Giải độc bằng axit folinic 12 mg/ m2 da. 6.1.2.3. Điều trị duy trì",{}
HuongDanChanDoanVaDieuTriBenhTreEm2018_b_n_r_t_g_n.md:42,HuongDanChanDoanVaDieuTriBenhTreEm2018_b_n_r_t_g_n.md,42,715,"- MTX: 500 mg/m2 truyền tĩnh mạch như điều trị tấn công đợt 1. Giải độc bằng axit folinic 12 mg/ m2 da. 6.1.2.3. Điều trị duy trì

- 6MP uống 50mg/m2 hàng ngày cho tới kết thúc 12 tháng từ khi bắt đầu điều trị.

- Prednisolon: uống 40mg/m2 chia 3 lần từ ngày 1 -5 của mỗi 3 tuần, bắt đầu từ ngày 1 của tuần 7 ở bệnh nhân NAD sau điều trị tấn công đợt 1 hoặc ngày 1 của tuần 13 ở bệnh nhân đáp ứng 1 phần sau điều trị tấn công đợt 2 cho tới kết thúc 12 tháng.

- Vinblastin: 6 mg/m2 tĩnh mạch ngày 1 của mỗi 3 tuần, bắt đầu từ ngày 1 của tuần 7 ở bệnh nhân NAD sau điều trị tấn công đợt 1 hoặc ngày 1 của tuần tháng

- MTX: uống 20 mg/m2 da, một tuần một lần cho tới kết thúc 12 tháng. 6.2. Nhóm 2: Nhóm nguy cơ thấp",{}
HuongDanChanDoanVaDieuTriBenhTreEm2018_b_n_r_t_g_n.md:43,HuongDanChanDoanVaDieuTriBenhTreEm2018_b_n_r_t_g_n.md,43,878,"- MTX: uống 20 mg/m2 da, một tuần một lần cho tới kết thúc 12 tháng. 6.2. Nhóm 2: Nhóm nguy cơ thấp

Điều trị bao gồm điều trị tấn công đợt 1 kéo dài 6 tuần (điều trị tấn công đợt 2 chỉ cho những bệnh nhân bệnh tồn tại dai dẳng hoặc tiến triển) và điều trị duy trì. Toàn bộ quá trình điều trị kéo dài 6 hoặc 12 tháng.

Phác đồ tương tự nhánh A của nhóm 1 6.3. Nhóm 3: Bệnh tổn thƣơng xƣơng đa ổ hoặc vị trí đặc biệt

Điều trị bao gồm điều trị tấn công 6 tuần (điều trị tấn công đợt 2 chỉ cho những bệnh nhân bệnh dai dẳng hoặc tiến triển) và điều trị duy trì. Toàn bộ quá trình điều trị là 6 tháng. Phác đồ tương tự nhánh A của nhóm 1. 6.4. Điều trị hỗ trợ

- Sulphamethoxazole/trimethoprime: uống phòng nhiễm Pneumocystis carinii, 5 mg/kg/ngày của trimethoprime, 3 ngày/tuần. Truyền hồng cầu, tiểu cầu.

- G-CSF: dùng tĩnh mạch hoặc dưới da khi giảm bạch cầu trung tính kéo dài",{}
HuongDanChanDoanVaDieuTriMotSoBenhLyHuyetHoc_B_n_r_t_g_n.md:0,HuongDanChanDoanVaDieuTriMotSoBenhLyHuyetHoc_B_n_r_t_g_n.md,0,37,20. LƠ XÊ MI CẤP (Bệnh bạch cầu cấp),{}
HuongDanChanDoanVaDieuTriMotSoBenhLyHuyetHoc_B_n_r_t_g_n.md:1,HuongDanChanDoanVaDieuTriMotSoBenhLyHuyetHoc_B_n_r_t_g_n.md,1,894,"1. ĐẠI CƯƠNG Lơ xê mi (LXM) cấp là một nhóm bệnh máu ác tính, có đặc trưng là sự tăng sinh một loại tế bào non - ác tính (tế bào blast), nguồn gốc tại tuỷ xương. Có nhiều yếu tố nguy cơ làm tăng tỷ lệ mắc lơ xê mi cấp, như: Tia xạ; hoá chất; virus HTLV1, HTLV2; yếu tố di truyền; lơ xê mi cấp thứ phát sau hội chứng rối loạn sinh tủy (MDS), các bệnh tăng sinh tủy ác tính (MPNs), sau dùng thuốc hóa chất. 2. CHẨN ĐOÁN 2.1. Triệu chứng lâm sàng - Hội chứng thiếu máu. - Hội chứng xuất huyết: Thường do giảm tiểu cầu, xuất huyết tự nhiên, hay gặp ở da - niêm mạc, nặng hơn có thể gặp xuất huyết nội tạng. Đông máu rải rác trong lòng mạch (DIC), đặc biệt hay gặp trong lơ xê mi tiền tủy bào cấp. - Hội chứng nhiễm trùng: Sốt, viêm loét miệng họng, viêm phổi, nhiễm trùng da... - Hội chứng thâm nhiễm: Gan, lách, hạch to, phì đại lợi, thâm nhiễm da, thâm nhiễm thần kinh trung ương..",{}
HuongDanChanDoanVaDieuTriMotSoBenhLyHuyetHoc_B_n_r_t_g_n.md:2,HuongDanChanDoanVaDieuTriMotSoBenhLyHuyetHoc_B_n_r_t_g_n.md,2,878,". - Hội chứng thâm nhiễm: Gan, lách, hạch to, phì đại lợi, thâm nhiễm da, thâm nhiễm thần kinh trung ương... - Có thể gặp triệu chứng tắc mạch do tăng bạch cầu. - Biểu hiện toàn thân do bệnh lý ác tính: Mệt mỏi, gầy sút, suy sụp nhanh. 2.2. Triệu chứng xét nghiệm a. Xét nghiệm tế bào máu ngoại vi - Thiếu máu bình sắc, hồng cầu kích thước bình thường, hồng cầu lưới giảm. - Bạch cầu thường tăng, nhưng có thể bình thường hoặc giảm, gặp một tỷ lệ tế bào non (tế bào blast) ác tính. - Số lượng tiểu cầu giảm. b. Xét nghiệm tủy xương - Tuỷ đồ là xét nghiệm quyết định chẩn đoán, cho thấy các tế bào blast chiếm tỷ lệ ≥ 20% các tế bào có nhân trong tủy; các dòng hồng cầu, bạch cầu hạt và mẫu tiểu cầu bị lấn át bởi tế bào blast. - Sinh thiết tuỷ xương được chỉ định trong trường hợp chọc hút tuỷ không chẩn đoán xác định được do tủy nghèo tế bào thấy ổ tế bào blast. c",{}
HuongDanChanDoanVaDieuTriMotSoBenhLyHuyetHoc_B_n_r_t_g_n.md:3,HuongDanChanDoanVaDieuTriMotSoBenhLyHuyetHoc_B_n_r_t_g_n.md,3,577,". - Sinh thiết tuỷ xương được chỉ định trong trường hợp chọc hút tuỷ không chẩn đoán xác định được do tủy nghèo tế bào thấy ổ tế bào blast. c. Xét nghiệm miễn dịch phát hiện dấu ấn của tế bào non - ác tính - Nhuộm hóa học tế bào sử dụng dịch hút tủy xương: Peroxidase, sudan đen, PAS. - Phân tích biểu hiện kháng nguyên tế bào blast (CD) bằng kỹ thuật đếm tế bào dòng chảy (flow cytometry). d. Xét nghiệm nhiễm sắc thể và gen có thể gặp một số bất thường: - Phân tích công thức NST tủy xương. - Phân tích các đột biến gen. ngoctlv.kcb_Truong Le Van Ngoc_04/07/2022 08:49:53",{}
HuongDanChanDoanVaDieuTriMotSoBenhLyHuyetHoc_B_n_r_t_g_n.md:4,HuongDanChanDoanVaDieuTriMotSoBenhLyHuyetHoc_B_n_r_t_g_n.md,4,737,"- Với LXM tủy cấp cần làm các đột biến sau: c-KIT, FLT3-ITD, FLT3-TKD, NPM1, CEBPA, IDH1, IDH2, ASXL1, TP53, RUNX1-RUNXT1, CBFB-MYH11, MLLT3-KMT2A, GATA2… - Với LXM lympho cấp (acute lymphoblastic leukemia - ALL): NST Ph - t(9;22) và/hoặc gen bcr-abl, t(4;11), t(1;19), t(12;21), t(11;19)… hoặc tái tổ hợp gen MLL, tái sắp xếp gen KMT2A, đột biến ETV6-RUNX1... e. Xét nghiệm hóa sinh Chức năng gan thận, điện giải đồ, calci, phospho, LDH, aicd uric để phát hiện hội chứng tiêu khối u. f. Xét nghiệm các virus Viêm gan B, viêm gan C, HIV, CMV. g. Chụp cắt lớp vi tính hoặc cộng hưởng từ sọ não: Nếu có triệu chứng thần kinh. h. Xét nghiệm dịch não tủy: Để phát hiện thâm nhiễm thần kinh trung ương (đặc biệt trong LXM lympho cấp). i",{}
HuongDanChanDoanVaDieuTriMotSoBenhLyHuyetHoc_B_n_r_t_g_n.md:5,HuongDanChanDoanVaDieuTriMotSoBenhLyHuyetHoc_B_n_r_t_g_n.md,5,888,". h. Xét nghiệm dịch não tủy: Để phát hiện thâm nhiễm thần kinh trung ương (đặc biệt trong LXM lympho cấp). i. Điện tâm đồ và siêu âm tim: Đánh giá chức năng tâm thu thất trái (đặc biệt với với các bệnh nhân có tiền sử bệnh tim mạch hoặc sẽ điều trị bằng nhóm thuốc anthracycline hoặc tia xạ vùng ngực). j. Xét nghiệm HLA: Cho bệnh nhân để tìm nguồn tế bào gốc phù hợp cho ghép tế bào gốc đồng loài. 2.3. Tiêu chuẩn chẩn đoán 2.3.1. Chẩn đoán xác định - Dựa vào triệu chứng lâm sàng điển hình của bệnh. - Xét nghiệm tuỷ đồ thấy tế bào blast  20% tế bào có nhân trong tuỷ. 2.3.2. Chẩn đoán thể bệnh và xếp loại lơ xê mi cấp Chẩn đoán thể bệnh lơ xê mi cấp dựa vào các bảng xếp loại của WHO và FAB. 2.3.2.1. Xếp loại lơ xê mi tủy cấp (Bạch cầu cấp dòng tủy) - Xếp loại lơ xê mi tủy cấp theo FAB 1986 có bổ sung. - Kết hợp miễn dịch chia thành 8 thể, từ M0 đến M7 (bảng 18). Bảng 18",{}
HuongDanChanDoanVaDieuTriMotSoBenhLyHuyetHoc_B_n_r_t_g_n.md:6,HuongDanChanDoanVaDieuTriMotSoBenhLyHuyetHoc_B_n_r_t_g_n.md,6,231,". Xếp loại lơ xê mi tủy cấp (Bạch cầu cấp dòng tủy) - Xếp loại lơ xê mi tủy cấp theo FAB 1986 có bổ sung. - Kết hợp miễn dịch chia thành 8 thể, từ M0 đến M7 (bảng 18). Bảng 18. Xếp loại LXM tủy cấp theo FAB kết hợp dấu ấn miễn dịch",{}
HuongDanChanDoanVaDieuTriMotSoBenhLyHuyetHoc_B_n_r_t_g_n.md:7,HuongDanChanDoanVaDieuTriMotSoBenhLyHuyetHoc_B_n_r_t_g_n.md,7,389,"Thể bệnh Đặc điểm hình thái, hoá học tế bào Dấu ấn miễn dịch M0 Tế bào non chưa biệt hóa 90% các tế bào có nhân không thuộc dòng hồng cầu, không có thể Auer, <3% MPO+ CD34+ M1 Tế bào non chưa trưởng thành dòng tủy 90% các tế bào có nhân không thuộc dòng hồng cầu, hiếm gặp thể Auer,  3% MPO+ HLA-DR, CD13, CD33, CD15, CD11± ngoctlv.kcb_Truong Le Van Ngoc_04/07/2022 08:49:53",{}
HuongDanChanDoanVaDieuTriMotSoBenhLyHuyetHoc_B_n_r_t_g_n.md:8,HuongDanChanDoanVaDieuTriMotSoBenhLyHuyetHoc_B_n_r_t_g_n.md,8,599,"Thể bệnh Đặc điểm hình thái, hoá học tế bào Dấu ấn miễn dịch M2 Tế bào non đầu dòng tủy < 90% các tế bào có nhân không thuộc dòng hồng cầu, nhiều thể Auer HLA-DR, CD13, CD33, CD15, CD11± M3 Lơ xê mi tiền tủy bào cấp Dưới nhóm: M3v CD33, CD13, CD15, CD11 M4 Lơ xê mi tủy-mono cấp Dưới nhóm: M4eo HLA-DR, CD34±, CD33, CD15±, CD14, CD64, CD11 M5 Lơ xê mi mono cấp HLA-DR, CD34±, CD33, CD15±, CD14, CD64, CD11 M6 > 80% là các tiền thân hồng cầu ≥ 30% là các nguyên tiền hồng cầu tỷ lệ blast dòng tủy < 20% Glycophorin A M7 ≥ 50% blast thuộc dòng mẫu tiểu cầu HLA-DR, CD61, CD42, CD34±, CD33±",{}
HuongDanChanDoanVaDieuTriMotSoBenhLyHuyetHoc_B_n_r_t_g_n.md:9,HuongDanChanDoanVaDieuTriMotSoBenhLyHuyetHoc_B_n_r_t_g_n.md,9,847,"Xếp loại lơ xê mi tủy cấp theo Tổ chức Y tế thế giới (WHO) 2016 a. LXM tủy cấp có kèm theo bất thường vật chất di truyền tái diễn - LXM tủy cấp với t(8;21)(q22;q22); gen RUNX1-RUNX1T1. - LXM tủy cấp với inv(16)(p13.1;q22) hoặc t(16;16)(p13.1;q22); gen CBFβ/MYH11. - LXM cấp thể tiền tủy bào với gen PML/RARα. - LXM tủy cấp với t(9;11)(p22;q23); gen MLLT3/KMT2A. - LXM tủy cấp với t(6;9)(p23;q34); gen DEK/NUP214. - LXM tủy cấp với inv(3)(q21;q26.2) hoặc t(3;3)(q21.3;q26.2); gen GATA2, MECOM. - LXM tủy cấp (dòng mẫu tiểu cầu) với t(1;22)(p13;q13); gen RBM15-MKL1. - Thể để xuất bổ sung LXM tủy cấp với BCR-ABL1. - LXM tủy cấp có biến đổi gen NPM1. - LXM tủy cấp có biến đổi gen CEBPA. - Thể đề xuất bổ sung LXM tủy cấpvới đột biến RUNX1. b. LXM tủy cấp có liên quan với hội chứng rối loạn sinh tủy. c. LXM tủy cấp có liên quan đến điều trị. d",{}
HuongDanChanDoanVaDieuTriMotSoBenhLyHuyetHoc_B_n_r_t_g_n.md:10,HuongDanChanDoanVaDieuTriMotSoBenhLyHuyetHoc_B_n_r_t_g_n.md,10,435,. - Thể đề xuất bổ sung LXM tủy cấpvới đột biến RUNX1. b. LXM tủy cấp có liên quan với hội chứng rối loạn sinh tủy. c. LXM tủy cấp có liên quan đến điều trị. d. LXM tủy cấp không xếp loại được theo các cách khác - LXM tủy cấp có sự biệt hóa tối thiểu. - LXM tủy cấp không có sự trưởng thành. - LXM cấp dòng tuỷ có sự trưởng thành. - LXM cấp tủy-mono. - LXM cấp mono/nguyên bào mono. ngoctlv.kcb_Truong Le Van Ngoc_04/07/2022 08:49:53,{}
HuongDanChanDoanVaDieuTriMotSoBenhLyHuyetHoc_B_n_r_t_g_n.md:11,HuongDanChanDoanVaDieuTriMotSoBenhLyHuyetHoc_B_n_r_t_g_n.md,11,811,"- LXM cấp dòng hồng cầu. - LXM cấp dòng mẫu tiểu cầu. - LXM cấp dòng bạch cầu hạt ưa base. - Tăng tế bào tủy cấp kèm theo xơ tủy. e. Sarcoma tủy. f. Tăng sinh dòng tủy có liên quan đến hội chứng Down - Sinh tủy bất thường thoáng qua (transient abnormal myelopoiesis - TAM). - LXM tủy cấp liên quan đến hội chứng Down. g. Tân sản tế bào tua non dạng tương bào. h. LXM cấp hỗn hợp dòng - LXM cấp tế bào không biệt hóa. - LXM cấp kiểu hình hỗn hợp (mixed phenotype acute leukemia - MPAL) với t(9;22)(q34.1;q11.2); gen BCR-ABL1. - MPAL dòng tế bào B/tủy, không phân loại được theo cách khác. - MPAL dòng tế bào T/tủy, không phân loại được theo cách khác. 2.3.2.2. Xếp loại LXM lympho cấp (Bạch cầu cấp dòng lympho). a. Xếp loại LXM lympho cấp theo FAB: chia 3 thể Bảng 19. Xếp loại LXM lympho cấp theo FAB 1986",{}
HuongDanChanDoanVaDieuTriMotSoBenhLyHuyetHoc_B_n_r_t_g_n.md:12,HuongDanChanDoanVaDieuTriMotSoBenhLyHuyetHoc_B_n_r_t_g_n.md,12,881,"Thể bệnh theo FAB Đặc điểm hình thái tế bào - ALL thể L1 Các tế bào có kích thước nhỏ, đồng đều - ALL thể L2 Các tế bào có kích thước lớn; to nhỏ không đồng đều - ALL thể L3 Các tế bào có kích thước lớn, nhiều hốc trong nguyên sinh chất b. Xếp loại LXM lympho cấp theo WHO 2016 Đặc điểm dấu ấn miễn dịch theo dòng lympho B và T Bảng 20. Xếp loại LXM lympho cấp (Acute lymphoblastic leukemia-ALL) theo đặc trưng dấu ấn miễn dịch Thể bệnh Đặc điểm dấu ấn miễn dịch Dòng lympho B ALL tế bào B sớm (pro-B) CD 19 (+), CD79a (+), CD22 (+), TdT (+), CD10 (-), sIg (-) ALL tế bào tiền B (pre-B) CD 19 (+), CD79a (+), CD22 (+), cIg (+), CD10 (+) [CD10 còn gọi là kháng nguyên B phổ biến (Common B ALL antigen - CALLA)] ALL tế bào B trưởng thành (mature B/Burkitt) TdT (-), sIg (+) ALL tế bào T sớm (pro-T) cCD3 (+), CD7 (+), TdT (+) ngoctlv.kcb_Truong Le Van Ngoc_04/07/2022 08:49:53",{}
HuongDanChanDoanVaDieuTriMotSoBenhLyHuyetHoc_B_n_r_t_g_n.md:13,HuongDanChanDoanVaDieuTriMotSoBenhLyHuyetHoc_B_n_r_t_g_n.md,13,784,"Thể bệnh Đặc điểm dấu ấn miễn dịch Dòng lympho T CD1a (-), CD2 (-), sCD3 (-), CD4 (-), CD8 (-), CD34 (+/-) ALL tế bào tiền T (pre-T) cCD3 (+), CD7 (+), CD2 (+), TdT (+) CD1a (-), CD4 (-), CD8 (-), CD34 (+/-) ALL tế bào T vỏ (cortical T- ALL) cCD3 (+),CD7 (+), CD1a (+), CD2 (+), CD4 (+), CD8 (+), CD34 (-) ALL tế bào T tủy (medullary T-ALL) sCD3 (+), cCD3 (+),CD7 (+), CD1a (-), CD2 (+), CD4 (+) hoặc CD8 (+), CD34 (-) Chú thích: cIG: immunoglobulin bào tương (cytoplasmic); sIg: immunoglobulin bề mặt (surface). - Các thể bệnh LXM lympho cấp theo WHO 2016 (1) LXM cấp/u lympho ác tính dòng tế bào lympho B: + LXM cấp/u lympho ác tính dòng tế bào lympho B không phân loại được theo cách khác. diễn:

+ LXM cấp/u lympho ác tính dòng tế bào lympho B với các biến đổi di truyền tái",{}
HuongDanChanDoanVaDieuTriMotSoBenhLyHuyetHoc_B_n_r_t_g_n.md:14,HuongDanChanDoanVaDieuTriMotSoBenhLyHuyetHoc_B_n_r_t_g_n.md,14,752,+ LXM cấp/u lympho ác tính dòng tế bào lympho B với t(9;22)(q34;q11.2); BCR/ABL1; + LXM cấp/u lympho ác tính dòng tế bào lympho B với t(v;11q23); KMT2A tái tổ hợp; + LXM cấp/u lympho ác tính dòng tế bào lympho B với t(12;21)(p13;q22); ETV6/RUNX1; + LXM cấp/u lympho ác tính dòng tế bào lympho B với biến đổi thêm bội; + LXM cấp/u lympho ác tính dòng tế bào lympho B với biến đổi thiểu bội; + LXM cấp/u lympho ác tính dòng tế bào lympho B với t(5;14)(q31;q32): IL3-IGH; + LXM cấp/u lympho ác tính dòng tế bào lympho B với t(1;19)(q23;p13.3): TCF3- PBX1; + Thể đề xuất bổ sung LXM cấp/u lympho ác tính dòng tế bào lympho B biểu hiện tương tự BCR-ABL (BCR-ABL like); + Thể đề xuất bổ sung LXM cấp/u lympho ác tính dòng tế bào lympho B với iAMP21,{}
HuongDanChanDoanVaDieuTriMotSoBenhLyHuyetHoc_B_n_r_t_g_n.md:15,HuongDanChanDoanVaDieuTriMotSoBenhLyHuyetHoc_B_n_r_t_g_n.md,15,308,. (2) LXM cấp/u lympho ác tính dòng tế bào lympho T: + Thể đề xuất bổ sung: LXM cấp/u lympho ác tính dòng tế bào tiền thân T sớm (early T-cell precursor). (3) Thể đề xuất bổ sung: LXM cấp/u lympho ác tính dòng tế bào lympho NK. 2.3.3. Chẩn đoán phân biệt ngoctlv.kcb_Truong Le Van Ngoc_04/07/2022 08:49:53,{}
HuongDanChanDoanVaDieuTriMotSoBenhLyHuyetHoc_B_n_r_t_g_n.md:16,HuongDanChanDoanVaDieuTriMotSoBenhLyHuyetHoc_B_n_r_t_g_n.md,16,846,"Lơ xê mi cấp cần được chẩn đoán phân biệt với phản ứng giả lơ xê mi gặp trong nhiễm trùng, ung thư di căn tủy xương, hội chứng rối loạn sinh tủy (MDS), các bệnh tăng sinh tủy ác tính (MPNs)… Phân biệt bằng kết hợp các triệu chứng lâm sàng, xét nghiệm tiêu chuẩn chẩn đoán lơ xê mi nêu trên. 3. ĐIỀU TRỊ LƠ XÊ MI CẤP - Điều trị Lơ xê mi cấp là một phương pháp điều trị chuyên khoa sâu. Do đó, việc điều trị chỉ có thể được thực hiện ở các cơ sở chuyên ngành huyết học, do bác sĩ được đào tạo chuyên ngành huyết học và có kinh nghiệm điều trị hóa chất/ ghép tế bào gốc tạo máu thực hiện. - Các cơ sở y tế không chuyên khoa huyết học chủ yếu thực hiện việc phát hiện, chẩn đoán bệnh, điều trị ban đầu trước khi chuyển tuyến chuyên khoa, cũng như theo dõi người bệnh ngoại trú giữa các đợt điều trị hóa chất và sau khi ghép tế bào gốc tạo máu",{}
HuongDanChanDoanVaDieuTriMotSoBenhLyHuyetHoc_B_n_r_t_g_n.md:17,HuongDanChanDoanVaDieuTriMotSoBenhLyHuyetHoc_B_n_r_t_g_n.md,17,304,". - Do vậy, trong bài này chúng tôi chỉ mô tả nguyên tắc điều trị, nguyên tắc theo dõi điều trị và một số phác đồ điều trị thường dùng để tham khảo. 3.1. Điều trị lơ xê mi tủy cấp (Acute myeloblastic leukemia-AML) không phải thể tiền tủy bào (APL) 3.1.1. Phân nhóm tiên lượng theo bất thường NST và gen",{}
HuongDanChanDoanVaDieuTriMotSoBenhLyHuyetHoc_B_n_r_t_g_n.md:18,HuongDanChanDoanVaDieuTriMotSoBenhLyHuyetHoc_B_n_r_t_g_n.md,18,889,"Nhóm tiên lượng Bất thường NST và gen Tốt t(8;21)(q22;q22.1); RUNX1-RUNX1T1 inv(16)(p13.1q22) hoặc t(16 ;16)(p13.1;q22); CBFB-MYH11 Đột biến kép CEBPA Đột biến NPM1 không kèm FLT3-ITD hoặc có FLT3-ITD mức thấp Trung bình Đột biến NPM1 kèm FLT3-ITD mức cao Không có đột biến NPM1 và FLT3-ITD hoặc FLT3-ITD mức thấp (không kèm các tổn thương di truyền xấu khác) t(9;11)(p21.3;q23.3); MLLT3-KMT2A Các bất thường di truyền tế bào không thuộc nhóm xấu hoặc tốt Xấu t(6;9)(p23;q34.1); DEK-NUP214 t(v;11q23.3); tái sắp xếp KMT2A t(9;22)(q34.1;q11.2) ; BCR-ABL1 inv(3)(q21.3q26.2) hoặc t(3;3)(q21.3 ;q26.2); GATA2, MECOM(EVI1) -5 hoặc del(5q); -7 hoặc -17/bất thường 17p Đa tổn thương NST; có NST đơn (monosomies) Đột biến RUNX1 Đột biến ASXL1 Đột biến TP53 3.1.2. Phác đồ hóa trị liệu tiêu chuẩn a. Đối với người bệnh dưới 60 tuổi ngoctlv.kcb_Truong Le Van Ngoc_04/07/2022 08:49:53",{}
HuongDanChanDoanVaDieuTriMotSoBenhLyHuyetHoc_B_n_r_t_g_n.md:19,HuongDanChanDoanVaDieuTriMotSoBenhLyHuyetHoc_B_n_r_t_g_n.md,19,673,"Phác đồ hóa trị liệu tiêu chuẩn bao gồm: Phác đồ tấn công (điều trị cảm ứng) “3+7”, củng cố bằng cytarabin liều cao (Hi-DAC) 4 đợt. Cụ thể như sau: - Phác đồ “3+7”. - Phác đồ cytarabin liều cao (Hi-DAC). - Lơ xê mi mono cấp hoặc tủy-mono hoặc tủy cấp có số lượng bạch cầu lúc chẩn đoán > 50 G/L cần được điều trị dự phòng thâm nhiễm thần kinh trung ương. b. Đối với người bệnh trên 60 tuổi Tùy theo thể trạng người bệnh, có thể sử dụng cytarabin liều thấp (20mg/m2 da tiêm dưới da trong 10 ngày), hoặc phác đồ “3+7” giảm số ngày điều trị (“2+5”), hoặc Decitabine 20mg/m2 da/ngày x 5 ngày, hoặc Azacitidine 75mg/m2 da tiêm tĩnh mạch hoặc dưới da trong 7 ngày. 3.1.3",{}
HuongDanChanDoanVaDieuTriMotSoBenhLyHuyetHoc_B_n_r_t_g_n.md:20,HuongDanChanDoanVaDieuTriMotSoBenhLyHuyetHoc_B_n_r_t_g_n.md,20,766,". 3.1.3. Điều trị LXM tủy cấp tái phát, kháng thuốc Với LXM tủy cấp tái phát hoặc kháng thuốc, có thể sử dụng các phác đồ hóa trị liệu liều cao như phác đồ ADE, MEC, HAM, FLAG ± Daunorubicin hoặc Idarubicin hoặc Mitoxantron, Hi-DAC ± Daunorubicin hoặc Mitoxantron; nên tiến tới ghép đồng loài nếu đủ điều kiện. 3.1.4. Chỉ định ghép tế bào gốc tạo máu đồng loài (chi tiết xin xem bài Ghép tế bào gốc tạo máu) - AML nguy cơ thấp nên được điều trị hóa chất. Ghép tế bào gốc tạo máu đồng loài được chỉ định sau khi tái phát và đã điều trị đạt lui bệnh hoàn toàn lần 2. - AML nguy cơ hoặc cao ít khi đáp ứng tốt với hóa trị liệu vì thế nên chỉ định ghép tế bào gốc tạo máu đồng loài sau lui bệnh hoàn toàn lần 1. 3.2. Điều trị Lơ xê mi cấp thể tiền tủy bào (APL) a",{}
HuongDanChanDoanVaDieuTriMotSoBenhLyHuyetHoc_B_n_r_t_g_n.md:21,HuongDanChanDoanVaDieuTriMotSoBenhLyHuyetHoc_B_n_r_t_g_n.md,21,687,". 3.2. Điều trị Lơ xê mi cấp thể tiền tủy bào (APL) a. Phác đồ CALGB 9710 - Điều trị tấn công: + Người lớn: ATRA (45 mg/m2 da/ngày đến khi lui bệnh hoàn toàn: Tối đa 90 ngày); Trẻ em: ATRA 25mg/m2 da/ngày chia hai lần; + Daunorubicin 50 mg/m2 da/ngày, truyền tĩnh mạch ngày 3-6; + Ara-C 200 mg/m2 da/ngày, truyền tĩnh mạch ngày 3-9. - Điều trị củng cố: 2-3 đợt: + ATRA: Người lớn 45 mg/m2 da/ngày; trẻ em: 25mg/m2 da/ngày (uống ngày 1-7); + Daunorubicin 50 mg/m2 da/ngày, truyền tĩnh mạch ngày 3-5. - Điều trị duy trì: Bằng ATRA 45 mg/m2 da đường uống hàng ngày trong 15 ngày mỗi 3 tháng, mercaptopurine 60 mg/m2 da 1 lần hàng ngày và methotrexate 20 mg/m2 da 1 lần hàng tuần trong 2 năm",{}
HuongDanChanDoanVaDieuTriMotSoBenhLyHuyetHoc_B_n_r_t_g_n.md:22,HuongDanChanDoanVaDieuTriMotSoBenhLyHuyetHoc_B_n_r_t_g_n.md,22,225,". - Đối với Lơ xê mi cấp tiền tủy bào tái phát, lựa chọn điều trị bằng Arsenic trioxide (ATO) với liều: ATO 0,15 mg/kg/ngày đến khi lui bệnh hoàn toàn trong tủy xương, tối đa ngoctlv.kcb_Truong Le Van Ngoc_04/07/2022 08:49:53",{}
HuongDanChanDoanVaDieuTriMotSoBenhLyHuyetHoc_B_n_r_t_g_n.md:23,HuongDanChanDoanVaDieuTriMotSoBenhLyHuyetHoc_B_n_r_t_g_n.md,23,714,"60 liều, trung bình 35 liều. Điều trị củng cố bằng ATO với liều như trên, 25 liều trong vòng 5 tuần. - Đối với người bệnh trên 60 tuổi: Điều trị ATRA đơn độc hoặc ATO. b. Phác đồ theo NCCN Guidelines Version 3.2020 - Nhóm APL nguy cơ thấp (BC máu ngoại vi ≤ 10G/l): + Phác đồ tấn công:  ATRA: 45 mg/m2/ngày, uống chia 2 lần, liên tục đến khi có cải thiện lâm sàng;  ATO: 0,15 mg/kg/ngày, truyền tĩnh mạch ngày 1 lần x 4 tuần. Sau 28 ngày làm lại xét nghiệm tủy, đánh giá lui bệnh trước khi chuyển sang điều trị phác đồ củng cố. + Phác đồ củng cố:  ATRA: 45 mg/m2/ngày, uống chia 2 lần, mỗi đợt uống trong 2 tuần, cách 4 tuần/ đợt x 7 đợt;  ATO: 0,15 mg/kg/ngày x 5 ngày/tuần x 4 tuần, cách 8 tuần/đợt x 4 đợt",{}
HuongDanChanDoanVaDieuTriMotSoBenhLyHuyetHoc_B_n_r_t_g_n.md:24,HuongDanChanDoanVaDieuTriMotSoBenhLyHuyetHoc_B_n_r_t_g_n.md,24,805,". - Nhóm APL nguy cơ cao (BC máu ngoại vi > 10G/l): + Phác đồ tấn công:  ATRA: 45 mg/m2/ngày, uống chia 2 lần, liên tục đến khi có cải thiện lâm sàng;  Daunorubicin: 50 mg/m2 da/ngày, truyền tĩnh mạch ngày 3-6;  Cytarabine: 200 mg/m2 da/ngày, truyền tĩnh mạch ngày 3-9. Sau 28 ngày làm lại xét nghiệm tủy, đánh giá lui bệnh trước khi chuyển sang điều trị phác đồ củng cố. + Phác đồ củng cố:  ATO: 0,15 mg/kg/ngày x 5 ngày/tuần x 5 tuần liên tục/1 đợt, cách 7 tuần/ đợt x 2 đợt. + Sau đó điều trị tiếp 2 đợt:  Daunorubicin: 50 mg/m2 da/ngày, truyền tĩnh mạch ngày 1-3;  ATRA: 45 mg/m2/ngày, uống chia 2 lần, liên tục ngày 1-7. Điều trị duy trì: Sau kết thúc điều trị củng cố xét nghiệm lại tủy, đánh giá lui bệnh, xét nghiệm gen PML/RARα định kỳ, theo dõi khả năng tái phát cho đến tối thiểu là 2 năm",{}
HuongDanChanDoanVaDieuTriMotSoBenhLyHuyetHoc_B_n_r_t_g_n.md:25,HuongDanChanDoanVaDieuTriMotSoBenhLyHuyetHoc_B_n_r_t_g_n.md,25,546,". Điều trị duy trì: Sau kết thúc điều trị củng cố xét nghiệm lại tủy, đánh giá lui bệnh, xét nghiệm gen PML/RARα định kỳ, theo dõi khả năng tái phát cho đến tối thiểu là 2 năm. - Chuyển sang phác đồ điều trị duy trì trong 2 năm cho cả 2 nhóm nguy cơ, sau khi kết thúc điều trị củng cố bằng các thuốc: + ATRA: 45 mg/m2/ngày, uống chia 2 lần, mỗi đợt uống trong 2 tuần, cách 3 tháng/ đợt; + 6-MP: 50mg/m2/ngày, uống hàng ngày; + Methotrexate: 15mg/m2/lần, uống tuần 1 lần. - Điều trị APL tái phát: ngoctlv.kcb_Truong Le Van Ngoc_04/07/2022 08:49:53",{}
HuongDanChanDoanVaDieuTriMotSoBenhLyHuyetHoc_B_n_r_t_g_n.md:26,HuongDanChanDoanVaDieuTriMotSoBenhLyHuyetHoc_B_n_r_t_g_n.md,26,713,"+ Với nhóm bệnh nhân có thời gian tái phát sớm (< 6 tháng), phác đồ đã điều trị trước đó là ATO+ATRA: Dùng phác đồ hóa chất giống như APL nhóm nguy cơ cao điều trị lần đầu, kết hợp tiêm hóa chất nội tủy. Xét ghép tế bào gốc tự thân nếu đạt lui bệnh, gen PML/RARα âm tính, ghép tế bào gốc đồng loài nếu gen PML/RARα dương tính. Nếu không ghép được thì tiếp tục điều trị phác đồ ATO x 6 đợt; + Với nhóm bệnh nhân tái phát điều trị trước đó chưa có ATO, hoặc có thời gian tái phát muộn (≥ 6 tháng), phác đồ đã điều trị trước đó đã có ATO: Dùng phác đồ hóa chất ATRA 45 mg/m2 da/ngày ± ATO 0,15 mg/kg/ngày ± Daunorubicin 60mg/m2 da/ngày x 3 ngày, liên tục đến khi tủy xương hồi phục, kết hợp tiêm hóa chất nội tủy",{}
HuongDanChanDoanVaDieuTriMotSoBenhLyHuyetHoc_B_n_r_t_g_n.md:27,HuongDanChanDoanVaDieuTriMotSoBenhLyHuyetHoc_B_n_r_t_g_n.md,27,622,". Nếu đạt lui bệnh xét ghép tế bào gốc tự thân khi xét nghiệm gen PML/RARα âm tính, ghép tế bào gốc đồng loài khi gen PML/RARα dương tính; + Nếu APL tái phát điều trị hóa chất không đạt lui bệnh, xét khả năng ghép tế bào gốc đồng loài. Lưu ý: + Điều chỉnh rối loạn đông máu; + Theo dõi và xử trí hội chứng biệt hóa; + Theo dõi độc tính của ATO trên tim mạch, thận (creatinine) và rối loạn điện giải (Ca, K, Cl, Mg); + Điện tim được làm trước điều trị tấn công, đánh giá khoảng QTc, làm lại hàng tuần để theo dõi. Trong các đợt sau làm điện tim trước mỗi đợt điều trị. 3.3. Điều trị Lơ xê mi lympho cấp ở người lớn 3.3.1",{}
HuongDanChanDoanVaDieuTriMotSoBenhLyHuyetHoc_B_n_r_t_g_n.md:28,HuongDanChanDoanVaDieuTriMotSoBenhLyHuyetHoc_B_n_r_t_g_n.md,28,900,". Trong các đợt sau làm điện tim trước mỗi đợt điều trị. 3.3. Điều trị Lơ xê mi lympho cấp ở người lớn 3.3.1. Nguyên tắc điều trị - Dựa trên các tiêu chí: Lâm sàng, miễn dịch, tế bào di truyền, NCCN guideline chia thành các nhóm điều trị sau: + LXM lympho cấp ở bệnh nhân thanh thiếu niên và người trẻ tuổi (adolescent and young adult - AYA) có NST Ph: tuổi 15-39; + LXM lympho cấp ở bệnh nhân thanh thiếu niên và người trẻ tuổi (adolescent and young adult - AYA) không có NST Ph: tuổi 15-39; + LXM lympho cấp ở bệnh nhân người lớn (adult) có NST Ph: tuổi 40-64; + LXM lympho cấp ở bệnh nhân người lớn (adult) không có NST Ph: tuổi 40-64. - Liệu trình điều trị gồm: Tấn công (điều trị cảm ứng), củng cố, dự phòng thâm nhiễm hệ thần kinh trung ương, điều trị duy trì. Bên cạnh các phác đồ mô tả dưới đây, có thể sử dụng một số phác đồ như GRAALL 2005, phác đồ Hyper-CVAD phối hợp với L- asparaginase",{}
HuongDanChanDoanVaDieuTriMotSoBenhLyHuyetHoc_B_n_r_t_g_n.md:29,HuongDanChanDoanVaDieuTriMotSoBenhLyHuyetHoc_B_n_r_t_g_n.md,29,398,". Bên cạnh các phác đồ mô tả dưới đây, có thể sử dụng một số phác đồ như GRAALL 2005, phác đồ Hyper-CVAD phối hợp với L- asparaginase. Với ALL có NST Ph(+) hóa trị liệu phối hợp với các thuốc ức chế hoạt tính tyrosine kinase (TKIs) và phối hợp với rituximab cho ALL có CD20(+). 3.3.2. Phác đồ điều trị a. Điều trị LXM lympho cấp người lớn (adult) ngoctlv.kcb_Truong Le Van Ngoc_04/07/2022 08:49:53",{}
HuongDanChanDoanVaDieuTriMotSoBenhLyHuyetHoc_B_n_r_t_g_n.md:30,HuongDanChanDoanVaDieuTriMotSoBenhLyHuyetHoc_B_n_r_t_g_n.md,30,886,"Phác đồ CALGB 8811 (bao gồm điều trị tấn công, củng cố, duy trì, dự phòng thâm nhiễm thần kinh trung ương). Đợt I: Điều trị tấn công (4 tuần): - Cyclophosphamide 1.200 mg/m2 (800 mg/m2 nếu bệnh nhân trên 60 tuổi) đường tĩnh mạch; ngày 1. - Daunorubicin 45 mg/m2/ngày (30 mg/m2/ ngày nếu bệnh nhân trên 60 tuổi) đường tĩnh mạch; ngày 1-3. - Vincristine 2 mg đường tĩnh mạch; ngày 1, 8, 15 và 22. - Methylprednisone 60 mg/m2/ngày đường uống; ngày 1-21 (ngày 1-7 nếu bệnh nhân trên 60 tuổi). - L-asparaginase 6.000 UI/m2 tiêm dưới da; ngày 5, 8, 11, 15, 18 và 22. Đợt II: Tăng cường sớm (4 tuần/chu kỳ, tổng cộng 2 chu kỳ): - Methotrexate 15 mg tiêm tủy sống; ngày 1; - Cyclophosphamide 1.000 mg/m2 đường tĩnh mạch; ngày 1. - 6-mercaptopurine 60 mg/m2/ngày đường uống; ngày 1-14. - Cytarabine 75 mg/m2/ngày tiêm dưới da; ngày 1-4 và 8-11. - Vincristine 2 mg đường tĩnh mạch; ngày 15 và 22",{}
HuongDanChanDoanVaDieuTriMotSoBenhLyHuyetHoc_B_n_r_t_g_n.md:31,HuongDanChanDoanVaDieuTriMotSoBenhLyHuyetHoc_B_n_r_t_g_n.md,31,900,". - 6-mercaptopurine 60 mg/m2/ngày đường uống; ngày 1-14. - Cytarabine 75 mg/m2/ngày tiêm dưới da; ngày 1-4 và 8-11. - Vincristine 2 mg đường tĩnh mạch; ngày 15 và 22. - L-asparaginase 6.000 IU/m2 tiêm dưới da; ngày 15, 18, 22 và 25. Đợt III: Dự phòng thâm nhiễm thần kinh trung ương và duy trì giữa kỳ (12 tuần): - Tia xạ não 2.400 cGy ngày 1-12. - Methotrexate 15 mg tiêm tủy sống; ngày 1, 8, 15, 22 và 29. - 6-mercaptopurine 60 mg/m2/ngày đường uống; ngày 1-70. - Methotrexate 20 mg/m2 đường uống; ngày 36, 43, 50, 57 và 64. Đợt IV: Tăng cường muộn (8 tuần): - Daunorubicin 30 mg/m2 đường tĩnh mạch; ngày 1, 8 và 15. - Vincristine 2 mg đường tĩnh mạch; ngày 1, 8 và 15. - Dexamethasone 10 mg/m2/ngày đường uống; ngày 1-14. - Cyclophosphamide 1.000 mg/m2 đường tĩnh mạch; ngày 29. - 6-mercaptopurine 60 mg/m2/ngày đường uống; ngày 29-42. - Cytarabine 75 mg/m2/ngày tiêm dưới da; ngày 29-32 và 36-39",{}
HuongDanChanDoanVaDieuTriMotSoBenhLyHuyetHoc_B_n_r_t_g_n.md:32,HuongDanChanDoanVaDieuTriMotSoBenhLyHuyetHoc_B_n_r_t_g_n.md,32,758,". - Cyclophosphamide 1.000 mg/m2 đường tĩnh mạch; ngày 29. - 6-mercaptopurine 60 mg/m2/ngày đường uống; ngày 29-42. - Cytarabine 75 mg/m2/ngày tiêm dưới da; ngày 29-32 và 36-39. Đợt V: Duy trì kéo dài (đến 24 tháng tính từ thời điểm chẩn đoán), lặp lại mỗi 4 tuần: - Vincristine 2 mg đường tĩnh mạch; ngày 1. - Methylprednisone 60 mg/m2/ngày đường uống; ngày 1-5. - Methotrexate 20 mg/m2 đường uống; ngày 1, 8, 15 và 22. - 6-mercaptopurine 80 mg/m2/ngày đường uống; ngày 1-28. Phác đồ hóa trị liệu liều cao phân liều (hyperfractionated CVAD) - Thường được sử dụng với LXM lympho cấp tái phát hoặc các thể đáp ứng kém với hoá trị liệu liều tiêu chuẩn (mature B-ALL, Burkit leukemia). Nguyên tắc chung là sử ngoctlv.kcb_Truong Le Van Ngoc_04/07/2022 08:49:53",{}
HuongDanChanDoanVaDieuTriMotSoBenhLyHuyetHoc_B_n_r_t_g_n.md:33,HuongDanChanDoanVaDieuTriMotSoBenhLyHuyetHoc_B_n_r_t_g_n.md,33,723,"dụng liệu trình điều trị quay vòng nhiều đợt, mỗi đợt ngắn ngày nhưng hoá chất sử dụng liều rất cao. Phác đồ thường dùng là Hyper-CVAD, bao gồm 8 đợt điều trị liều cao phân liều, không điều trị duy trì; - Phác đồ Hyper-CVAD: Gồm 8 đợt điều trị, chia thành 2 liệu trình A và B, điều trị xen kẽ. b. Điều trị bệnh nhân LXM lympho cấp ở bệnh nhân thanh thiếu niên và người trẻ tuổi (AYA) Phác đồ GRAALL 2005 Giai đoạn test corticoid: Thực hiện từ ngày 1-7, tối đa là ngày thứ 10. - Methylprednisone: liều 60 mg/m2 đường uống hoặc methylprednisolone liều 48mg/m2 đường tĩnh mạch từ ngày 1-7 (hoặc đến ngày thứ 10). Sau đó bệnh nhân được chia thành 2 nhóm để lựa chọn phác đồ điều trị là nhóm có NST Ph(+) và nhóm có NST Ph(-)",{}
HuongDanChanDoanVaDieuTriMotSoBenhLyHuyetHoc_B_n_r_t_g_n.md:34,HuongDanChanDoanVaDieuTriMotSoBenhLyHuyetHoc_B_n_r_t_g_n.md,34,809,". Sau đó bệnh nhân được chia thành 2 nhóm để lựa chọn phác đồ điều trị là nhóm có NST Ph(+) và nhóm có NST Ph(-). Nhóm bệnh nhân có NST Ph(-) điều trị như sau: (1) Giai đoạn điều trị cảm ứng (điều trị tấn công) - Methylprednisone liều 60 mg/m2 đường uống (hoặc methylprednisolone liều 48 mg/m2 đường tĩnh mạch) ngày 1-14. - Daunorubicin liều 50 mg/m2 đường tĩnh mạch ngày 1, 2, 3, 15, 16. - Vincristine liều 2 mg đường tĩnh mạch ngày 1, 8, 15, 22. - Cyclophosphamide liều 750 mg/m2 đường tĩnh mạch (truyền trong 3 giờ) ngày 1, 15. - L-Asparaginase liều 6.000 UI/m2 đường tĩnh mạch ngày 8, 10, 12, 20, 22, 24, 26, 28. - Tiêm tủy sống: Methotrexate 15 mg, cytarabine 40 mg, methylprednisolone 40 mg ngày 1, 8. - G-CSF 5µg/kg/ngày bắt đầu từ ngày 18 cho đến khi phục hồi số lượng bạch cầu hạt trung tính > 1 G/l",{}
HuongDanChanDoanVaDieuTriMotSoBenhLyHuyetHoc_B_n_r_t_g_n.md:35,HuongDanChanDoanVaDieuTriMotSoBenhLyHuyetHoc_B_n_r_t_g_n.md,35,831,". - G-CSF 5µg/kg/ngày bắt đầu từ ngày 18 cho đến khi phục hồi số lượng bạch cầu hạt trung tính > 1 G/l. Trong trường hợp chưa đạt lui bệnh hoàn toàn sau điều trị tấn công thì cần điều trị hóa chất bổ sung (điều trị cứu vãn) bằng các thuốc sau: - Mitoxantron liều 12 mg/m2 tiêm dưới da từ ngày 1-3. - Cytarabin liều 1g/m2/12 giờ đường tĩnh mạch (truyền trong 3 giờ) ngày 1-4. - G-CSF liều 300 UI tiêm dưới da từ ngày 9 cho đến khi phục hồi số lượng bạch cầu hạt trung tính > 1 G/l. (2) Giai đoạn điều trị củng cố 1 và 2 * Đợt (block) cytarabin: (Block 1 và 4) - Cytarabin 2.000 mg/m2/12 giờ đường tĩnh mạch (truyền trong 2 giờ) ngày 1,2. - Dexamethasone 10 mg/12 giờ đường uống ngày 1,2. - L-Asparaginase 10.000 UI/m2 đường tĩnh mạch ngày 3. - G-CSF 300 UI tiêm dưới da ngày 9-13. ngoctlv.kcb_Truong Le Van Ngoc_04/07/2022 08:49:53",{}
HuongDanChanDoanVaDieuTriMotSoBenhLyHuyetHoc_B_n_r_t_g_n.md:36,HuongDanChanDoanVaDieuTriMotSoBenhLyHuyetHoc_B_n_r_t_g_n.md,36,711,"* Block MTX: (Block 2 và 5) - Vincristine liều 2 mg đường tĩnh mạch ngày 15. - Methotrexate (MTX) liều 3.000 mg/m2 đường tĩnh mạch (truyền 24 giờ) ngày 15 dùng với thuốc giải độc Calci folinat/Acid folinic. - 6-Mercartopurine liều 60 mg/m2 đường uống ngày 15-21. - L-Asparaginase 10.000 UI/m2 đường tĩnh mạch ngày 16. - G-CSF liều 300 UI tiêm dưới da ngày 23-27. * Block CPM: (Block 3 và 6) - Methotrexate liều 25 mg/m2 đường tĩnh mạch ngày 29. - Cyclophosphamide liều 500 mg/m2 đường tĩnh mạch (truyền trong 3 giờ) ngày 29, 30. - Etoposide liều 75mg/m2 đường tĩnh mạch ngày 29, 30. - Tiêm tủy sống ngày 29. - G-CSF liều 300 UI tiêm dưới da ngày 31 cho đến khi phục hồi số lượng bạch cầu hạt trung tính > 1 G/l",{}
HuongDanChanDoanVaDieuTriMotSoBenhLyHuyetHoc_B_n_r_t_g_n.md:37,HuongDanChanDoanVaDieuTriMotSoBenhLyHuyetHoc_B_n_r_t_g_n.md,37,834,". - Tiêm tủy sống ngày 29. - G-CSF liều 300 UI tiêm dưới da ngày 31 cho đến khi phục hồi số lượng bạch cầu hạt trung tính > 1 G/l. (3) Giai đoạn điều trị tăng cường muộn Đối với các bệnh nhân không qua điều trị cứu vãn: - Methylprednisone liều 60 mg/m2 đường uống (hoặc methylprednisolone liều 48 mg/m2 đường tĩnh mạch) ngày 1-14. - Daunorubicin liều 30 mg/m2 đường tĩnh mạch ngày 1, 2, 3, 15, 16. - Vincristine liều 2 mg đường tĩnh mạch ngày 1, 8, 15, 22. - Cyclophosphamide liều 750 mg/m² đường tĩnh mạch ngày 1, 15. - L-Asparaginase liều 6.000 UI/m² đường tĩnh mạch ngày 10, 12, 20, 22, 24, 28. - G-CSF liều 300 UI tiêm dưới da từ ngày 8 cho đến khi phục hồi số lượng bạch cầu hạt trung tính > 1 G/l. - Tiêm tủy sống ngày 1, 8. Đối với các bệnh nhân được điều trị cứu vãn: - Mitoxantrone liều 12 mg/m2 đường tĩnh mạch ngày 1, 2, 3",{}
HuongDanChanDoanVaDieuTriMotSoBenhLyHuyetHoc_B_n_r_t_g_n.md:38,HuongDanChanDoanVaDieuTriMotSoBenhLyHuyetHoc_B_n_r_t_g_n.md,38,595,". - Tiêm tủy sống ngày 1, 8. Đối với các bệnh nhân được điều trị cứu vãn: - Mitoxantrone liều 12 mg/m2 đường tĩnh mạch ngày 1, 2, 3. - Cytarabin 2.000 mg/m2/12 giờ đường tĩnh mạch (truyền trong 2 giờ) ngày 1, 2, 3, 4. - G-CSF liều 300 UI tiêm dưới da từ ngày 9 cho đến khi phục hồi số lượng bạch cầu hạt trung tính > 1 G/l. - Tiêm tủy sống ngày 8, 15. (4) Giai đoạn điều trị củng cố 3 - Block Ara-C: như trên. - Block MTX: như trên. - Block CPM: như trên. (5) Giai đoạn xạ trị - Liều chiếu xạ: 18 Gy x 10 (5 lần/1 tuần) với tổng liều là 180 Gy. ngoctlv.kcb_Truong Le Van Ngoc_04/07/2022 08:49:53",{}
HuongDanChanDoanVaDieuTriMotSoBenhLyHuyetHoc_B_n_r_t_g_n.md:39,HuongDanChanDoanVaDieuTriMotSoBenhLyHuyetHoc_B_n_r_t_g_n.md,39,864,"- 6-Mercaptopurine liều 60mg/m2/ngày đường uống trong suốt thời gian xạ trị. Nếu bệnh nhân có biểu hiện thâm nhiễm LXM vào tinh hoàn, cần cân nhắc xạ trị khu trú. (6) Giai đoạn điều trị duy trì - Vincristine liều 2 mg đường tĩnh mạch ngày 1. - Methylprednisone liều 40 mg/m2/ngày đường uống trong 7 ngày. - 6-Mercaptopurine liều 60 mg/m2/ngày đường uống. - Methotrexate 25 mg/m2/tuần đường uống (vào tuần 2, 3, 4). Những bệnh nhân thuộc vào nhóm nguy cơ cao được chỉ định ghép tế bào gốc đồng loài sau giai đoạn điều trị củng cố nếu có người cho phù hợp HLA và độ tuổi < 55. Nhóm bệnh nhân có NST Ph(+) điều trị như sau: (1) Giai đoạn điều trị cảm ứng (điều trị tấn công) - Doxorubicin liều 50 mg/m2 truyền tĩnh mạch trong 24 giờ ngày 4. - Cyclophosphamide liều 300 mg/m2/12 giờ, truyền tĩnh mạch ngày 1, 2, 3. - Vincristine liều 2 mg đường tĩnh mạch ngày 4, 11",{}
HuongDanChanDoanVaDieuTriMotSoBenhLyHuyetHoc_B_n_r_t_g_n.md:40,HuongDanChanDoanVaDieuTriMotSoBenhLyHuyetHoc_B_n_r_t_g_n.md,40,810,". - Cyclophosphamide liều 300 mg/m2/12 giờ, truyền tĩnh mạch ngày 1, 2, 3. - Vincristine liều 2 mg đường tĩnh mạch ngày 4, 11. - Dexamethasone liều 40 mg đường tĩnh mạch ngày 1-4, 11-14. - Imatinib liều 800 mg đường uống chia làm 2 lần. - G-CSF 5 liều µg/kg/ngày bắt đầu từ ngày 18 phục hồi số lượng bạch cầu hạt trung tính > 1 G/l. - Tiêm tủy sống: Methotrexate 15mg, cytarabine 40mg, methylprednisolon 40mg ngày 1, 8, 15. (2) Giai đoạn điều trị sau tấn công - Methotrexate liều 1.000mg/m2 truyền tĩnh mạch trong 24 giờ dùng với thuốc giải độc Calcifolinat. - Cytarabin liều 3.000 mg/m2/12 giờ đường tĩnh mạch (trong 2 giờ). - Imatinib liều 800 mg đường uống chia làm 2 lần sáng và tối. - Tiêm tủy sống. - G-CSF liều 300 UI tiêm dưới da từ ngày 6 cho đến khi phục hồi số lượng bạch cầu hạt trung tính > 1 G/l",{}
HuongDanChanDoanVaDieuTriMotSoBenhLyHuyetHoc_B_n_r_t_g_n.md:41,HuongDanChanDoanVaDieuTriMotSoBenhLyHuyetHoc_B_n_r_t_g_n.md,41,628,". - Tiêm tủy sống. - G-CSF liều 300 UI tiêm dưới da từ ngày 6 cho đến khi phục hồi số lượng bạch cầu hạt trung tính > 1 G/l. (3) Giai đoạn điều trị củng cố Các đột điều trị củng cố được thực hiện xen kẽ, bao gồm: Đợt 3/5/7: (giống điều trị cảm ứng) - Vincristine liều 2 mg đường tĩnh mạch ngày 4, 11. - Doxorubicine liều 50mg/m2 đường tĩnh mạch ngày 4. - Cyclophosphomide liều 300mg/m2/12 giờ đường tĩnh mạch ngày (truyền trong 3 giờ) ngày 1, 2, 3. - Dexamethasone liều 40mg đường uống ngày 1-4, 8-11. - Imatinib mesylate liều 600mg đường uống chia 2 lần sáng và tối ngày 1-14. ngoctlv.kcb_Truong Le Van Ngoc_04/07/2022 08:49:53",{}
HuongDanChanDoanVaDieuTriMotSoBenhLyHuyetHoc_B_n_r_t_g_n.md:42,HuongDanChanDoanVaDieuTriMotSoBenhLyHuyetHoc_B_n_r_t_g_n.md,42,553,"- Tiêm tủy sống ngày 1. - G-CSF liều 300 UI tiêm dưới da từ ngày 15 cho đến khi phục hồi số lượng bạch cầu hạt trung tính > 1 G/l. Đợt 4/6/8: (giống điều trị sau tấn công) - Methotrexate liều 1g/m2 đường tĩnh mạch dùng với thuốc giải độc Lederfoline ngày 1. - Cytarabin liều 3.000mg/m2/12 giờ đường tĩnh mạch ngày 2, 3. - Imatinib liều 600 mg đường uống chia làm 2 lần sáng và tối ngày 1-14. - Tiêm tủy sống ngày 1. - G-CSF liều 300 UI tiêm dưới da từ ngày 9 cho đến khi phục hồi số lượng bạch cầu hạt trung tính > 1 G/l. (4) Giai đoạn điều trị duy trì",{}
HuongDanChanDoanVaDieuTriMotSoBenhLyHuyetHoc_B_n_r_t_g_n.md:43,HuongDanChanDoanVaDieuTriMotSoBenhLyHuyetHoc_B_n_r_t_g_n.md,43,889,"Thời gian Thuốc Tháng 1-5 Tháng 6 Tháng 7-11 Tháng 12 Vincristine Ngày 1 hàng tháng Lặp lại đợt 3/5/7 Ngày 1 hàng tháng Lặp lại đợt 4/6/8 Prednisone Ngày 1-5 hàng tháng Ngày 1 – ngày 5 hàng tháng Imatinib Đường uống chia làm 2 lần hàng ngày - Vincristine liều 2mg đường tĩnh mạch vào ngày đầu hàng tháng. - Methylprednisone liều 200mg/ngày trong 5 ngày từ ngày 1-5 hàng tháng. - Imatinib liều 600mg đường uống chia làm 2 lần. c. Điều trị LXM lympho cấp có NST Ph(+) bằng thuốc nhắm đích Hiện nay, các thuốc TKI như imatinib được sử dụng điều trị LXM lympho cấp có NST Ph(+). Các thuốc này thường được phối hợp với đa hóa trị liệu để tăng thêm hiệu quả điều trị. Chẳng hạn, có thể phối hợp imatinib (liều 600 mg/ngày đường uống) với phác đồ hóa trị liệu Hyper-CVAD. 3.4. Điều trị hỗ trợ (xin xem chi tiết trong bài Hồi sức huyết học) - Chống thiếu máu, xuất huyết bằng các chế phẩm máu",{}
HuongDanChanDoanVaDieuTriMotSoBenhLyHuyetHoc_B_n_r_t_g_n.md:44,HuongDanChanDoanVaDieuTriMotSoBenhLyHuyetHoc_B_n_r_t_g_n.md,44,673,". 3.4. Điều trị hỗ trợ (xin xem chi tiết trong bài Hồi sức huyết học) - Chống thiếu máu, xuất huyết bằng các chế phẩm máu. - Dự phòng và điều trị nhiễm trùng bằng kháng sinh và yếu tố kích thích sinh máu. - Phòng ngừa hội chứng tiêu khối u bằng allopurinol, truyền dịch, lợi niệu, kiềm hoá nước tiểu. - Gạn bạch cầu khi số lượng bạch cầu quá cao, nguy cơ tắc mạch. 3.5. Theo dõi đáp ứng điều trị - Xét nghiệm tủy đồ: Được thực hiện 3-4 tuần sau điều trị để đánh giá mức độ đáp ứng và có thể thực hiện 2 tuần sau điều trị để đánh giá đáp ứng ban đầu, làm cơ sở lựa chọn phác đồ tấn công bổ sung nếu không lui bệnh. ngoctlv.kcb_Truong Le Van Ngoc_04/07/2022 08:49:53",{}
HuongDanChanDoanVaDieuTriMotSoBenhLyHuyetHoc_B_n_r_t_g_n.md:45,HuongDanChanDoanVaDieuTriMotSoBenhLyHuyetHoc_B_n_r_t_g_n.md,45,856,"- Tiêu chuẩn lui bệnh về huyết học: Bằng xét nghiệm tủy đồ (3-4 tuần sau điều trị) theo tiêu chuẩn của Viện Ung thư quốc gia Hoa Kỳ (1990): + Lui bệnh hoàn toàn: Lâm sàng ổn định, số lượng bạch cầu trung tính > 1,5G/L, Hematocrit > 0,3 l/l, số lượng tiểu cầu > 100G/L, không còn tế bào blast ở máu ngoại vi, tỷ lệ tế bào blast trong tủy xương < 5% (trên nền tủy sinh máu bình thường); + Lui bệnh không hoàn toàn: Tỷ lệ tế bào blast ở tủy xương từ 5-20%; + Không lui bệnh: Tỷ lệ tế bào blast ở tủy xương > 20%. - Phát hiện tồn dư tối thiểu của bệnh: Kỹ thuật đếm tế bào dòng chảy đa màu (ngưỡng phát hiện < 1 x 10-4.), kỹ thuật PCR định lượng (ngưỡng phát hiện < 1 x 10-5/6). - Xét nghiệm đánh giá lại gen bệnh sau 2-3 chu kỳ hoá chất hoặc trước khi ghép tế bào gốc tạo máu. - Bệnh nhân tái phát cần làm lại xét nghiệm chẩn đoán như bệnh nhân mới. 3.6",{}
HuongDanChanDoanVaDieuTriMotSoBenhLyHuyetHoc_B_n_r_t_g_n.md:46,HuongDanChanDoanVaDieuTriMotSoBenhLyHuyetHoc_B_n_r_t_g_n.md,46,769,". - Xét nghiệm đánh giá lại gen bệnh sau 2-3 chu kỳ hoá chất hoặc trước khi ghép tế bào gốc tạo máu. - Bệnh nhân tái phát cần làm lại xét nghiệm chẩn đoán như bệnh nhân mới. 3.6. Các xét nghiệm đánh giá và theo dõi điều trị - Tổng phân tích tế bào máu ngoại vi, được làm ít nhất 2 ngày 1 lần. - Sinh hóa máu: Chức năng gan, thận, điện giải, acid uric, photpho, LDH..., ít nhất 1 tuần/lần. - Bộ xét nghiệm đông máu, D-Dimer, rotem…, ít nhất 1 tuần/lần. - Các xét nghiệm vi sinh: virus viêm gan, HIV… làm sàng lọc trước khi điều trị, lặp lại theo quy định. Các xét nghiệm đánh giá nhiễm trùng: cấy vi khuẩn, vi nấm, CRP, PCT, CMV, EBV, kháng sinh đồ…, nếu lâm sàng có dấu hiệu nhiễm trùng. - Huyết thanh học nhóm máu, làm lúc chẩn đoán hoặc khi cần truyền máu",{}
HuongDanChanDoanVaDieuTriMotSoBenhLyHuyetHoc_B_n_r_t_g_n.md:47,HuongDanChanDoanVaDieuTriMotSoBenhLyHuyetHoc_B_n_r_t_g_n.md,47,826,". - Huyết thanh học nhóm máu, làm lúc chẩn đoán hoặc khi cần truyền máu. - Xét nghiệm tế bào và sinh hóa nước tiểu, làm để sàng lọc trước điều trị và làm lại khi có dấu hiệu lâm sàng bất thường liên quan. - Chẩn đoán hình ảnh, thăm dò chức năng, làm để sàng lọc trước điều trị và làm lại khi có dấu hiệu lâm sàng bất thường liên quan. - Xét nghiệm Huyết tủy đồ và có thể cả STTX làm lúc chẩn đoán và làm lại sau các đợt điều trị; Gen đột biến lơ xê mi cấp, Nhiễm sắc thể được làm lúc chẩn đoán và làm lại để đánh giá sau mỗi 2 đợt điều trị hóa chất. - Xét nghiệm Flowcytometry được làm lúc chẩn đoán và làm lại sau mỗi đợt điều trị hóa chất để đánh giá bệnh tồn lưu tối thiểu. - Một số xét nghiệm khác được chỉ định tùy theo bệnh nền và bệnh mắc kèm của người bệnh. ngoctlv.kcb_Truong Le Van Ngoc_04/07/2022 08:49:53",{}
HuongDanChanDoanVaDieuTriMotSoBenhLyHuyetHoc_B_n_r_t_g_n.md:48,HuongDanChanDoanVaDieuTriMotSoBenhLyHuyetHoc_B_n_r_t_g_n.md,48,7,PHỤ LỤC,{}
HuongDanChanDoanVaDieuTriMotSoBenhLyHuyetHoc_B_n_r_t_g_n.md:49,HuongDanChanDoanVaDieuTriMotSoBenhLyHuyetHoc_B_n_r_t_g_n.md,49,898,"Phác đồ Cách dùng 3 + 7 - Daunorubicin 60 mg/m2 da/ngày, truyền tĩnh mạch ngày 1-3; hoặc Idarubicin 12mg/m2/ngày x 3 ngày; - Cytarabin 100 - 200 mg/m2 da/ngày, truyền tĩnh mạch ngày 1-7 Hi-DAC Cytarabin 3.000 mg/m2 da/12 giờ x 2 lần/ngày, truyền tĩnh mạch ngày 1, 3, 5 ADE - Daunorubicin 45 - 60 mg/m2 da/ngày, truyền tĩnh mạch ngày 1-3 - Etoposide 100 mg/m2 da/ngày, truyền tĩnh mạch ngày 1-3 - Cytarabin 100 mg/m2 da/ngày, truyền tĩnh mạch ngày 1-7 MEC - Mitoxantron 8 mg/m2 da/ngày, truyền tĩnh mạch trong 30 phút,ngày 1-5 - Etoposide 100 mg/m2 da/ngày, truyền tĩnh mạch trong 60 phút, ngày 1-5 - Cytarabin 1.000 mg/m2 da/ngày, truyền tĩnh mạch trong 3 giờ, ngày 1-5 HAM - Cytarabin 3.000 mg/m2 da/12 giờ x 2 lần/ngày, truyền tĩnh mạch trong 3 giờ, ngày 1-3 - Mitoxantron 10 mg/m2 da/ngày, truyền tĩnh mạch trong 1 giờ, ngày 3-5 FLAG - Fludarabin 30 mg/m2 da/ngày, truyền tĩnh mạch 30 phút ngày",{}
HuongDanChanDoanVaDieuTriMotSoBenhLyHuyetHoc_B_n_r_t_g_n.md:50,HuongDanChanDoanVaDieuTriMotSoBenhLyHuyetHoc_B_n_r_t_g_n.md,50,896,"truyền tĩnh mạch trong 3 giờ, ngày 1-3 - Mitoxantron 10 mg/m2 da/ngày, truyền tĩnh mạch trong 1 giờ, ngày 3-5 FLAG - Fludarabin 30 mg/m2 da/ngày, truyền tĩnh mạch 30 phút ngày 1-5 - Cytarabin 2.000 mg/m2 da/ngày, truyền tĩnh mạch 3 giờ, bắt đầu sau khi truyền xong fludarabin 3,5 giờ, ngày 1-5 - Filgrastim 5 mcg/kg tiêm dưới da ngày 0-5 Hyper CVAD xen kẽ course A và B mỗi course trong 28 ngày Course A - Cyclophosphamide 300mg/m2 truyền tĩnh mạch trong 3 giờ, 12 giờ một lần, ngày 1-3 - Methotrexate 12 mg tiêm tủy sống ngày 2 - Doxorubicin 50 mg/m2 truyền tĩnh mạch liên tục 24 giờ, ngày 4 - Vincristine 2 mg truyền tĩnh mạch ngày thứ 4, 11 - Dexamethasone 40 mg/ngày truyền tĩnh mạch hoặc uống ngày 1- 4 và 11-14 - Cytarabine 100 mg tiêm tủy sống ngày 7 Course B - Methotrexat: 1.000mg/m2 truyền tĩnh mạch liên tục 24 giờ ngày 1; - Cytarabine 3.000mg/m2 truyền tĩnh mạch trong 2 giờ, 12 giờ",{}
HuongDanChanDoanVaDieuTriMotSoBenhLyHuyetHoc_B_n_r_t_g_n.md:51,HuongDanChanDoanVaDieuTriMotSoBenhLyHuyetHoc_B_n_r_t_g_n.md,51,248,"- Cytarabine 100 mg tiêm tủy sống ngày 7 Course B - Methotrexat: 1.000mg/m2 truyền tĩnh mạch liên tục 24 giờ ngày 1; - Cytarabine 3.000mg/m2 truyền tĩnh mạch trong 2 giờ, 12 giờ một lần, ngày 2, 3 ngoctlv.kcb_Truong Le Van Ngoc_04/07/2022 08:49:53",{}
HuongDanChanDoanVaDieuTriMotSoBenhLyHuyetHoc_B_n_r_t_g_n.md:52,HuongDanChanDoanVaDieuTriMotSoBenhLyHuyetHoc_B_n_r_t_g_n.md,52,857,"1. Arber D, Orazi A, Hasserjian R, et al. (2016). The 2016 revision to the World Health Organization classiﬁcation of myeloid neoplasms and acute leukemia. Blood 127(20), pp. 2391-2405. 2. Kantarjian H et al. Long-term follow-up results of hyperfractionated cyclophosphamide, vincristine, doxorubicin, and dexamethasone (Hyper-CVAD), a dose-intensive regimen, in adult acute lymphocytic leukemie. Cancer 2004; 101:2788. 3. National Comprehensive Cancer Network (NCCN) (2016).Clinical Practice Guidelines in oncology: Acute Myelogenous Leukemia. Vesion 2.2016. 4. Powell BL et al. Effect of consolidation with arsenic trioxide (As2O3) on event-free survival (EFS) and overall survival (OS) among patients with newly diagnosed acute promyelocytic leukemia (APL): North American Intergroup Protocol C9710. 2007 ASCO annual meeting. Abstract 2. 5. Rowe JM et al",{}
HuongDanChanDoanVaDieuTriMotSoBenhLyHuyetHoc_B_n_r_t_g_n.md:53,HuongDanChanDoanVaDieuTriMotSoBenhLyHuyetHoc_B_n_r_t_g_n.md,53,522,". 2007 ASCO annual meeting. Abstract 2. 5. Rowe JM et al. ECOG, MRC/NCRI Adult leukemia working party. Induction therapy for adults with acute lymphoblastic leukemia: result of more than 1500 patients from the International ALL trial: MRC UKALL XII/ECOG E2993. Blood 2005; 106:3760. 6. Thomas DA et al. Chemoimmunotherapy with hyper-CVAD plus rituximab for the treatment of adult Burkitt and Burkitt’s-type lymphoma or acute lymphoblastic leukemia. Cancer 2006; 106:1569. ngoctlv.kcb_Truong Le Van Ngoc_04/07/2022 08:49:53",{}
HuongDanChanDoanVaDieuTriMotSoBenhLyHuyetHoc_B_n_r_t_g_n.md:54,HuongDanChanDoanVaDieuTriMotSoBenhLyHuyetHoc_B_n_r_t_g_n.md,54,74,21. LƠ XÊ MI LYMPHO CẤP Ở TRẺ EM (Bệnh bạch cầu cấp dòng lympho ở trẻ em),{}
HuongDanChanDoanVaDieuTriMotSoBenhLyHuyetHoc_B_n_r_t_g_n.md:55,HuongDanChanDoanVaDieuTriMotSoBenhLyHuyetHoc_B_n_r_t_g_n.md,55,716,"1. ĐẠI CƯƠNG Lơ xê mi lympho cấp (bệnh bạch cầu cấp dòng lympho) là bệnh lý tăng sinh ác tính các tế bào dòng lympho của hệ thống tạo máu. Bệnh chiếm tỉ lệ khoảng 75% bệnh máu ác tính và khoảng 25-30% ung thư ở trẻ em. Tần suất bệnh khoảng 3-4 trường hợp/ 100.000 em bé da trắng và khoảng 2.500-3.000 trường hợp phát hiện mới/ năm tại Hoa Kỳ. Bệnh thường gặp ở nhóm từ 2-5 tuổi. Hầu hết các trường hợp không do di truyền mà do thay đổi di truyền somatic. Cho đến nay, với sự tiến bộ của khoa học trong việc chẩn đoán sớm, xếp loại nguy cơ theo đặc điểm tế bào - sinh học phân tử và hóa trị liệu, chăm sóc hồi sức huyết học đã giúp cho bệnh lơ xê mi lympho cấp có khả năng được chữa khỏi. 2. CHẨN ĐOÁN BỆNH 2.1",{}
HuongDanChanDoanVaDieuTriMotSoBenhLyHuyetHoc_B_n_r_t_g_n.md:56,HuongDanChanDoanVaDieuTriMotSoBenhLyHuyetHoc_B_n_r_t_g_n.md,56,772,". 2. CHẨN ĐOÁN BỆNH 2.1. Triệu chứng lâm sàng - Triệu chứng toàn thân: + Mệt mỏi, gầy sút cân, chán ăn; + Sốt: Thường gặp sốt thất thường, kém đáp ứng với điều trị kháng sinh; + Hội chứng thiếu máu từ nhẹ đến nặng; + Hội chứng xuất huyết; + Hội chứng nhiễm trùng. - Triệu chứng thâm nhiễm: + Hạch to, hạch to khu trú hoặc toàn thân; + Lách to; + Gan to; + Đau xương: Biểu hiện sớm như đi khập khiễng, không chịu đi bộ, đau khớp, đau các xương dài; + Thần kinh trung ương: Đau đầu, nôn và buồn nôn, li bì hoặc kích thích, cứng gáy, phù gai thị, liệt thần kinh sọ; + Hệ sinh dục-tiết niệu: Ít gặp, tinh hoàn to, đau; + Đường tiêu hóa: Ít gặp, có thể gặp thâm nhiễm đại tràng gây hội chứng như thương hàn, hoặc hoại tử và chảy máu thành ruột như viêm ruột. 2.2",{}
HuongDanChanDoanVaDieuTriMotSoBenhLyHuyetHoc_B_n_r_t_g_n.md:57,HuongDanChanDoanVaDieuTriMotSoBenhLyHuyetHoc_B_n_r_t_g_n.md,57,308,". 2.2. Triệu chứng xét nghiệm - Huyết đồ: + Bạch cầu: Số lượng tăng, bình thường hoặc giảm, có thể có bạch cầu non ra máu ngoại vi (nguyên bào lympho); - Huyết sắc tố: Thường giảm, mức độ từ nhẹ đến nặng. - Tiểu cầu: Thường giảm hoặc có thể bình thường. ngoctlv.kcb_Truong Le Van Ngoc_04/07/2022 08:49:53",{}
HuongDanChanDoanVaDieuTriMotSoBenhLyHuyetHoc_B_n_r_t_g_n.md:58,HuongDanChanDoanVaDieuTriMotSoBenhLyHuyetHoc_B_n_r_t_g_n.md,58,820,"- Tủy đồ: Tỷ lệ tế bào non ác tính trong tủy ≥ 20%. Mẫu tiểu cầu giảm. + Hóa học tế bào: PAS (+), Soudan - black (-), Peroxydase (-). - Miễn dịch tế bào: + Dấu ấn tế bào non: CD34 (+), HLA-DR (+), TdT (+); + Dòng lympho B (85%):  Pro B-ALL: HLA-DR+, TdT+, CD19+ (5%);  Common ALL: HLA-DR+, TdT+, CD19+, CD10+ (65%);  Pre B-ALL: HLA-DR+, TdT+, CD19+, CD10±, cytoplasmic IgM+ (15%). + Dòng Lympho T (15%):  Pre T-ALL: TdT+, Cytoplasmic CD3+, CD7+ (2%);  T cell-ALL: TdT+, Cytoplasmic CD3+, CD1a/2/3+, CD5+ (13%). - Di truyền tế bào và sinh học phân tử: + Bất thường về NST:  Giảm bội (hypodiploid) < 46NST;  46 NST với cấu trúc bất thường (pseudodiploid);  Trên lưỡng bội 47-50 NST (hyperdiploid);  > 50 NST (hyper-hyperdiploid). + Các đột biến gen:  Gen kết hợp TEL-AML1 tạo bởi chuyển đoạn t(12;21) (p13q22)",{}
HuongDanChanDoanVaDieuTriMotSoBenhLyHuyetHoc_B_n_r_t_g_n.md:59,HuongDanChanDoanVaDieuTriMotSoBenhLyHuyetHoc_B_n_r_t_g_n.md,59,894,". + Các đột biến gen:  Gen kết hợp TEL-AML1 tạo bởi chuyển đoạn t(12;21) (p13q22). t(12;21), 22% của Pre-B ALL;  Gen kết hợp BCR-ABL tạo bởi chuyển đoạn t(9;22) (q34q11). t(9;22), 3% ALL trẻ em;  Tái sắp xếp gen MLL tại vị trí 11q23 ảnh hưởng 80% của trẻ nhũ nhi, 3% của ALL trẻ lớn;  Các chuyển đoạn gen của lơ xê mi lympho B cấp liên quan gen MYC trên NST 8q24. 80% B-ALL có t(8;14) (q24;q32);  > 50% trường hợp Lơ xê mi lympho T cấp có đột biến hoạt động liên quan đến gen NOTCH1. 2.3. Chẩn đoán xác định Chẩn đoán Lơ xê mi lympho cấp dựa trên các tiêu chuẩn lâm sàng, hình thái học, nhuộm hoá học tế bào, phân loại miễn dịch và các biến đổi di truyền đặc trưng của dòng lympho. Chẩn đoán xác định khi nguyên bào lympho chiếm trên 20% tế bào có nhân trong tuỷ, mang dấu ấn miễn dịch đặc trưng dòng lympho. 3. ĐIỀU TRỊ Các phác đồ điều trị được căn cứ vào các nhóm nguy cơ",{}
HuongDanChanDoanVaDieuTriMotSoBenhLyHuyetHoc_B_n_r_t_g_n.md:60,HuongDanChanDoanVaDieuTriMotSoBenhLyHuyetHoc_B_n_r_t_g_n.md,60,305,". 3. ĐIỀU TRỊ Các phác đồ điều trị được căn cứ vào các nhóm nguy cơ. Thường sử dụng các phác đồ đa hoá trị liệu như: FRALLE 2000, NOPHO, BFM, UK, CCG 1961, CCG1991, COG, COALL, Study VII… trong phác đồ có các thuốc, hoá chất như prednison, dexamethasone, ngoctlv.kcb_Truong Le Van Ngoc_04/07/2022 08:49:53",{}
HuongDanChanDoanVaDieuTriMotSoBenhLyHuyetHoc_B_n_r_t_g_n.md:61,HuongDanChanDoanVaDieuTriMotSoBenhLyHuyetHoc_B_n_r_t_g_n.md,61,592,"vincristine, methotrexate, anthracycline, cytarabine, L-asparaginase, cyclophosphamide, mercaptopurine,…, kết hợp tiêm tuỷ sống và xạ trị. Phác đồ thường được sử dụng hiện nay là phác đồ FRALLE 2000. Dưới đây là phác đồ điều trị lơ xê mi lympho cấp trẻ em mới chẩn đoán theo FRALLE 2000: 3.1.1. Phân nhóm nguy cơ tổng quát

sau: Sơ đồ 4. Phân nhóm nguy cơ tổng quát ở bệnh nhân lơ xê mi lympho cấp trẻ em Ghi chú: Các nhóm cụ thể căn cứ vào kết quả điều trị tấn công a. Nhóm A: Nguy cơ chuẩn (Standard risk) - Lơ xê mi lympho B cấp, 1-10 tuổi số lượng bạch cầu ≤ 50G/L và có đủ các yếu tố",{}
HuongDanChanDoanVaDieuTriMotSoBenhLyHuyetHoc_B_n_r_t_g_n.md:62,HuongDanChanDoanVaDieuTriMotSoBenhLyHuyetHoc_B_n_r_t_g_n.md,62,737,"+ Không có thâm nhiễm hệ thần kinh trung ương; + Không có t(9;22), t(4;11) hoặc bộ nhiễm sắc thể < 44; + BCR-ABL hay MLL-AF4 âm tính; + Không hiện diện sự tái sắp xếp gen MLL phát hiện bằng kỹ thuật Southern blot hay FISH cho trường hợp CD10 (+) yếu; + CD10 (+); + Không có trisomy 21; + Không điều trị corticoid trước đó; + Không phải ALL thể L3. - Nhóm A sẽ được chia ra 3 phân nhóm A1, A2, A3 ở ngày 21 dựa vào sự đánh giá tế bào blast trong tủy vào ngày 21 (bất kể sự nhạy cảm với corticoid vào ngày 8 hay không): Lơ xê mi lympho T cấp Nhóm nguy cơ chuẩn (nhóm A1) Nhóm nguy cơ cao (nhóm A2, B1, T1 Nhóm nguy cơ rất cao (nhóm A3, B2, T2) Lơ xê mi lympho B cấp Lơ xê mi lympho cấp ngoctlv.kcb_Truong Le Van Ngoc_04/07/2022 08:49:53",{}
HuongDanChanDoanVaDieuTriMotSoBenhLyHuyetHoc_B_n_r_t_g_n.md:63,HuongDanChanDoanVaDieuTriMotSoBenhLyHuyetHoc_B_n_r_t_g_n.md,63,707,"+ Blast < 5% (týp M1): Nhóm A1; + Blast 6-25% (týp M2): Nhóm A2; + Blast > 25% (týp M3): Nhóm A3. - Người bệnh có MRD (+) (≥ 10-2) vào ngày 35-42 sẽ được chuyển sang nhóm A3 bất kể lúc đầu thuộc nhóm nào. b. Nhóm B: Nguy cơ cao (high risk) - Lơ xê mi lympho B cấp de novo và có từ một trong những tiêu chuẩn sau: + Tuổi > 10; + Có thâm nhiễm hệ thần kinh trung ương; + Bạch cầu > 50G/L; + Có t(9;22), t(4;11) hoặc bộ NST < 44; + BCR-ABL hay MLL-AF4 dương tính; + Hiện diện sự tái sắp xếp gen MLL phát hiện bằng kỹ thuật Southern blot hay FISH cho trường hợp CD10 (+) yếu. - Xếp nhóm B1 và B2 vào ngày 21 của điều trị tấn công dựa vào sự nhạy cảm với corticoid vào ngày 8 và nhạy cảm hóa trị vào ngày 21",{}
HuongDanChanDoanVaDieuTriMotSoBenhLyHuyetHoc_B_n_r_t_g_n.md:64,HuongDanChanDoanVaDieuTriMotSoBenhLyHuyetHoc_B_n_r_t_g_n.md,64,607,". - Xếp nhóm B1 và B2 vào ngày 21 của điều trị tấn công dựa vào sự nhạy cảm với corticoid vào ngày 8 và nhạy cảm hóa trị vào ngày 21. Nhóm B1 (Tất cả các tiêu chuẩn sau) Nhóm B2 (Chỉ có từ 1 trong các tiêu chuẩn) - Không có thể thiểu bội < 44, hoặc t(4;11) hoặc t(9 ;22) - Không có gen MLL-AF4 hay BCR-ABL - Nhạy cảm corticoid ngày 8 - Nhạy cảm hóa trị ngày 21 - Có thể thiểu bội < 44, hoặc t(4;11) hoặc t(9 ;22) - Có gen MLL-AF4 hay BCR-ABL - Kháng corticoid ngày 8 - Kháng hóa trị ngày 21 - MRD (+) (≥ 10-2) vào ngày 35-42 c. Nhóm T: Lơ xê mi lympho T cấp. Chia nhóm T1 và T2 dựa vào tiêu chuẩn:",{}
HuongDanChanDoanVaDieuTriMotSoBenhLyHuyetHoc_B_n_r_t_g_n.md:65,HuongDanChanDoanVaDieuTriMotSoBenhLyHuyetHoc_B_n_r_t_g_n.md,65,587,"Nhóm T1 (Khi có đủ cả 3 tiêu chuẩn) Nhóm T2 (Có từ 1 trong 3 tiêu chuẩn) - Nhạy cảm corticoid ngày 8 - Nhạy cảm hóa trị ngày 21 - MRD ngày 35 < 10-2 - Kháng corticoid ngày 8 - Kháng hóa trị ngày 21 - MRD ngày 35 > 10-2

Lưu ý: - Tiêu chuẩn nhạy cảm corticoid trên huyết đồ ngày 8: + Nhạy cảm corticoid ngày 8: Tế bào blast trong máu ngoại vi ngày 8: < 1 G/L; + Kháng corticoid ngày 8: Tế bào blast trong máu ngoại vi ngày 8: ≥ 1 G/L. - Tiêu chuẩn nhạy cảm hóa trị ngày 21: + Nhạy với hóa trị ngày 21: Tủy đồ ngày 21 có blast ≤ 5%; ngoctlv.kcb_Truong Le Van Ngoc_04/07/2022 08:49:53",{}
HuongDanChanDoanVaDieuTriMotSoBenhLyHuyetHoc_B_n_r_t_g_n.md:66,HuongDanChanDoanVaDieuTriMotSoBenhLyHuyetHoc_B_n_r_t_g_n.md,66,556,"+ Kháng hóa trị ngày 21: Tủy đồ ngày 21 có blast > 5%. 3.2. Điều trị Lơ xê mi lympho cấp theo FRALLE 2000 Phác đồ điều trị thường được sử dụng là phác đồ FRALLE 2000 và được phân chia điều trị 5 giai đoạn khác nhau, có tính liên tục, bắt buộc phải tuân thủ chính xác và chặt chẽ; mỗi giai đoạn chuyển đổi đều được đánh giá và có tiêu chuẩn để bắt đầu sử dụng thuốc, các giai đoạn điều trị bao gồm: + Giai đoạn cảm ứng; + Điều trị tấn công; + Điều trị củng cố; + Điều trị tăng cường 1; + Điều trị trung gian; + Điều trị tăng cường 2; + Điều trị duy trì",{}
HuongDanChanDoanVaDieuTriMotSoBenhLyHuyetHoc_B_n_r_t_g_n.md:67,HuongDanChanDoanVaDieuTriMotSoBenhLyHuyetHoc_B_n_r_t_g_n.md,67,469,". Lưu ý: - Trong trường hợp bệnh nhi được chẩn đoán lơ xê mi lympho cấp có nhiễm sắc thể Philadelphia (Ph+) hoặc có gen BCR-ABL1 có thể điều trị bằng phác đồ hóa chất kết hợp với thuốc ức chế Tyrosine kinase thế hệ 1 hoặc các thuốc thế hệ tiếp theo như Imatinib liều 340mg/m2 từ khi bắt đầu điều trị… - Phác đồ CAALL-F01 năm 2017 cải tiến từ phác đồ FRALLE, thay thế L- asparaginase bằng chế phẩm thế hệ tiếp theo. ngoctlv.kcb_Truong Le Van Ngoc_04/07/2022 08:49:53",{}
HuongDanChanDoanVaDieuTriMotSoBenhLyHuyetHoc_B_n_r_t_g_n.md:68,HuongDanChanDoanVaDieuTriMotSoBenhLyHuyetHoc_B_n_r_t_g_n.md,68,291,"3.2.1. Phác đồ FRALLE 2000 điều trị lơ xê mi lympho B cấp 3.2.1.1. Phác đồ điều trị lơ xê mi lympho B cấp - nhóm A a. Sơ đồ điều trị tổng quát

(2)

Tăng cường 2 (không có anthracycline) VCR, MTX-DI, L-Aspa Tăng cường 2 (8 tuần) VCR, PRED, DNR, L-Aspa, Endox, ... Endoxan, Ara-C, 6 MP",{}
HuongDanChanDoanVaDieuTriMotSoBenhLyHuyetHoc_B_n_r_t_g_n.md:69,HuongDanChanDoanVaDieuTriMotSoBenhLyHuyetHoc_B_n_r_t_g_n.md,69,370,"(1) Làm tiêu bản máu ngoại vi và xác định số lượng tế bào non (blasts) vào ngày 8; (2) Đánh giá MRD tủy vào ngày 35 hoặc ngày 42. Nếu MRD ≥ 10-2 thì chuyển sang điều trị theo nhóm A3 cho đến hết phác đồ. (3) Đối với nhóm A2/A3 và các bệnh nhân có MRD ≥ 10-2 sau điều trị tăng cường 2 : Trong giai đoạn điều trị duy trì, dexa được thay thế bằng methylprednisone x 7 ngày",{}
HuongDanChanDoanVaDieuTriMotSoBenhLyHuyetHoc_B_n_r_t_g_n.md:70,HuongDanChanDoanVaDieuTriMotSoBenhLyHuyetHoc_B_n_r_t_g_n.md,70,768,". (3) Đối với nhóm A2/A3 và các bệnh nhân có MRD ≥ 10-2 sau điều trị tăng cường 2 : Trong giai đoạn điều trị duy trì, dexa được thay thế bằng methylprednisone x 7 ngày. Duy trì 24 tháng: 12 tháng (VCR + Dex x 5 ngày) và 6 MP/MTX (3) Tấn công VCR, DEX, L-Aspa (1) Cảm ứng: Corticoid + IT MTX (Ngày 1-7) Củng cố nhóm A3 (9 tuần/ 3 đợt) VEDA/COPADM/VEDA Củng cố nhóm A1/A2 (12 tuần) VCR, DEX, 6MP, MTX Tủy đồ ngày 21 Tủy M1: A1 Tủy M2: A2 Tủy M3: A3 DNR Ngày 22 DNR Ngày 22 và 29 Đánh giá tủy: Ngày 35 - Ngày 42, Xác định MRD MRD ≥ 10-2 Tăng cường lần 1 (tất cả các nhóm)- (8 tuần) VB, DEX, DOXO, L-Aspa/ VP-16, Ara-C, 6MP Trung gian (8 tuần) VCR, DEX, 6-MP, MTX Trung gian (8 tuần) VCR, DEX, 6-MP, MTX+ MTX-HD x ngoctlv.kcb_Truong Le Van Ngoc_04/07/2022 08:49:53",{}
HuongDanChanDoanVaDieuTriMotSoBenhLyHuyetHoc_B_n_r_t_g_n.md:71,HuongDanChanDoanVaDieuTriMotSoBenhLyHuyetHoc_B_n_r_t_g_n.md,71,861,"b. Phác đồ điều trị chi tiết b.1. Giai đoạn cảm ứng - Methylprednisone: 60mg/m2/ngày chia 2 lần (uống hay truyền tĩnh mạch) từ ngày 1 đến ngày 7. Nếu dùng đường tĩnh mạch: Sử dụng methylprednisolone cùng liều như trên). b.2. Giai đoạn tấn công: Từ ngày 8, bắt đầu ngay sau giai đoạn cảm ứng - Dexamethasone: 6 mg/m2/ngày (chia 3 lần uống/ tĩnh mạch): Ngày 8-28. - Vincristine: 1,5 mg/m2 (tĩnh mạch chậm hoặc truyền tĩnh mạch, không quá 2 mg) các ngày: 8, 15, 22, 29. - Daunorubicin: 40 mg/m2 (truyền tĩnh mạch trong 60 phút) ngày 22/29. - L-asparaginase: 6.000 UI/m2 (tiêm bắp/ tiêm tĩnh mạch trong 60 phút) từ ngày 10, 12, 14,16, 18, 20, 23, 25, 27. - Tiêm tủy sống (IT): Ngày 1 (MTX), ngày 15 (MTX, AraC, depomedrol) theo tuổi người bệnh. Lưu ý: - Tiêm tủy sống chỉ với methotrexate vào ngày 1 (không có methylprednisone) với điều kiện tiểu cầu > 100G/L",{}
HuongDanChanDoanVaDieuTriMotSoBenhLyHuyetHoc_B_n_r_t_g_n.md:72,HuongDanChanDoanVaDieuTriMotSoBenhLyHuyetHoc_B_n_r_t_g_n.md,72,875,". Lưu ý: - Tiêm tủy sống chỉ với methotrexate vào ngày 1 (không có methylprednisone) với điều kiện tiểu cầu > 100G/L. - Làm huyết đồ để đánh giá sự nhạy cảm với methylprednisone vào ngày 8. - Sự kháng corticoid sẽ được đánh giá trong mỗi nhóm A1, A2, A3. - Thay methylprednisone bằng dexamethasone bắt đầu từ ngày 8. - Tủy đồ ngày 21 là yếu tố quyết định số liều điều trị Daunorubicine: + Tủy M1: Dùng Daunorubicine vào ngày 22, sau đó điều trị theo nhóm A1; + Tủy M2, M3: Chỉ định Daunorubicine vào ngày 22 và ngày 29. Sau khi đạt lui bệnh hoàn toàn:  Nếu tủy M2 vào ngày 21: Điều trị theo nhóm A2;  Nếu tủy M3 vào ngày 21: Điều trị theo nhóm A3. - Làm tủy đồ + MRD vào cuối giai đoạn tấn công (ngày 35-42), chậm nhất là ngày 42 để đánh giá lui bệnh. Người bệnh có MRD (+) vào ngày 35-42 (≥10-2) sẽ tiếp tục điều trị củng cố theo nhóm A3 (bắt đầu VEDA 1 ngay khi có thể)",{}
HuongDanChanDoanVaDieuTriMotSoBenhLyHuyetHoc_B_n_r_t_g_n.md:73,HuongDanChanDoanVaDieuTriMotSoBenhLyHuyetHoc_B_n_r_t_g_n.md,73,582,". Người bệnh có MRD (+) vào ngày 35-42 (≥10-2) sẽ tiếp tục điều trị củng cố theo nhóm A3 (bắt đầu VEDA 1 ngay khi có thể). Kiểm tra MRD tủy trước khi bắt đầu giai đoạn VEDA. b.3. Giai đoạn củng cố - Nhóm A1/A2 + Mercaptopurine: 75 mg/m2/ngày (uống), ngày 1 đến 77; + Vincristine: 1,5 mg/m2 (tĩnh mạch chậm hoặc truyền tĩnh mạch), ngày 1, 8, 29, 36, 57, 64 (không quá 2mg); + Dexamethasone: 6 mg/m2/ngày (uống, 3 lần/ngày), ngày 1-5, ngày 29-33, ngày 57-61; + Methotrexate: 25 mg/m2/ lần (uống), ngày 8, 15, 22, 36, 43, 64, 71, 78; ngoctlv.kcb_Truong Le Van Ngoc_04/07/2022 08:49:53",{}
HuongDanChanDoanVaDieuTriMotSoBenhLyHuyetHoc_B_n_r_t_g_n.md:74,HuongDanChanDoanVaDieuTriMotSoBenhLyHuyetHoc_B_n_r_t_g_n.md,74,740,"+ Tiêm tủy sống: Methotrexat ngày 1, 29, 57 (tùy theo tuổi người bệnh). Trong lúc chờ kết quả MRD, người bệnh sẽ được điều trị theo giai đoạn củng cố của nhóm A1. + Nếu MRD (+): Giai đoạn củng cố sẽ không được kết thúc, người bệnh sẽ được điều trị theo giai đoạn củng cố của nhóm A3 (bắt đầu từ giai đoạn VEDA 1) ngay khi có thể. Kiểm tra MRD một cách hệ thống ngay trước khi bắt đầu VEDA. Sau đó người bệnh sẽ được điều trị như nhóm A3. Nếu MRD lần 2 vẫn cao (> 10-2): Hội chẩn lại. + Nếu MRD (-): Người bệnh được tiếp tục cho đến hết giai đoạn củng cố của nhóm A1. Sau đó, người bệnh sẽ được điều trị như nhóm A1. - Nhóm A3: (3 đợt liên tiếp: VEDA/COPADM2000/VEDA) Đợt 1: VEDA 1 Bắt đầu ngay khi bạch cầu trung tính > 1G/L và TC > 100G/L",{}
HuongDanChanDoanVaDieuTriMotSoBenhLyHuyetHoc_B_n_r_t_g_n.md:75,HuongDanChanDoanVaDieuTriMotSoBenhLyHuyetHoc_B_n_r_t_g_n.md,75,866,". Sau đó, người bệnh sẽ được điều trị như nhóm A1. - Nhóm A3: (3 đợt liên tiếp: VEDA/COPADM2000/VEDA) Đợt 1: VEDA 1 Bắt đầu ngay khi bạch cầu trung tính > 1G/L và TC > 100G/L. + Dexamethasone: 20mg/m2/ngày (chia 3 lần, uống hoặc tĩnh mạch) ngày 1-5; + Vincristine:1,5mg/m2 (tĩnh mạch chậm hoặc truyền tĩnh mạch) ngày (không quá 2mg); + Cytarabine: 2g/m2/ mỗi lần x 2 lần/ngày 1, 2. Truyền tĩnh mạch/ 3giờ. Tổng cộng 8g/m2; + VP-16: 150mg/m2/ngày (truyền tĩnh mạch/1 giờ), ngày 3, 4, 5; + Tiêm tủy sống 3 thuốc: MTX + Depomedrol + AraC ngày 5. G-C SF: 150 μg/m2/ngày (= 5 μg/kg/ ngày) tiêm dưới da, bắt đầu từ ngày 7. Tiếp tục cho đến khi bạch cầu trung tính > 1G/L trong 3 ngày. Lưu ý: + Người bệnh nhóm A1 và A2 có MRD (+) vào ngày 35-42, được đưa vào nhóm A3, phải được kiểm tra MRD trước khi bắt đầu block COPADM; + Nếu MRD lần 2 vẫn cao (> 10-2): Hội chẩn lại",{}
HuongDanChanDoanVaDieuTriMotSoBenhLyHuyetHoc_B_n_r_t_g_n.md:76,HuongDanChanDoanVaDieuTriMotSoBenhLyHuyetHoc_B_n_r_t_g_n.md,76,708,". 3 đợt VEDA1, COPADM, VEDA 2: Điều trị trong vòng 9 tuần. Đợt 2: COPADM2000 Bắt đầu ngay khi bạch cầu trung tính > 1G/L và tiểu cầu > 100G/L. + Methylprednisone: 60mg/m2/ngày, ngày 1-5; + Vincristine: 1,5mg/m2 (tĩnh mạch chậm hoặc truyền tĩnh mạch), ngày 1 (không quá 2mg); + Methotrexate: 5.000mg/m2/ngày (truyền tĩnh mạch/ 24 giờ), ngày 1; (Thuốc giải Acid folininic từ giờ thứ 36 của MTX) + Cyclophosphamide: 500mg/m2/lần x 2lần/ ngày (truyền tĩnh mạch/60phút), ngày 2, 3 (tổng cộng 2g/m2); + Doxorubicin: 40mg/m2/ngày (truyền tĩnh mạch/1 giờ), ngày 2; + Tiêm tủy sống 3 thuốc: MTX + methylprednisolone + cytarabin, ngày 1. Đợt 3: VEDA 2 (giống đợt 1) ngoctlv.kcb_Truong Le Van Ngoc_04/07/2022 08:49:53",{}
HuongDanChanDoanVaDieuTriMotSoBenhLyHuyetHoc_B_n_r_t_g_n.md:77,HuongDanChanDoanVaDieuTriMotSoBenhLyHuyetHoc_B_n_r_t_g_n.md,77,616,"Bắt đầu ngay khi bạch cầu trung tính > 1G/L và tiểu cầu > 100G/L vào các ngày 1-7. b.4. Giai đoạn tăng cường 1 - Nhóm A1/ A2 và A3 Đợt I: Bắt đầu ngay khi bạch cầu trung tính > 1 G/L và tiểu cầu > 100 G/L + Dexamethasone: 10 mg/m2/ngày (uống); ngày 1-15 sau đó giảm liều đến ngày 21; + Vincristine: 1,5mg/m2 (không quá 2mg) tiêm tĩnh mạch chậm hoặc truyền tĩnh mạch, ngày 1, 8, 15; + Doxorubicine: 25 mg/m2 (truyền tĩnh mạch trong 60 phút); ngày 1, 8, 15; + L-asparaginase: 6.000 UI/m2 (tiêm bắp/ truyền tĩnh mạch trong 60 phút); ngày 2, 4, 6, 9, 11, 13; + Tiêm tủy sống 3 thuốc: Ngày 1, 29 tùy theo tuổi người bệnh",{}
HuongDanChanDoanVaDieuTriMotSoBenhLyHuyetHoc_B_n_r_t_g_n.md:78,HuongDanChanDoanVaDieuTriMotSoBenhLyHuyetHoc_B_n_r_t_g_n.md,78,500,". Đợt II: Bắt đầu ngay khi bạch cầu trung tính > 1G/L và tiểu cầu > 100G/L + Mercaptopurine: 75mg/m2/ngày (uống), ngày 29-49; + Etoposide: 150mg/m2/ngày (truyền tĩnh mạch trong 60 phút); ngày 29, 36, 43; + Cytarabine: 30mg/m2 x 2 lần/ngày (tiêm dưới da); ngày 29, 30, 36, 37, 43, 44; + Tiêm tủy sống 3 thuốc: Ngày 29, tùy theo tuổi người bệnh. Lưu ý: + Hóa trị ngày 36, 43 được tiếp tục bất kể phân tích huyết học và không có vấn đề về lâm sàng; + Siêu âm tim, điện tim trước mỗi mũi doxorubicin. b.5",{}
HuongDanChanDoanVaDieuTriMotSoBenhLyHuyetHoc_B_n_r_t_g_n.md:79,HuongDanChanDoanVaDieuTriMotSoBenhLyHuyetHoc_B_n_r_t_g_n.md,79,732,". Lưu ý: + Hóa trị ngày 36, 43 được tiếp tục bất kể phân tích huyết học và không có vấn đề về lâm sàng; + Siêu âm tim, điện tim trước mỗi mũi doxorubicin. b.5. Giai đoạn trung gian - Nhóm A1/ A2: Bắt đầu khi bạch cầu trung tính + monocyte > 1G/L và tiểu cầu > 100G/L + Vincristine: 1,5 mg/m2 (tĩnh mạch chậm hoặc truyền tĩnh mạch), ngày 1, 29 (không quá 2 mg); + Dexamethasone: 6 mg/m2/ ngày (uống, chia 3 lần/ngày), ngày 1-5, ngày 29-33; + Mercaptopurine: 75 mg/m2/ngày (uống), từ ngày 1-56; + Methotrexate: 25 mg/m2/lần (uống), ngày 8, 15, 22, 36, 43, 50; + Tiêm tủy sống: Ngày 1, 29. Lưu ý: + Trường hợp lâm sàng ổn định, giai đoạn này được tiếp tục (mà không có sự thay đổi) khi bạch cầu trung tính > 0,5G/L và tiểu cầu > 50G/L",{}
HuongDanChanDoanVaDieuTriMotSoBenhLyHuyetHoc_B_n_r_t_g_n.md:80,HuongDanChanDoanVaDieuTriMotSoBenhLyHuyetHoc_B_n_r_t_g_n.md,80,512,". Lưu ý: + Trường hợp lâm sàng ổn định, giai đoạn này được tiếp tục (mà không có sự thay đổi) khi bạch cầu trung tính > 0,5G/L và tiểu cầu > 50G/L. - Nhóm A3: Gồm 2 đợt liên tiếp nhau: ĐỢT 1: Bắt đầu ngay khi bạch cầu trung tính > 1G/L và tiểu cầu > 100G/L + Vincristine:1,5mg/m2/lần (tĩnh mạch chậm hoặc truyền tĩnh mạch), ngày 1, 15 (không quá 2mg); + Dexamethasone: 6mg/m2/ngày (chia 3 lần, uống), ngày 1-5; + Mercaptopurine: 50mg/m2/ngày (uống), ngày 1-28; ngoctlv.kcb_Truong Le Van Ngoc_04/07/2022 08:49:53",{}
HuongDanChanDoanVaDieuTriMotSoBenhLyHuyetHoc_B_n_r_t_g_n.md:81,HuongDanChanDoanVaDieuTriMotSoBenhLyHuyetHoc_B_n_r_t_g_n.md,81,894,"+ Methotrexate: 5.000mg/m2/ngày (truyền tĩnh mạch/ 24 giờ) ngày 1, 15; (Thuốc giải Acid folinic bắt đầu từ giờ thứ 36 của MTX) + Methotrexat: 25mg/m2/lần (uống) ngày 8, 22; + Tiêm tủy sống 3 thuốc: Vào giờ 24 của MTX ngày 2, 16. ĐỢT 2: Bắt đầu ngay khi bạch cầu trung tính > 1G/L và TC > 100G/L + Vincristine: 1,5mg/m2/lần (tĩnh mạch chậm hoặc truyền tĩnh mạch), ngày 29 (không quá 2mg); + Dexamethasone: 6mg/m2/ngày (chia 3 lần, uống), ngày 29-33; + Mercaptopurine: 50mg/m2/ngày (uống), ngày 29-49; + Methotrexate: 5.000mg/m2/ngày (truyền tĩnh mạch/ 24 giờ), ngày 29; (Thuốc giải Acid folinic bắt đầu từ giờ thứ 36 của MTX) + Methotrexat: 25mg/m2/lần (uống), ngày 36, 43, 50; + Tiêm tủy sống 3 thuốc: Vào giờ 24 của MTX ngày 30. Lưu ý: + Liều mercaptopurine ở đây chỉ 50mg/m2/ngày vì giai đoạn này có MTX liều cao; + Ngày 15: Bắt đầu khi bạch cầu trung tính > 0,5G/L và tiểu cầu > 50G/L. b.6",{}
HuongDanChanDoanVaDieuTriMotSoBenhLyHuyetHoc_B_n_r_t_g_n.md:82,HuongDanChanDoanVaDieuTriMotSoBenhLyHuyetHoc_B_n_r_t_g_n.md,82,585,". Lưu ý: + Liều mercaptopurine ở đây chỉ 50mg/m2/ngày vì giai đoạn này có MTX liều cao; + Ngày 15: Bắt đầu khi bạch cầu trung tính > 0,5G/L và tiểu cầu > 50G/L. b.6. Giai đoạn tăng cường 2 - Nhóm A1/A2: Bắt đầu từ ngày 57 của giai đoạn trung gian khi bạch cầu trung tính > 1G/L và tiểu cầu > 100G/L + Vincristine: 1,5mg/m2 (tĩnh mạch chậm hoặc truyền tĩnh mạch), ngày 1, 10, 20, 30 (không quá 2mg); + Methotrexate: 100 mg/m2 (truyền tĩnh mạch/ 15phút), ngày 1, 10, 20, 30; + L-Asparaginase: 20.000 UI/m2 (truyền tĩnh mạch/ 60phút), ngày 2, 11, 21, 31; + Tiêm tủy sống 3 thuốc: Ngày 1",{}
HuongDanChanDoanVaDieuTriMotSoBenhLyHuyetHoc_B_n_r_t_g_n.md:83,HuongDanChanDoanVaDieuTriMotSoBenhLyHuyetHoc_B_n_r_t_g_n.md,83,705,". Lưu ý: + Không dùng acid folinic sau MTX liều trung bình; + Trường hợp không có vấn đề về lâm sàng, giai đoạn này được tiếp tục (mà không có sự thay đổi) khi bạch cầu trung tính > 0,5G/L và tiểu cầu > 50G/L; + Hướng dẫn dùng L-asparaginase liều cao:  Ngày 1, 10, 20, 30: Dùng 1/10 tổng liều truyền tĩnh mạch 60 phút;  Ngày 2, 11, 21, 31: Dùng 9/10 tổng liều truyền tĩnh mạch ≥ 2 giờ. + Kiểm tra MRD sau kết thúc điều trị tăng cường 2. - Nhóm A3: Gồm 2 đợt liên tiếp nhau: ĐỢT 1: Bắt đầu ngay khi bạch cầu trung tính > 1G/L và tiểu cầu > 100G/L + Methylprednisone: 40mg/m2/ngày (chia 3 lần, uống), ngày 1-15. Giảm liều từ ngày 15 và ngừng vào ngày 21. ngoctlv.kcb_Truong Le Van Ngoc_04/07/2022 08:49:53",{}
HuongDanChanDoanVaDieuTriMotSoBenhLyHuyetHoc_B_n_r_t_g_n.md:84,HuongDanChanDoanVaDieuTriMotSoBenhLyHuyetHoc_B_n_r_t_g_n.md,84,823,"+ Vincristine: 1,5mg/m2/ngày (tĩnh mạch chậm hoặc truyền tĩnh mạch) ngày 1, 8, 15 (không quá 2mg); + L-asparaginase: 6.000 UI/m2/lần (tĩnh mạch chậm/ 60 phút), tổng cộng 6 mũi, ngày 3, 5, 7, 9, 11, 13; + Daunorubicine: 30mg/m2/lần (tĩnh mạch chậm/ 60 phút), ngày 1, 8, 15; + Tiêm tủy sống 3 thuốc: Ngày 1. ĐỢT 2: Bắt đầu ngay khi bạch cầu trung tính > 1G/L và tiểu cầu > 100G/L + Mercaptopurine: 50 mg/m2/ngày (uống), ngày 29-49; + Cyclophosphamide: 1g/m2/ngày (tĩnh mạch chậm/ 60phút), ngày 29; + Cytarabine: 30mg/m2/lần x 2 lần/ngày (tiêm dưới da), ngày 29-30, ngày 36-37, ngày 43-44; + Tiêm tủy sống 3 thuốc: Ngày 29. Điều trị hỗ trợ + Dịch truyền: 2.000 ml/m2/ngày; + Sử dụng mesna: Tổng liều bằng 2 lần tổng liều cyclophosphamide, truyền tĩnh mạch trước cyclophosphamide 30phút, sau cyclophosphamide 4 giờ và 8 giờ",{}
HuongDanChanDoanVaDieuTriMotSoBenhLyHuyetHoc_B_n_r_t_g_n.md:85,HuongDanChanDoanVaDieuTriMotSoBenhLyHuyetHoc_B_n_r_t_g_n.md,85,565,". Lưu ý: + Hóa trị ngày 36, 43 được tiếp tục bất kể số lượng tế bào máu, với điều kiện không có vấn đề về lâm sàng; + Kiểm tra MRD sau kết thúc điều trị tăng cường 2; b.7. Giai đoạn duy trì - Nhóm A1/A2 có MRD âm tính (< 10-2): + Bắt đầu từ ngày 40 của giai đoạn tăng cường II, khi bạch cầu trung tính > 1G/L và tiểu cầu > 100G/L; + Thời gian điều trị duy trì kéo dài trong 24 tháng (nam và nữ), trong đó có 12 tháng tái tấn công (RI) với vincristine và dexamethasone trong năm đầu tiên. Bao gồm: + Vincristine: 1,5mg/m2/ngày (tĩnh mạch chậm hoặc truyền tĩnh mạch)",{}
HuongDanChanDoanVaDieuTriMotSoBenhLyHuyetHoc_B_n_r_t_g_n.md:86,HuongDanChanDoanVaDieuTriMotSoBenhLyHuyetHoc_B_n_r_t_g_n.md,86,499,". Bao gồm: + Vincristine: 1,5mg/m2/ngày (tĩnh mạch chậm hoặc truyền tĩnh mạch). Vincristine vào ngày 1 mỗi tháng, trong 12 tháng đầu (không quá 2mg); + Dexamethasone: 6mg/m2/ngày (uống), ngày 1-5 mỗi tháng, trong 12 tháng đầu; + Methotrexate: 25mg/m2/tuần (uống), ngày 8, 15, 22 mỗi tháng; + Mercaptopurine: 75mg/m2/ngày (uống), ngày 1-28; + Tiêm tủy sống 3 thuốc: Mỗi 3 tháng bắt đầu từ các tháng 1, 4, 7, 10, 13, 16, 19 và 22 (tổng cộng 8 mũi). ngoctlv.kcb_Truong Le Van Ngoc_04/07/2022 08:49:53",{}
HuongDanChanDoanVaDieuTriMotSoBenhLyHuyetHoc_B_n_r_t_g_n.md:87,HuongDanChanDoanVaDieuTriMotSoBenhLyHuyetHoc_B_n_r_t_g_n.md,87,345,"- Nhóm A3 và A1/A2 có MRD dương tính (≥ 10-2): + Bắt đầu ngày 57 sau giai đoạn tăng cường II, điều trị tương tự nhóm A1 nhưng thay dexa bằng corticoid 40 mg/m2 ngày 1-7; + Tổng cộng có 6 mũi IT (duy trì tháng 3, 6, 9, 12, 15, 18). 3.2.1.2. Phác đồ điều trị lơ xê mi lympho B cấp - nhóm B a. Sơ đồ điều trị tổng quát: FRALLE 2000-B: NHÓM B",{}
HuongDanChanDoanVaDieuTriMotSoBenhLyHuyetHoc_B_n_r_t_g_n.md:88,HuongDanChanDoanVaDieuTriMotSoBenhLyHuyetHoc_B_n_r_t_g_n.md,88,884,"Tiếp tục tấn công VCR , PRED + DNR ngày 22 + L-Aspa x 3 (ngày 22-26) Chú ý: MRD Ngày 35-42 >10-2, chuyển nhóm B2 NHÓM B1 Tiếp tục tấn công VCR, PRED + DNR ngày 22 và 23 + L-Aspa x 3 (Ngày 22-26) + Endoxan (ngày 22) NHÓM B2 Duy trì 24 tháng 6-MP + MTX cùng với 12 RI: VCR + PRED Cảm ứng: Ngày 1-7 Corticoid + IT MTX Ngày 8-21: Tấn công VCR, PRED, DNR (Ngày 8 và 15), L-Aspa x 6 (ngày 8 - 20) Củng cố (8 tuần) VP16, ARAC, 6TG rồi đến VCR, PRED, 6MP,MTX + 2 đợt MTX-HD (5.000 mg/m2) Củng cố (9 tuần) 3 đợt: VEDA, COPADM2000, VEDA Tăng cường 1 (8 tuần) VDS/ ADRIA/ PRED/ L-Aspa rồi đến 6-TG/ AraC/ VP-16 Trung gian (8 tuần) VCR, PRED, 6-MP, MTX + 2 đợt MTX-HD (5.000 mg/m2) + IT MTX XẠ TRỊ (*) Trung gian (8 tuần) VCR, PRED, 6-MP, MTX + 3 đợt MTX-HD (5.000 mg/m2) + IT MTX XẠ TRỊ (*) Tăng cường 2 (8 tuần) VCR, PRED, DNR, L-ASPA rồi đến 6-TG/6MP, Endoxan, AraC ngoctlv.kcb_Truong Le Van",{}
HuongDanChanDoanVaDieuTriMotSoBenhLyHuyetHoc_B_n_r_t_g_n.md:89,HuongDanChanDoanVaDieuTriMotSoBenhLyHuyetHoc_B_n_r_t_g_n.md,89,203,"tuần) VCR, PRED, 6-MP, MTX + 3 đợt MTX-HD (5.000 mg/m2) + IT MTX XẠ TRỊ (*) Tăng cường 2 (8 tuần) VCR, PRED, DNR, L-ASPA rồi đến 6-TG/6MP, Endoxan, AraC ngoctlv.kcb_Truong Le Van Ngoc_04/07/2022 08:49:53",{}
HuongDanChanDoanVaDieuTriMotSoBenhLyHuyetHoc_B_n_r_t_g_n.md:90,HuongDanChanDoanVaDieuTriMotSoBenhLyHuyetHoc_B_n_r_t_g_n.md,90,874,"(*) Những người bệnh thuộc nhóm B2 nhưng nhỏ hơn 4 tuổi: Không xạ trị dự phòng trên hệ thần kinh trung ương. b. Phác đồ điều trị chi tiết b.1. Giai đoạn cảm ứng: - Methylprednisone: 60m/ngày chia 2 lần (uống hay truyền tĩnh mạch), ngày 1-7. - Nếu dùng đường tĩnh mạch: Sử dụng methylprednisolone (cùng liều như trên). b.2. Giai đoạn tấn công (B1/ B2): Bắt đầu từ ngày 8, ngay sau điều trị cảm ứng: - Methylprednisone: 40mg/m2, ngày 8-28 (uống hoặc tĩnh mạch), chia 3 lần từ ngày 29: Giảm liều dần, ngừng vào ngày 35. - Vincristine: 1,5mg/m2, ngày 8, 15, 22, 29. Truyền tĩnh mạch chậm hoặc truyền tĩnh mạch (không quá 2mg). - L-Asparaginase: 6.000 UI/m2, ngày 10, 12, 14, 16. Tiêm bắp hoặc truyền tĩnh mạch chậm trong 1 giờ ngày 18, 20, 23, 25, 27. - Daunorubicine: 40mg/m2, ngày 8, 15, 22 (B1, B2). Với nhóm B2, bệnh nhân được điều trị thêm Daunorubicin vào ngày 23",{}
HuongDanChanDoanVaDieuTriMotSoBenhLyHuyetHoc_B_n_r_t_g_n.md:91,HuongDanChanDoanVaDieuTriMotSoBenhLyHuyetHoc_B_n_r_t_g_n.md,91,754,". - Daunorubicine: 40mg/m2, ngày 8, 15, 22 (B1, B2). Với nhóm B2, bệnh nhân được điều trị thêm Daunorubicin vào ngày 23. Truyền tĩnh mạch chậm trong 1 giờ. - Cyclophosphamide: 1.000 mg/m2, + ngày 22 (Riêng nhóm B2) truyền tĩnh mạch chậm 30 phút. - Tiêm tủy sống 3 thuốc theo tuổi, ngày 8, 15 (với MTX, DEPO, cytarabin). Ngày 22 nếu người bệnh có tổn thương thần kinh trung ương lúc chẩn đoán. Lưu ý: - IT chỉ với methotrexate vào ngày 1 (không có corticoid) với điều kiện tiểu cầu > 100G/L. IT mũi 1 nên được thực hiện sớm khi có thể (không chậm quá ngày 4 của điều trị cảm ứng bằng corticoid) trừ trường hợp chống chỉ định (bạch cầu cao có triệu chứng, u trung thất to...). - Trường hợp BC tăng cao (> 500G/L): Có thể bổ sung vincristine trước ngày 8",{}
HuongDanChanDoanVaDieuTriMotSoBenhLyHuyetHoc_B_n_r_t_g_n.md:92,HuongDanChanDoanVaDieuTriMotSoBenhLyHuyetHoc_B_n_r_t_g_n.md,92,897,". - Trường hợp BC tăng cao (> 500G/L): Có thể bổ sung vincristine trước ngày 8. - Vincristine có thể chỉ định liền ở những người bệnh có hội chứng tắc mạch lúc chẩn đoán, hoặc bổ sung nhanh (trước ngày 3 của điều trị cảm ứng bằng corticoid) khi tình trạng lâm sàng diễn tiến xấu đi hoặc tăng nhanh số lượng bạch cầu (khi đã dùng corticoid). - Xét nghiệm huyết đồ để đánh giá sự nhạy cảm với corticoid vào ngày 8. - Sự kháng corticoid sẽ được đánh giá để phân nhóm B1, B2. - Tủy đồ (ngày 21): Đánh giá nhạy cảm với hóa trị liệu ban đầu. - Người bệnh có tổn thương thần kinh trung ương lúc chẩn đoán: Bổ sung thêm 1 mũi IT vào ngày 22. - Từ ngày 22, dựa vào kết quả huyết + tủy đồ  người bệnh được chia làm 2 nhóm B1 và B2. - Làm tủy đồ, MRD và FISH, PCR, nhiễm sắc thể (nếu có bất thường lúc chẩn đoán) vào ngày 35-42 để đánh giá lui bệnh. ngoctlv.kcb_Truong Le Van Ngoc_04/07/2022 08:49:53",{}
HuongDanChanDoanVaDieuTriMotSoBenhLyHuyetHoc_B_n_r_t_g_n.md:93,HuongDanChanDoanVaDieuTriMotSoBenhLyHuyetHoc_B_n_r_t_g_n.md,93,892,"- Người bệnh nhóm B1 có MRD dương (vào ngày 35-42) sẽ được tiếp tục điều trị giai đoạn củng cố theo nhóm B2. Người bệnh này sẽ ghép tế bào gốc khi đạt lui bệnh hoàn toàn lần 1 (CR1) nếu có người cho phù hợp HLA. b.3. Giai đoạn củng cố b.3.1. Nhóm B1: Gồm 2 đợt ĐỢT 1: Bắt đầu khi bạch cầu trung tính + monocyte > 1G/L và tiểu cầu > 100G/L - Mercaptopurine: 50 mg/m2/ngày: 60mg/m2/ngày (uống), ngày 1-21. - Etoposide: 150mg/m2 (truyền tĩnh mạch trên 1 giờ), ngày 1, 8, 15. - Cytarabine: 30mg/m2/ngày (tiêm dưới da), ngày 1, 2, 8, 9, 15, 16 (tổng cộng 12 mũi). - Tiêm tủy sống 3 thuốc ngày 1, người bệnh có tổn thương thần kinh trung ương lúc chẩn đoán + ngày 15. ĐỢT 2: Bắt đầu khi bạch cầu trung tính > 0,5G/L và tiểu cầu > 50G/L - Vincristine: 1,5 mg/m2 (tĩnh mạch chậm hoặc truyền tĩnh mạch), ngày 29 (không quá 2mg). - Methylprednisone: 40 mg/m2/ngày (uống, chia 3 lần/ngày), ngày 29-35",{}
HuongDanChanDoanVaDieuTriMotSoBenhLyHuyetHoc_B_n_r_t_g_n.md:94,HuongDanChanDoanVaDieuTriMotSoBenhLyHuyetHoc_B_n_r_t_g_n.md,94,831,". - Methylprednisone: 40 mg/m2/ngày (uống, chia 3 lần/ngày), ngày 29-35. - Mercaptopurine: 50 mg/m2/ngày (uống), ngày 29-49. - Methotrexate: 25 mg/m2/lần (uống), ngày 36, hoặc 5.000mg/m2/ngày (truyền tĩnh mạch 24 giờ), ngày 9, 43. - Tiêm tủy sống 3 thuốc: Ngay sau khi kết thúc MTX-HD (giờ 24), ngày 30, 44. Lưu ý: - Thuốc ngày 8, 15, 43 được tiếp tục bất kể số lượng tế bào máu (nếu không có bất thường về lâm sàng, sinh hóa). - Đối với người bệnh có tổn thương thần kinh trung ương lúc chẩn đoán: Bổ sung thêm 1 mũi tiêm tủy sống vào ngày 15. - Nếu kết quả MRD dương (vào ngày 35-42): Người bệnh được tiếp tục điều trị giai đoạn củng cố của nhóm B2 ngay khi có thể và sẽ làm lại MRD lần 2 và ghép tế bào gốc khi đạt CR1 nếu có người cho phù hợp. - Nếu sử dụng MTX liều cao: Dùng acid folinic bắt đầu từ giờ thứ 36 (xem phụ lục)",{}
HuongDanChanDoanVaDieuTriMotSoBenhLyHuyetHoc_B_n_r_t_g_n.md:95,HuongDanChanDoanVaDieuTriMotSoBenhLyHuyetHoc_B_n_r_t_g_n.md,95,594,". - Nếu sử dụng MTX liều cao: Dùng acid folinic bắt đầu từ giờ thứ 36 (xem phụ lục). - Ngừng co-trimoxazol 3 ngày trước và 5 ngày sau khi dùng MTX liều cao (xem phụ lục). - Ngừng hóa trị và nghỉ từ ngày 50-57. b.3.2. Nhóm B2 - 3 đợt liên tiếp: VEDA/COPADM2000/VEDA. - Giống như củng cố nhóm A3. b.4. Giai đoạn tăng cường 1 (giống nhau cho B1 và B2): Gồm 2 đợt: ĐỢT 1: Bắt đầu ngay khi bạch cầu trung tính > 1G/L và tiểu cầu > 100G/L. - Dexamethasone: 10mg/m2, ngày 1-14, chia 3 lần, uống, tĩnh mạch. Ngày 15: Giảm liều dần và ngừng ở ngày 21. ngoctlv.kcb_Truong Le Van Ngoc_04/07/2022 08:49:53",{}
HuongDanChanDoanVaDieuTriMotSoBenhLyHuyetHoc_B_n_r_t_g_n.md:96,HuongDanChanDoanVaDieuTriMotSoBenhLyHuyetHoc_B_n_r_t_g_n.md,96,845,"- Vincristine 1,5mg/m2/ngày (tối đa 2mg), tiêm tĩnh mạch chậm hoặc truyền tĩnh mạch, ngày 1, 8, 15 - L-Asparaginase: 6.000UI/m2, ngày 3, 5, 7, 9, 11, 13 truyền tĩnh mạch trong 60 phút. - Doxorubicin: 25mg/m2, ngày 1, 8, 15. Truyền tĩnh mạch trong 60 phút. - Tiêm tủy sống 3 thuốc ngày 1 (ngày 15). ĐỢT 2: Bắt đầu ngay khi bạch cầu trung tính > 1G/L và tiểu cầu > 100G/L. - Mercaptopurine: 50 mg/m2/ngày: 60mg/m2, ngày 29-49. Uống 1 lần, sáng, đói. - Etoposide: 150mg/m2, ngày 29, 36, 43. Truyền tĩnh mạch trong 60 phút. - Cytarabine: 30mg/m2 x 2, ngày 29-30, ngày 36-37, ngày 43-44. Tiêm dưới da (tổng cộng 12 mũi). - Tiêm tủy sống 3 thuốc, ngày 29. Lưu ý: - Thuốc ngày 8, 15, 36, 43 được tiếp tục bất kể số lượng tế bào máu (và không có vấn đề gì về lâm sàng, sinh hóa). - Ngừng hóa trị và nghỉ từ ngày 50-57. b.5. Giai đoạn trung gian b.5.1",{}
HuongDanChanDoanVaDieuTriMotSoBenhLyHuyetHoc_B_n_r_t_g_n.md:97,HuongDanChanDoanVaDieuTriMotSoBenhLyHuyetHoc_B_n_r_t_g_n.md,97,899,". - Ngừng hóa trị và nghỉ từ ngày 50-57. b.5. Giai đoạn trung gian b.5.1. Nhóm B1 Bắt đầu ngay khi bạch cầu trung tính và monno > 1G/L và tiểu cầu > 100G/L - Vincristine: 1,5mg/m2, ngày 1, 15, 29, 43. Tiêm tĩnh mạch chậm hoặc truyền tĩnh mạch (tối đa 2mg). - Methylprednisone: 40mg/m2, ngày 1-7; ngày 29-35. Chia 3 lần, uống. - Mercaptopurine: 50mg/m2, ngày 1-49. Uống, sáng, đói. - Methotrexate: 25mg/m2, ngày 8, 15, 22, 36, 43. Uống 1 lần, sáng, đói. 5.000mg/m2, ngày 1, 29. Truyền tĩnh mạch 24 giờ. - Tiêm tủy sống 3 thuốc ngày 1, 29 ngay sau khi kết thúc MTX-HD (giờ 24). Lưu ý: - Đối với nhóm B1 có tổn thương thần kinh trung ương lúc chẩn đoán: + Bổ sung một mũi tiêm tủy sống (*) vào ngày 15 và không thực hiện hóa trị liệu ngày 43; + Xạ trị cho những người bệnh này vào khoảng ngày 40-55. Tổng liều xạ trị là 24Gy cho đến C2 cho trẻ > 4 tuổi, và liều này giảm xuống 18Gy cho trẻ < 4 tuổi",{}
HuongDanChanDoanVaDieuTriMotSoBenhLyHuyetHoc_B_n_r_t_g_n.md:98,HuongDanChanDoanVaDieuTriMotSoBenhLyHuyetHoc_B_n_r_t_g_n.md,98,325,". Tổng liều xạ trị là 24Gy cho đến C2 cho trẻ > 4 tuổi, và liều này giảm xuống 18Gy cho trẻ < 4 tuổi. - Sử dụng MTX liều cao: Dùng acid folinic vào giờ thứ 36 (xem phụ lục). - Ngừng co-trimoxazol 3 ngày trước và 5 ngày sau khi dùng MTX liều cao (xem phụ lục). b.5.2. Nhóm B2 ngoctlv.kcb_Truong Le Van Ngoc_04/07/2022 08:49:53",{}
HuongDanChanDoanVaDieuTriMotSoBenhLyHuyetHoc_B_n_r_t_g_n.md:99,HuongDanChanDoanVaDieuTriMotSoBenhLyHuyetHoc_B_n_r_t_g_n.md,99,814,"Bắt đầu ngay khi bạch cầu trung tính và mono > 1 G/L và tiểu cầu > 100 G/L - Vincristine: 1,5mg/m2/lần (tiêm tĩnh mạch chậm hoặc truyền tĩnh mạch) ngày 1, 15, 29 (không quá 2mg). Bổ sung thêm ngày 43 (nếu không có xạ trị TKTW). - Methylprednisone: 40mg/m2/ngày (chia 3 lần, uống), ngày 1-7, ngày 29-35. - Mercaptopurine: 50mg/m2/ngày (uống), ngày 1-49. - Methotrexat: 5.000mg/m2/ngày (truyền tĩnh mạch/24 giờ), ngày 1, 15, 29, 43. - Methotrexat: 25 mg/m2/lần (uống), ngày 8, 22, 36. - Tiêm tủy sống 3 thuốc (vào giờ 24 sau MTX), ngày 2, 16, 30, 43. Lưu ý: - Acid folinic (thuốc giải MTX) bắt đầu từ giờ thứ 36 của MTX. - Đối với trẻ > 4 tuổi: Chỉ định xạ trị dự phòng thần kinh trung ương từ ngày 40-55 và không có hóa trị vào ngày 43 (gồm MTX và IT). - Đối với trẻ < 4 tuổi: Không xạ trị thần kinh trung ương",{}
HuongDanChanDoanVaDieuTriMotSoBenhLyHuyetHoc_B_n_r_t_g_n.md:100,HuongDanChanDoanVaDieuTriMotSoBenhLyHuyetHoc_B_n_r_t_g_n.md,100,834,". - Đối với trẻ < 4 tuổi: Không xạ trị thần kinh trung ương. - Chiếu xạ dự phòng thần kinh trung ương: Được thực hiện cho tất cả người bệnh trẻ em trên 4 tuổi từ ngày 40-55 với liều 18Gy cho đến C2. Trẻ dưới 4 tuổi sẽ không được xạ trị và được bổ sung thêm hóa trị liệu với MTX + IT vào ngày 43. - Chiếu xạ điều trị thần kinh trung ương: Dành cho người bệnh có tổn thương thần kinh trung ương lúc chẩn đoán (CNS+) vào khoảng ngày 40-55. Liều xạ trị là 24Gy cho đến C2 cho trẻ > 4 tuổi, và liều này giảm xuống 18Gy cho trẻ < 4 tuổi. - Sử dụng MTX liều cao: Dùng acid folinique vào giờ thứ 36 (xem phụ lục). - Ngừng co-trimoxazol 3 ngày trước và 5 ngày sau khi dùng MTX liều cao (xem phụ lục). - Ngừng hóa trị liệu và nghỉ từ ngày 50-57. b.6. Giai đoạn tăng cường 2 (chung cả B1 và B2) - Liệu trình như tăng cường 2 của nhóm A3. b.7",{}
HuongDanChanDoanVaDieuTriMotSoBenhLyHuyetHoc_B_n_r_t_g_n.md:101,HuongDanChanDoanVaDieuTriMotSoBenhLyHuyetHoc_B_n_r_t_g_n.md,101,786,". - Ngừng hóa trị liệu và nghỉ từ ngày 50-57. b.6. Giai đoạn tăng cường 2 (chung cả B1 và B2) - Liệu trình như tăng cường 2 của nhóm A3. b.7. Giai đoạn duy trì - Bắt đầu từ ngày 57 của giai đoạn tăng cường II, khi bạch cầu trung tính > 1G/L và tiểu cầu > 100G/L. - Thời gian điều trị duy trì kéo dài trong 24 tháng (nam lẫn nữ), trong đó có 12 tháng tái tấn công (RI) với vincristine và methylprednisone trong năm đầu tiên. Bao gồm: - Vincristine: 1,5mg/m2/ngày (tiêm tĩnh mạch chậm hoặc truyền tĩnh mạch), ngày 1 mỗi tháng, trong 12 tháng đầu (không quá 2mg). - Methylprednisone: 40mg/m2/ngày (uống), ngày 1-7 mỗi tháng, trong 12 tháng đầu. - Methotrexate: 25mg/m2/tuần (uống), ngày 8, 15, 22 mỗi tháng (ngừng vào tuần có Vincristine). - Mercaptopurine: 75mg/m2/ngày (uống): Liên tục",{}
HuongDanChanDoanVaDieuTriMotSoBenhLyHuyetHoc_B_n_r_t_g_n.md:102,HuongDanChanDoanVaDieuTriMotSoBenhLyHuyetHoc_B_n_r_t_g_n.md,102,335,". - Methotrexate: 25mg/m2/tuần (uống), ngày 8, 15, 22 mỗi tháng (ngừng vào tuần có Vincristine). - Mercaptopurine: 75mg/m2/ngày (uống): Liên tục. - Tiêm tủy sống 3 thuốc mỗi 3 tháng vào ngày 1 của tái tấn công, bắt đầu từ RI tháng thứ 3 (RI tháng 3, 6, 9, 12,15,18), tổng cộng 6 mũi. ngoctlv.kcb_Truong Le Van Ngoc_04/07/2022 08:49:53",{}
HuongDanChanDoanVaDieuTriMotSoBenhLyHuyetHoc_B_n_r_t_g_n.md:103,HuongDanChanDoanVaDieuTriMotSoBenhLyHuyetHoc_B_n_r_t_g_n.md,103,554,"Lưu ý: - Điều kiện duy trì mỗi tháng khi bạch cầu trung tính > 0,5G/L, tiểu cầu > 100G/L. - Người bệnh đã xạ trị thì không được tiêm tủy sống nữa. - Tiếp tục phòng ngừa Pneumocystic carinii trong giai đoạn duy trì với bactrim 25mg/kg x 1 liều, 3 ngày mỗi tuần. 3.2.2. Phác đồ điều trị lơ xê mi lymho T cấp (FRALLE 2000 T) 3.2.2.1. Sơ đồ điều trị tổng quát

Củng cố (8 tuần) Endoxan, ARAC, 6TG rồi đến VCR, PRED, 6MP, MTX + 2 đợt MTX-HD (5.000 mg/m2) NHÓM T1 Chú ý: MRD N35-42 > 10-2, chuyển nhóm T2

Củng cố (9 tuần) 3 đợt : VEDA, COPADM2000, VEDA",{}
HuongDanChanDoanVaDieuTriMotSoBenhLyHuyetHoc_B_n_r_t_g_n.md:104,HuongDanChanDoanVaDieuTriMotSoBenhLyHuyetHoc_B_n_r_t_g_n.md,104,585,"Củng cố (9 tuần) 3 đợt : VEDA, COPADM2000, VEDA

NHÓM T2 Tăng cường 2 (8 tuần) VCR, PRED, DNR, L-ASPA rồi đến 6-TG, endoxan, AraC Cảm ứng: Ngày 1-7 Corticoid + IT MTX Ngày 8-21: Tấn công VCR, PRED, DNR ngày 8, 9,10 và15, ENDOXAN 1 g/m2 N8 + L-Aspa x 9 Tăng cường 1 (8 tuần) VDS/ ADRIA/ PRED/ L-Aspa rồi đến 6-TG, AraC, VP-16 Trung gian (8 tuần) VCR, PRED, 6-MP, MTX + 4 đợt MTX-HD (5.000 mg/m2) Xạ trị Trung gian (8 tuần) VCR, PRED, 6-MP, MTX + 3 đợt MTX-HD (5.000 mg/m2) Xạ trị Duy trì 18 tháng 6-MP + MTX cùng với 12 RI : VCR + PRED ngoctlv.kcb_Truong Le Van Ngoc_04/07/2022 08:49:53",{}
HuongDanChanDoanVaDieuTriMotSoBenhLyHuyetHoc_B_n_r_t_g_n.md:105,HuongDanChanDoanVaDieuTriMotSoBenhLyHuyetHoc_B_n_r_t_g_n.md,105,843,"3.2.2.2. Phác đồ điều trị chi tiết a. Giai đoạn cảm ứng: - Methylprednisone: 60mg/m2/ngày chia 2 lần (uống hay tĩnh mạch), ngày 1-7. Nếu dùng đường tĩnh mạch: Sử dụng methylprednisolone cùng liều như trên. b. Giai đoạn tấn công: Bắt đầu từ ngày 8, ngay sau điều trị cảm ứng - Methylprednisone: 40mg/m2, ngày 8-28, uống hoặc tĩnh mạch, chia 3 lần. Từ ngày 29: Giảm liều dần và ngừng vào ngày 35. - Vincristine: 1,5mg/m2, ngày 8, 15, 22, 29. Tiêm tĩnh mạch chậm hoặc truyền tĩnh mạch (không quá 2mg). - Daunorubicine: 40mg/m2, ngày 8, 9, 10, 15. Truyền tĩnh mạch trong 60 phút. - L-Asparaginase: 6.000UI/m2, ngày 10, 12, 14, 16, 18, 20, 23, 25, 27. Tiêm bắp hoặc truyền tĩnh mạch trong 1 giờ. - Cyclophosphamide: 1.000 mg/m2, ngày 8. Truyền tĩnh mạch trong 30 phút. - Tiêm tủy sống 3 thuốc theo tuổi, ngày 8, 15 (với MTX, DEPO, cytarabin)",{}
HuongDanChanDoanVaDieuTriMotSoBenhLyHuyetHoc_B_n_r_t_g_n.md:106,HuongDanChanDoanVaDieuTriMotSoBenhLyHuyetHoc_B_n_r_t_g_n.md,106,757,". - Cyclophosphamide: 1.000 mg/m2, ngày 8. Truyền tĩnh mạch trong 30 phút. - Tiêm tủy sống 3 thuốc theo tuổi, ngày 8, 15 (với MTX, DEPO, cytarabin). Ngày 22 nếu người bệnh có tổn thương thần kinh trung ương lúc chẩn đoán. Lưu ý: - Người bệnh có tổn thương thần kinh trung ương lúc chẩn đoán: Bổ sung thêm 1 mũi tiêm tủy sống vào ngày 22. - Huyết đồ (ngày 8): Đánh giá nhạy cảm với methylprednisone. + Nhạy với methylprednisone: Khi tế bào blast ở máu ngoại vi (ngày 8): < 1G/L; + Kháng với methylprednisone: Khi tế bào blast ở máu ngoại vi (ngày 8): ≥ 1G/L; - Tủy đồ (ngày 21): Đánh giá nhạy cảm với hóa trị liệu ban đầu. + Nhạy hóa trị liệu: Khi tế bào blast trong tủy vào ngày 21: ≤ 5%; + Kháng hóa trị liệu: Khi tế bào blast trong tủy vào ngày 21: > 5%",{}
HuongDanChanDoanVaDieuTriMotSoBenhLyHuyetHoc_B_n_r_t_g_n.md:107,HuongDanChanDoanVaDieuTriMotSoBenhLyHuyetHoc_B_n_r_t_g_n.md,107,891,". + Nhạy hóa trị liệu: Khi tế bào blast trong tủy vào ngày 21: ≤ 5%; + Kháng hóa trị liệu: Khi tế bào blast trong tủy vào ngày 21: > 5%. Từ ngày 22 theo kết quả huyết + tủy đồ người bệnh được phân thành 2 nhóm T1 và T2 - Xét nghiệm tủy đồ, MRD và FISH, PCR, Karyotype (nếu có bất thường lúc chẩn đoán) vào ngày 35-42 để đánh giá lui bệnh và theo dõi sau khi đạt lui bệnh. - Người bệnh có MRD dương (≥ 10-2) vào ngày 35-42 sẽ được tiếp tục điều trị giai đoạn củng cố theo nhóm T2 khi đủ điều kiện cho đến hết phác đồ. Những người bệnh này sẽ ghép tế bào gốc khi đạt CR1 nếu có người cho phù hợp HLA. c. Giai đoạn củng cố c1. Nhóm T1 ĐỢT 1: Bắt đầu khi bạch cầu đoạn trung tính và monocyte > 1G/L và tiểu cầu > 100G/L - Mercaptopurine 50 mg/m2/ngày (uống), ngày 1-21. - Cyclophosphamide: 1.000mg/m2 (truyền tĩnh mạch trên 1 giờ), ngày 1, 15. ngoctlv.kcb_Truong Le Van Ngoc_04/07/2022 08:49:53",{}
HuongDanChanDoanVaDieuTriMotSoBenhLyHuyetHoc_B_n_r_t_g_n.md:108,HuongDanChanDoanVaDieuTriMotSoBenhLyHuyetHoc_B_n_r_t_g_n.md,108,886,"- Cytarabine: 30mg/m2/12 giờ (tiêm dưới da), ngày 1-2, ngày 8-9, ngày 15-16 (tổng cộng 12 mũi). - Tiêm tủy sống 3 thuốc vào ngày 1, 15. ĐỢT 2: Bắt đầu khi bạch cầu đoạn trung tính > 0,5G/L và tiểu cầu > 50G/L - Vincristine: 1,5mg/m2 (tĩnh mạch chậm hoặc truyền tĩnh mạch), ngày 29, 43 (không quá 2mg/ngày). - Methylprednisone: 40 mg/m2/ngày (uống, chia 3 lần/ngày), ngày 29-35. - Mercaptopurine: 50 mg/m2/ngày (uống), ngày 29-49. - Methotrexate: 25 mg/m2/lần (uống), ngày 36. - Methotrexate: 5.000mg/m2/ngày (truyền tĩnh mạch 24 giờ), ngày 29, 43. - Tiêm tủy sống 3 thuốc vào giờ 24 của Methotrexat liều cao (ngày 30, 44). Lưu ý: - Thuốc ngày 8, 15, 43 được tiếp tục bất kể số lượng tế bào máu (nếu không có bất thường về lâm sàng, sinh hóa). - Nếu kết quả MRD vào ngày 35-42 dương: Người bệnh được tiếp tục điều trị giai đoạn củng cố nhóm T2 ngay khi có thể và sẽ làm lại MRD lần hai",{}
HuongDanChanDoanVaDieuTriMotSoBenhLyHuyetHoc_B_n_r_t_g_n.md:109,HuongDanChanDoanVaDieuTriMotSoBenhLyHuyetHoc_B_n_r_t_g_n.md,109,878,". - Nếu kết quả MRD vào ngày 35-42 dương: Người bệnh được tiếp tục điều trị giai đoạn củng cố nhóm T2 ngay khi có thể và sẽ làm lại MRD lần hai. Nếu MRD lần hai dương, người bệnh bắt buộc phải ghép tế bào gốc khi đạt CR1 nếu có người cho phù hợp. - Nếu sử dụng MTX liều cao: Dùng acid folinique vào giờ thứ 36 (xem phụ lục). - Ngừng Co-trimoxazol 3 ngày trước và 5 ngày sau khi dùng MTX liều cao (xem phụ lục). - Ngừng hóa trị và nghỉ từ ngày 50-57. c2. Nhóm T2 (3 đợt liên tiếp: VEDA/COPADM2000/VEDA) Liệu trình như củng cố nhóm A3. d. Giai đoạn tăng cường 1 (chung cả nhóm T1 và T2) Liệu trình như tăng cường 1 của B1 và B2. e. Giai đoạn trung gian e1. Nhóm T1:Giống như nhóm B1. Xạ trị dự phòng (từ ngày 40-55) cho các bênh nhân trên 4 tuổi có BC lúc nhập viện ≥ 100G/L (liều xạ giống như nhóm B2). Không có hóa trị liệu ngày 43 (VCR, MTX, IT). e2. Nhóm T2: Như nhóm B2. g",{}
HuongDanChanDoanVaDieuTriMotSoBenhLyHuyetHoc_B_n_r_t_g_n.md:110,HuongDanChanDoanVaDieuTriMotSoBenhLyHuyetHoc_B_n_r_t_g_n.md,110,537,". Không có hóa trị liệu ngày 43 (VCR, MTX, IT). e2. Nhóm T2: Như nhóm B2. g. Giai đoạn tăng cường 2: Chung cả nhóm T1 và T2 Liệu trình như tăng cường 2 của B1 và B2. f. Giai đoạn duy trì: Chung cho cả nhóm T1 và T2 Bắt đầu từ ngày 57 của giai đoạn tăng cường II, khi bạch cầu đoạn trung tính > 1G/L và tiểu cầu > 100G/L. Thời gian điều trị duy trì kéo dài trong 18 tháng (nam lẫn nữ), trong đó có 12 tháng tái tấn công (RI) với vincristine và dexamethasone trong năm đầu tiên. Bao gồm: ngoctlv.kcb_Truong Le Van Ngoc_04/07/2022 08:49:53",{}
HuongDanChanDoanVaDieuTriMotSoBenhLyHuyetHoc_B_n_r_t_g_n.md:111,HuongDanChanDoanVaDieuTriMotSoBenhLyHuyetHoc_B_n_r_t_g_n.md,111,830,"- Vincristin: 1,5mg/m2/ngày (tiêm tĩnh mạch chậm hoặc truyền tĩnh mạch), ngày 1 mỗi tháng, trong 12 tháng đầu (không quá 2mg/ngày). - Methylprednisone: 40mg/m2/ngày (uống), ngày 1-7 mỗi tháng, trong 12 tháng đầu. - Methotrexate: 25mg/m2/tuần (uống), ngày 8, 15, 22 mỗi tháng (ngừng vào tuần có Vincistine). - Mercaptopurine: 75mg/m2/ngày (uống): Liên tục. - Tiêm tủy sống 3 thuốc mỗi 3 tháng vào ngày 1 của tái tấn công, bắt đầu từ RI tháng thứ 3 (RI tháng 3, 6, 9). Tổng cộng 3 mũi. Lưu ý: - Tái tấn công mỗi 4 tuần. Điều kiện là bạch cầu trung tính > 0,5G/L, tiểu cầu > 100G/L. - Tiếp tục phòng ngừa Pneumocystic carinii trong giai đoạn duy trì với Bactrim 25 mg/kg x 1 liều, 3 ngày mỗi tuần. Trường hợp người bệnh không chịu đựng được giai đoạn duy trì, ngừng Bactrim và chuyển sang Pentacarinat phun khí dung mỗi tháng. 3.3",{}
HuongDanChanDoanVaDieuTriMotSoBenhLyHuyetHoc_B_n_r_t_g_n.md:112,HuongDanChanDoanVaDieuTriMotSoBenhLyHuyetHoc_B_n_r_t_g_n.md,112,709,". Trường hợp người bệnh không chịu đựng được giai đoạn duy trì, ngừng Bactrim và chuyển sang Pentacarinat phun khí dung mỗi tháng. 3.3. Các tiêu chuẩn đánh giá mức độ đáp ứng đối với điều trị đặc hiệu theo NCCN 2016: 3.3.1. Tiêu chuẩn đánh giá lui bệnh - Tiêu chuẩn lui bệnh hoàn toàn về mặt huyết học (CR): + Không phát hiện tế bào ác tính trong máu ngoại vi hay biểu hiện thâm nhiễm ngoài tủy (hết các triệu chứng gan to, lách, hạch to, thâm nhiễm thần kinh trung ương); + Phục hồi các dòng tế bào sinh máu trong tuỷ; Tỷ lệ blast < 5% tổng số tế bào có nhân trong tủy; + Số lượng tuyệt đối bạch cầu đoạn máu ngoại vi > 1 G/l; + Số lượng tiểu cầu > 100 G/l; + Không tái phát trong vòng 4 tuần",{}
HuongDanChanDoanVaDieuTriMotSoBenhLyHuyetHoc_B_n_r_t_g_n.md:113,HuongDanChanDoanVaDieuTriMotSoBenhLyHuyetHoc_B_n_r_t_g_n.md,113,681,". - Lui bệnh không hoàn toàn về mặt huyết học (CRi): Có đầy đủ tiêu chuẩn lui bệnh hoàn toàn ngoại trừ: + Số lượng bạch cầu hạt máu ngoại vi < 1 G/l; + Số lượng tiểu cầu < 100 G/l; + Không lui bệnh về mặt huyết học (NR): Không đạt được các tiêu chuẩn CR khi kết thúc điều trị cảm ứng. 3.3.2. Tiêu chuẩn tái phát - Tái phát tuỷ xương đơn độc: Sau khi đạt lui bệnh hoàn toàn, bệnh nhi có biểu hiện thiếu máu, xuất huyết dưới da, sốt, hạch to trở lại..., xuất hiện tế bào blast trong máu ngoại vi, tuỷ xương có ≥ 25% tế bào blast. - Tái phát tuỷ xương kết hợp: Tái phát tuỷ xương + có ít nhất 1 vị trí tái phát ngoài tuỷ xương. ngoctlv.kcb_Truong Le Van Ngoc_04/07/2022 08:49:53",{}
HuongDanChanDoanVaDieuTriMotSoBenhLyHuyetHoc_B_n_r_t_g_n.md:114,HuongDanChanDoanVaDieuTriMotSoBenhLyHuyetHoc_B_n_r_t_g_n.md,114,888,"- Tái phát TKTW: Có hoặc không có đau đầu, buồn nôn, dịch não tuỷ có > 5 bạch cầu/mm3 và có tế bào blast, hoặc có u nội sọ, tổn thương các dây thần kinh sọ, tổn thương võng mạc không giải thích được nguyên nhân. - Tái phát ngoài tủy khác: Có hiện diện của nguyên bào lympho ở thận hay tinh hoàn... 3.4. Bilan để theo dõi và đánh giá trong suốt quá trình điều trị và khi kết thúc phác đồ điều trị. Tổng hợp các bilan cần chú ý trong phác đồ: 3.4.1. Bilan trước điều trị: Các xét nghiệm cần làm tại thời điểm chẩn đoán: - Huyết tủy đồ: Hình thái và hóa học tế bào. - Dấu ấn miễn dịch. - Di truyền và sinh học phân tử. - Sinh thiết tủy xương: Có thể dược chỉ định trong trường hợp tủy nghèo tế bào, tỷ lệ blast < 20% tế bào có nhân trong tủy. - Sinh hóa máu: Chức năng gan, thận, acid uric, LDH. - Đông máu cơ bản: + Fibrinogen, PT, APTT, TT; + Nghiệm pháp rượu; + D-dimer",{}
HuongDanChanDoanVaDieuTriMotSoBenhLyHuyetHoc_B_n_r_t_g_n.md:115,HuongDanChanDoanVaDieuTriMotSoBenhLyHuyetHoc_B_n_r_t_g_n.md,115,857,". - Sinh hóa máu: Chức năng gan, thận, acid uric, LDH. - Đông máu cơ bản: + Fibrinogen, PT, APTT, TT; + Nghiệm pháp rượu; + D-dimer. - Các virus: HBV, HCV, HIV, EBV, CMV. - Định nhóm máu hồng cầu: ABO, Rh(D). - Điện tâm đồ và siêu âm tim. - Chẩn đoán hình ảnh: + X-quang tim phổi; + Siêu âm ổ bụng, siêu âm tim. - Xét nghiệm dịch não tủy. - Xét nghiệm HLA: + Nhóm 1: HLA-A; HLA-B; HLA-C; + Nhóm 2: HLA-DR; HLA-DQ. Lưu ý: Bệnh nhân cần được khám răng hàm mặt, tai mũi họng trước khi điều trị. 3.4.2. Bilan trong quá trình điều trị - Huyết đồ ngày 8: Xác định tình trạng nhạy cảm corticoid. - Tủy đồ ngày 21: Xác định tình trạng nhạy cảm hóa trị liệu. - Tủy đồ + MRD vào ngày 35-42: Xác định tình trạng lui bệnh và đánh giá MRD lần 1. - Tủy đồ + MRD vào ngày 21/29 giai đoạn củng cố: Đánh giá MRD lần 2, dành cho các người bệnh có MRD (+) vào ngày 35-42",{}
HuongDanChanDoanVaDieuTriMotSoBenhLyHuyetHoc_B_n_r_t_g_n.md:116,HuongDanChanDoanVaDieuTriMotSoBenhLyHuyetHoc_B_n_r_t_g_n.md,116,212,". - Tủy đồ + MRD vào ngày 21/29 giai đoạn củng cố: Đánh giá MRD lần 2, dành cho các người bệnh có MRD (+) vào ngày 35-42. Xét nghiệm MRD có thể được đánh giá vào ngoctlv.kcb_Truong Le Van Ngoc_04/07/2022 08:49:53",{}
HuongDanChanDoanVaDieuTriMotSoBenhLyHuyetHoc_B_n_r_t_g_n.md:117,HuongDanChanDoanVaDieuTriMotSoBenhLyHuyetHoc_B_n_r_t_g_n.md,117,838,"mỗi giai đoạn tiếp theo nếu người bệnh có MRD (+) trước đó và được đánh giá lại trước khi người bệnh điều trị duy trì. - Tủy đồ trước mỗi một giai đoạn điều trị (tấn công, củng cố, tăng cường 1, trung gian, tăng cường 2). - Xét nghiệm chẩn đoán hình ảnh và thăm dò chức năng: XQ tim phổi, siêu âm ổ bụng, siêu âm tim và CT-scanner, MRI nếu có nghi ngờ thâm nhiễm trước mỗi giai đoạn điều trị (tấn công, củng cố, tăng cường 1, trung gian, tăng cường 2). - Bilan theo dõi trong mỗi đợt điều trị: Xét nghiệm sinh hóa máu, tổng phân tích tế bào máu ngoại vi, đông máu huyết tương, xét nghiệm dịch não tủy trong quá trình điều trị. Trong trường hợp bệnh nhân điều trị Methotrexat liều cao, cần theo dõi xét nghiệm định lượng Methotrexat trong máu, nước tiểu, theo dõi pH nước tiểu để đánh giá nguy cơ độc tố của Methotrexat liều cao. 3.4.3",{}
HuongDanChanDoanVaDieuTriMotSoBenhLyHuyetHoc_B_n_r_t_g_n.md:118,HuongDanChanDoanVaDieuTriMotSoBenhLyHuyetHoc_B_n_r_t_g_n.md,118,776,". 3.4.3. Bilan kết thúc điều trị - Huyết tủy đồ, đánh giá MRD, đánh giá chức năng cơ quan khi bệnh nhân kết thúc điều trị. - Khi bệnh ở giai đoạn ổn định, theo dõi xét nghiệm tổng phân tích tế bào máu ngoại vi, sinh hóa máu, đông máu huyết tương hàng tháng, làm Huyết tủy đồ nếu nghi ngờ tái phát. 3.5. Điều trị tái phát - Điều trị hóa chất phác đồ tái phát: Có thể lựa chọn một trong các phác đồ BFM- REZ 85, COPRALL 2005, FLAG, FLAG-Daunorubicin, FLAG-IDA, Mito-FLAG, sau đó ghép tủy đồng loài (chỉ định ghép xin xem trong bài ghép tế bào gốc tạo máu). - Tái phát thần kinh trung ương hay tái phát tinh hoàn đơn thuần: Sử dụng phác đồ O2P2 (Mỹ). Phác đồ cụ thể: 3.5.1. Phác đồ ALL- REZ-BFM 85 có cải tiến: Bao gồm 9 đợt (cảm ứng + luân phiên R1, R2, mỗi đợt 4 lần)",{}
HuongDanChanDoanVaDieuTriMotSoBenhLyHuyetHoc_B_n_r_t_g_n.md:119,HuongDanChanDoanVaDieuTriMotSoBenhLyHuyetHoc_B_n_r_t_g_n.md,119,819,". Phác đồ cụ thể: 3.5.1. Phác đồ ALL- REZ-BFM 85 có cải tiến: Bao gồm 9 đợt (cảm ứng + luân phiên R1, R2, mỗi đợt 4 lần). Mỗi đợt điều trị cách nhau 21 ngày hoặc 1 tuần sau khi tủy xương hồi phục sau đợt điều trị trước đó (số lượng bạch cầu hạt > 1,5G/L; số lượng tiểu cầu > 100G/L). a. Cảm ứng P: - Methylprednisone 100 mg/m2, uống hoặc tiêm, truyền TM ngày 1-7 và 15-21. - Vincristine 1,5 mg/m2 tiêm tĩnh mạch chậm hoặc truyền tĩnh mạch ngày 1, 8, 15, 22. - Methotrexate 1 g/m2 truyền tĩnh mạch trong 36h, ngày 1. - Leucovorin 15 mg/m2, tiêm tĩnh mạch chậm giờ 48 và 54 sau khi bắt đầu truyền Methotrexat (Có thể tiêm tăng số liều trong trường hợp bệnh nhân có nguy cơ loét hoặc có loét niêm mạc). - Cytarabine liều cao 3g/m2/12h truyền tĩnh mạch ngày 15, 16. ngoctlv.kcb_Truong Le Van Ngoc_04/07/2022 08:49:53",{}
HuongDanChanDoanVaDieuTriMotSoBenhLyHuyetHoc_B_n_r_t_g_n.md:120,HuongDanChanDoanVaDieuTriMotSoBenhLyHuyetHoc_B_n_r_t_g_n.md,120,871,"- L-aspaginase 10.000UI/m2 tiêm bắp ngày 2,3 và ngày 17, 18. b. R1: - Methylprednisone 100 mg/m2, uống hoặc tiêm, truyền tĩnh mạch ngày 1-5. - Vincristine 1,5 mg/m2 tiêm tĩnh mạch chậm hoặc truyền tĩnh mạch ngày 1. - Methotrexate 1 g/m2 truyền tĩnh mạch trong 36h, bắt đầu từ ngày 1. - Leucovorin 15 mg/m2, tiêm tĩnh mạch chậm giờ 48 và 54 sau khi bắt đầu truyền Methotrexat (Có thể tiêm tăng số liều trong trường bệnh nhân có nguy cơ loét hoặc có loét niêm mạc). - Cytarabine 300/m2 truyền tĩnh mạch ngày 5. - Teniposid (Etoposide) 165 mg/m2 truyền tĩnh mạch trong 1h, ngày 5. - L-aspaginase 10.000UI/m2 tiêm bắp ngày 6-8. - Mercaptopurin 100 mg/m2 uống ngày 1-5. - Tiêm tủy sống Methotrexate ngày 1 (Theo lứa tuổi). c. R2: - Dexamethasone 20 mg/m2, uống hoặc tiêm, truyền tĩnh mạch ngày 1-5. - Vincristine 1,5 mg/m2 tiêm tĩnh mạch chậm hoặc truyền tĩnh mạch ngày 1",{}
HuongDanChanDoanVaDieuTriMotSoBenhLyHuyetHoc_B_n_r_t_g_n.md:121,HuongDanChanDoanVaDieuTriMotSoBenhLyHuyetHoc_B_n_r_t_g_n.md,121,826,". c. R2: - Dexamethasone 20 mg/m2, uống hoặc tiêm, truyền tĩnh mạch ngày 1-5. - Vincristine 1,5 mg/m2 tiêm tĩnh mạch chậm hoặc truyền tĩnh mạch ngày 1. - Methotrexate 1 g/m2 truyền tĩnh mạch trong 36h, ngày 1. - Leucovorin 15 mg/m2, tiêm tĩnh mạch chậm giờ 48 và 54 sau khi bắt đầu truyền Methotrexat (Có thể tiêm tăng số liều trong trường bệnh nhân có nguy cơ loét hoặc có loét niêm mạc). - Daunorubicin 50 mg/m2 truyền tĩnh mạch ngày 5. - Ifosfamid 400 mg/m2 truyền tĩnh mạch, ngày 1-5. - Mercaptopurin 100 mg/ m2/ngày uống ngày 1-5. - Tiêm tủy sống Methotrexate ngày 1 (Theo lứa tuổi). Điều trị luân phiên R1 và R2 mỗi loại 4 đợt Điều trị duy trì: Bắt đầu khi hoàn thành tất cả các đợt R1 và R2: - Mercaptopurin 50 mg/m2 uống hàng ngày trong 2 năm. - Methotrexate 50 mg/m2 hàng tuần tĩnh mạch hoặc uống trong 2 năm",{}
HuongDanChanDoanVaDieuTriMotSoBenhLyHuyetHoc_B_n_r_t_g_n.md:122,HuongDanChanDoanVaDieuTriMotSoBenhLyHuyetHoc_B_n_r_t_g_n.md,122,244,". - Methotrexate 50 mg/m2 hàng tuần tĩnh mạch hoặc uống trong 2 năm. - Tiêm tủy sống 3 loại (Methotrexate, cytarabin, hydrocortison hoặc dexamethasone) (theo lứa tuổi) 6 tuần/lần trong 2 năm. ngoctlv.kcb_Truong Le Van Ngoc_04/07/2022 08:49:53",{}
HuongDanChanDoanVaDieuTriMotSoBenhLyHuyetHoc_B_n_r_t_g_n.md:123,HuongDanChanDoanVaDieuTriMotSoBenhLyHuyetHoc_B_n_r_t_g_n.md,123,733,"3.5.2. Phác đồ Cooprall 2005: Phác đồ Cooprall bao gồm nhiều đợt hóa chất với các đợt điều trị phụ thuộc vào vị trí và thời gian tái phát.  Phân nhóm điều trị:  Nhóm S1 Bao gồm tất cả trường hợp tái phát ngoài tủy đơn độc (kể cả ở hệ thần kinh TW) xảy ra ở thời điểm ≥ 6 tháng sau khi ngưng điều trị lần 1, bất kể là kiểu hình lympho T hay không phải lympho T.  Nhóm S2 - Tất cả các Lơ xê mi lympho B cấp tái phát tại tủy xương vào thời điểm ≥ 6 tháng sau khi ngưng điều trị lần 1. - Tất cả các Lơ xê mi lympho B cấp tái phát nhiều nơi (kết hợp) với thời gian từ lúc chẩn đoán ban đầu đến lúc tái phát ≥ 18 tháng. - Tái phát ngoài tủy đơn độc, sớm xảy ra trong quá trình điều trị hoặc < 6 tháng sau khi ngưng điều trị này",{}
HuongDanChanDoanVaDieuTriMotSoBenhLyHuyetHoc_B_n_r_t_g_n.md:124,HuongDanChanDoanVaDieuTriMotSoBenhLyHuyetHoc_B_n_r_t_g_n.md,124,875,". - Tái phát ngoài tủy đơn độc, sớm xảy ra trong quá trình điều trị hoặc < 6 tháng sau khi ngưng điều trị này.  Nhóm S3-S4 - Tất cả Lơ xê mi lympho B cấp tái phát tủy đơn độc lần thứ 1: Xảy ra vào thời điểm: + Dưới 18 tháng kể từ lúc chẩn đoán ban đầu: (S4); + ≥ 18 tháng kể từ lúc chẩn đoán ban đầu và < 6 tháng sau khi ngưng điều trị: (S3). - Tất cả Lơ xê mi lympho B cấp tái phát tủy kết hợp lần thứ 1: Xảy ra vào thời điểm < 18 tháng kể từ sau chẩn đoán ban đầu (S4). - Tất cả Lơ xê mi lympho T cấp hay U lympho không Hodgkin tế bào T tái phát tủy hay kết hợp bất kể thời gian đạt CR1 (S4). - Tất cả Lơ xê mi lympho cấp với NST Ph(+) tái phát hoặc Lơ xê mi lympho cấp có tái sắp xếp gen MLL tái phát (S4).  Phác đồ điều trị theo phân nhóm: - Với nhóm S1: Điều trị cảm ứng Block F1 và Block F2 sau đó luân phiên R2 và R1 mỗi loại 3 đợt, sau đó duy trì 12 tháng",{}
HuongDanChanDoanVaDieuTriMotSoBenhLyHuyetHoc_B_n_r_t_g_n.md:125,HuongDanChanDoanVaDieuTriMotSoBenhLyHuyetHoc_B_n_r_t_g_n.md,125,682,".  Phác đồ điều trị theo phân nhóm: - Với nhóm S1: Điều trị cảm ứng Block F1 và Block F2 sau đó luân phiên R2 và R1 mỗi loại 3 đợt, sau đó duy trì 12 tháng. - Với nhóm S2: Điều trị cảm ứng Block F1 và Block F2 sau đó luân phiên R2 và R1 mỗi loại 3 đợt, sau đó ghép tế bào gốc tạo máu hoặc 4 đợt sau đó duy trì 2 năm nếu không ghép tế bào gốc. - Với nhóm S3-4: Điều trị cảm ứng Block F1 và Block F2 sau đó luân phiên R2 và R1 mỗi loại 2 đợt sau đó ghép tế bào gốc. Mỗi đợt điều trị cách nhau 21 ngày hoặc 1 tuần sau khi tủy xương hồi phục sau đợt điều trị trước đó (số lượng bạch cầu hạt > 1,5G/L; số lượng tiểu cầu > 100G/L). ngoctlv.kcb_Truong Le Van Ngoc_04/07/2022 08:49:53",{}
HuongDanChanDoanVaDieuTriMotSoBenhLyHuyetHoc_B_n_r_t_g_n.md:126,HuongDanChanDoanVaDieuTriMotSoBenhLyHuyetHoc_B_n_r_t_g_n.md,126,870," Phác đồ điều trị cụ thể: - Cảm ứng: Lần lượt với Block F1 và Block F2. a. Block F1: - Dexamethasone 20 mg/m2, uống hoặc tiêm, truyền TM ngày 1-5. - Vincristine 1,5 mg/m2 tiêm tĩnh mạch chậm hoặc truyền tĩnh mạch ngày 1, 6. - Methotrexate 1 g/m2 truyền tĩnh mạch trong 36h, ngày 1. - Leucovorin 15 mg/m2, tiêm tĩnh mạch chậm giờ 48 và 54 sau khi bắt đầu truyền Methotrexat (Có thể tiêm tăng số liều trong trường bệnh nhân có nguy cơ loét hoặc có loét niêm mạc). - L-aspaginase 6.000UI/m2 tiêm bắp x 6 mũi từ ngày 4 - Tiêm tủy sống 3 loại (Methotrexate, cytarabin, prednisone) (theo lứa tuổi) ngày 2 (có thể thêm ngày 7 nếu có nguy cơ cao thâm nhiễm thần kinh trung ương). b. Block F2: - Dexamethasone 20 mg/m2, uống hoặc tiêm, truyền tĩnh mạch ngày 1-5. - Vincristine 1,5 mg/m2 tiêm tĩnh mạch chậm hoặc truyền tĩnh mạch ngày 1. - Cytarabine 3g/m2/12h ngày 1, 2",{}
HuongDanChanDoanVaDieuTriMotSoBenhLyHuyetHoc_B_n_r_t_g_n.md:127,HuongDanChanDoanVaDieuTriMotSoBenhLyHuyetHoc_B_n_r_t_g_n.md,127,873,". - Vincristine 1,5 mg/m2 tiêm tĩnh mạch chậm hoặc truyền tĩnh mạch ngày 1. - Cytarabine 3g/m2/12h ngày 1, 2. - L-aspaginase 6.000UI/m2 tiêm bắp x 6 mũi từ ngày 4. - Tiêm tủy sống 3 loại (Methotrexate, cytarabin, prednisone) (theo lứa tuổi) ngày 5. c. Block R2: - Dexamethasone 20 mg/m2, uống hoặc tiêm, truyền tĩnh mạch ngày 1-5, sau đó giảm xuống ½ liều ngày 6. - Vincristine 1,5 mg/m2) tiêm tĩnh mạch chậm hoặc truyền tĩnh mạch ngày 1. - Methotrexate 1 g/m2 truyền tĩnh mạch trong 36h, ngày 1. - Leucovorin 15 mg/m2, tiêm tĩnh mạch chậm giờ 48 và 54 sau khi bắt đầu truyền Methotrexat (Có thể tiêm tăng số liều trong trường bệnh nhân có nguy cơ loét hoặc có loét niêm mạc). - Daunorubicin 35 mg/m2 truyền tĩnh mạch ngày 5. - Ifosfamid 400 mg/m2 truyền tĩnh mạch, ngày 1-5. - Mercaptopurin 100 mg/m2 uống ngày 1-5. - L-aspaginase 6.000UI/m2 tiêm bắp x 6 mũi từ ngày 6",{}
HuongDanChanDoanVaDieuTriMotSoBenhLyHuyetHoc_B_n_r_t_g_n.md:128,HuongDanChanDoanVaDieuTriMotSoBenhLyHuyetHoc_B_n_r_t_g_n.md,128,599,". - Ifosfamid 400 mg/m2 truyền tĩnh mạch, ngày 1-5. - Mercaptopurin 100 mg/m2 uống ngày 1-5. - L-aspaginase 6.000UI/m2 tiêm bắp x 6 mũi từ ngày 6. - Tiêm tủy sống 3 loại (Methotrexate, cytarabin, prednisone) (theo lứa tuổi) ngày 2 (có thể thêm ngày 6 nếu có nguy cơ cao thâm nhiễm thần kinh trung ương). d. Block R1: - Dexamethasone 20 mg/m2, uống hoặc tiêm, truyền TM ngày 1-5, sau đó giảm xuống ½ liều ngày 6. - Vincristine 1,5 mg/m2 tiêm tĩnh mạch chậm hoặc truyền tĩnh mạch ngày 1, 6. - Methotrexate 1 g/m2 truyền tĩnh mạch trong 36h, ngày 1. ngoctlv.kcb_Truong Le Van Ngoc_04/07/2022 08:49:53",{}
HuongDanChanDoanVaDieuTriMotSoBenhLyHuyetHoc_B_n_r_t_g_n.md:129,HuongDanChanDoanVaDieuTriMotSoBenhLyHuyetHoc_B_n_r_t_g_n.md,129,893,"- Leucovorin 15 mg/m2, tiêm tĩnh mạch chậm giờ 48 và 54 sau khi bắt đầu truyền Methotrexat (Có thể tiêm tăng số liều trong trường bệnh nhân có nguy cơ loét hoặc có loét niêm mạc). - Cytarabine liều cao 2g/m2/12h truyền tĩnh mạch ngày 5. - Mercatopurine 100 mg/m2 uống ngày 1-5. - L-aspaginase 6.000UI/m2 tiêm bắp x 6 mũi từ ngày 6. Tiêm tủy sống 3 loại (Methotrexate, cytarabin, prednisone) (theo lứa tuổi) ngày 2. 3.5.3. Phác đồ FLAG-IDA: - Fludarabin 25-30 mg/m2 da truyền tĩnh mạch ngày 1-5. - Cytarabin 2.000 mg/m2 da truyền tĩnh mạch ngày 1-5. - G-CSF 5 mcg/kg cân nặng/ngày tiêm dưới da từ ngày 0 đến khi phục hồi bạch cầu hạt trung tính (> 1,5G/L). - Idarubicin 10 mg/m2 da/ngày tiêm tĩnh mạch ngày 1-3. Điều trị 1-2 đợt. Mỗi đợt điều trị cách nhau 28 ngày hoặc 1 tuần sau khi tủy xương hồi phục sau đợt điều trị trước đó (số lượng bạch cầu hạt > 1,5G/L; số lượng tiểu cầu > 100G/L)",{}
HuongDanChanDoanVaDieuTriMotSoBenhLyHuyetHoc_B_n_r_t_g_n.md:130,HuongDanChanDoanVaDieuTriMotSoBenhLyHuyetHoc_B_n_r_t_g_n.md,130,807,". Mỗi đợt điều trị cách nhau 28 ngày hoặc 1 tuần sau khi tủy xương hồi phục sau đợt điều trị trước đó (số lượng bạch cầu hạt > 1,5G/L; số lượng tiểu cầu > 100G/L). 3.5.4. Phác đồ FLAG-Daunorubicin - Fludarabin 25-30 mg/m2 da truyền tĩnh mạch ngày 1-5. - Cytarabin 2.000 mg/m2 da truyền tĩnh mạch ngày 1-5. - G-CSF 5 mcg/kg cân nặng/ngày tiêm dưới da từ ngày 0 đến khi phục hồi bạch cầu hạt trung tính (> 1,5G/L). - Daunorubicin 40-60 mg/m2 da/ngày tiêm tĩnh mạch ngày 1-3 hoặc ngày 1-3-5. Điều trị 1-2 đợt. Mỗi đợt điều trị cách nhau 28 ngày hoặc 1 tuần sau khi tủy xương hồi phục sau đợt điều trị trước đó (số lượng bạch cầu hạt > 1,5G/L; số lượng tiểu cầu > 100G/L). 3.5.5. Phác đồ Mito-FLAG - Fludarabin 25-30 mg/m2 da truyền tĩnh mạch ngày 1-5. - Cytarabin 2.000 mg/m2 da truyền tĩnh mạch ngày 1-5",{}
HuongDanChanDoanVaDieuTriMotSoBenhLyHuyetHoc_B_n_r_t_g_n.md:131,HuongDanChanDoanVaDieuTriMotSoBenhLyHuyetHoc_B_n_r_t_g_n.md,131,726,". 3.5.5. Phác đồ Mito-FLAG - Fludarabin 25-30 mg/m2 da truyền tĩnh mạch ngày 1-5. - Cytarabin 2.000 mg/m2 da truyền tĩnh mạch ngày 1-5. - G-CSF 5 mcg/kg cân nặng/ngày tiêm dưới da từ ngày 0 đến khi phục hồi bạch cầu hạt trung tính (> 1,5G/L). - Mitoxantrone 10 mg/m2 da/ngày tiêm tĩnh mạch ngày 1. Điều trị 1-2 đợt. Mỗi đợt điều trị cách nhau 28 ngày hoặc 1 tuần sau khi tủy xương hồi phục sau đợt điều trị trước đó (số lượng bạch cầu hạt > 1,5G/L; số lượng tiểu cầu > 100G/L). 3.5.6. Một số phác đồ khác: - Phác đồ O2P2 cho bệnh nhân tái phát thần kinh trung ương đơn độc hoặc tái phát tinh hoàn đơn độc: bao gồm 106 tuần điều trị với các thuốc cơ bản như Prednisone, ngoctlv.kcb_Truong Le Van Ngoc_04/07/2022 08:49:53",{}
HuongDanChanDoanVaDieuTriMotSoBenhLyHuyetHoc_B_n_r_t_g_n.md:132,HuongDanChanDoanVaDieuTriMotSoBenhLyHuyetHoc_B_n_r_t_g_n.md,132,686,"dexamethasone, cyclophosphamide, etoposide, daunorubicine, methotrexat, vincristin, L- Aspaginase, Mercatopurine, kết hợp tiêm tủy sống và xạ trị. 3.6. Cập nhật hướng điều trị mới: Điều trị nhắm đích kết hợp điều trị hóa đích bao gồm: - Liệu pháp phân tử: + Ức chế tyrosine kinase ABL1 (imatinib) cho bệnh nhân Ph+ hoặc Ph-like B-ALL hoặc T-ALL với NUP-214- ABL1; + Ức chế JAK (ruxolitinib) cho Ph-like hoặc ETP hoặc JAK-dependent ALL; + Bortezomib cho B/T-ALL tái phát; + Ức chế Notch (LY3039478) cho T-ALL. - Liệu pháp kháng thể miễn dịch: anti-CD19, anti-CD22. - Liệu pháp tế bào: CD19 CAR T cells, CD22 CAR T cells. ngoctlv.kcb_Truong Le Van Ngoc_04/07/2022 08:49:53",{}
HuongDanChanDoanVaDieuTriMotSoBenhLyHuyetHoc_B_n_r_t_g_n.md:133,HuongDanChanDoanVaDieuTriMotSoBenhLyHuyetHoc_B_n_r_t_g_n.md,133,898,"1. Campana D. Status of minimal residual disease testing in childhood haematological malignances. Br J Haematol. 2008 Aug 15; [Epub ahead of print] PMID: 18710378. 2. Borowitz MJ, Devidas M, Hunger SP, et al. Clinical significance of minimal residual disease in childhood acute lymphoblastic leukemia and its relationship to other prognostic factors: a Children’s Oncology Group study. Blood. 2008; 111: 5477-5485. 3. Gaynon PS, Angiolillo AL, Carroll WL, et al. Long-term results of the children’s cancer group studies for childhood acute lymphoblastic leukemia 1983–2002: a Children’s Oncology Group Report. Leukemia. 2010; 24:285-297. 4. Moricke A, Zimmermann M, Reiter A, et al. Long-term results of five consecutive trials in childhood acute lymphoblastic leukemia performed by the ALL-BFM study group from 1981 to 2000. Leukemia. 2010; 24: 265-284. 5. Pui C, Carroll W, Meshinchi S, Arceci RJ",{}
HuongDanChanDoanVaDieuTriMotSoBenhLyHuyetHoc_B_n_r_t_g_n.md:134,HuongDanChanDoanVaDieuTriMotSoBenhLyHuyetHoc_B_n_r_t_g_n.md,134,788,". Leukemia. 2010; 24: 265-284. 5. Pui C, Carroll W, Meshinchi S, Arceci RJ. Biology, risk stratification and therapy of pediatric acute leukemia: an update. J Clin Oncol. 2010 In press. 6. Pui CH, Campana D, Pei D, et al. Treating childhood acute lymphoblastic leukemia without cranial irradiation. N Engl J Med. 2009; 360:2730-2741. 7. Pui CH, Evans WE. Treatment of acute lymphoblastic leukemia. N Engl J Med. 2006; 354:166-178. 8. Tallen G, Ratei R, Mann G, et al. Long-term outcome in children with relapsed acute lymphoblastic leukemia after time-point and site-of-relapse stratification and intensified short-course multidrug chemotherapy: results of trial ALL-REZ BFM 90. J Clin Oncol. 2010; 28:2339-2347. 9. FRALLE 2000-B/T. Version amendée mars 2003. 10. Cooprall version 2005 11",{}
HuongDanChanDoanVaDieuTriMotSoBenhLyHuyetHoc_B_n_r_t_g_n.md:135,HuongDanChanDoanVaDieuTriMotSoBenhLyHuyetHoc_B_n_r_t_g_n.md,135,598,. J Clin Oncol. 2010; 28:2339-2347. 9. FRALLE 2000-B/T. Version amendée mars 2003. 10. Cooprall version 2005 11. https://www.researchgate.net/publication/20974508_BFM_Group_Treatment_Result s_in_Relapsed_Childhood_Acute_Lymphoblastic_Leukemia 12. NCCN (2016). Pediatric acute lymphoblastic leukemia. Version 2.2016. NCCN clinical practice guidelines in oncology. https://www.nccn.org/professionals/physician_gls/pdf/ped_all.pdf. 13. NCCN (2020). Pediatric acute lymphoblastic leukemia. Version 2.2020. NCCN clinical practice guidelines in oncology ngoctlv.kcb_Truong Le Van Ngoc_04/07/2022 08:49:53,{}
HuongDanChanDoanVaDieuTriMotSoBenhLyHuyetHoc_B_n_r_t_g_n.md:136,HuongDanChanDoanVaDieuTriMotSoBenhLyHuyetHoc_B_n_r_t_g_n.md,136,64,22. LƠ XÊ MI TUỶ CẤP TRẺ EM (Bệnh bạch cầu cấp dòng tủy trẻ em),{}
HuongDanChanDoanVaDieuTriMotSoBenhLyHuyetHoc_B_n_r_t_g_n.md:137,HuongDanChanDoanVaDieuTriMotSoBenhLyHuyetHoc_B_n_r_t_g_n.md,137,872,"1. ĐẠI CƯƠNG Lơ xê mi (LXM) tuỷ cấp là một nhóm bệnh máu ác tính. Đặc trưng của bệnh là sự tăng sinh một loại tế bào non ác tính (tế bào blast) có nguồn gốc dòng tủy tại tuỷ xương. Ở trẻ em, LXM tủy cấp hiếm gặp hơn LXM lympho cấp, chiếm khoảng 18% các LXM ở trẻ em, tỷ lệ gặp cao nhất ở trẻ dưới 1 tuổi. 2. NGUYÊN NHÂN Nguyên nhân gây LXM tủy cấp trẻ em chưa được sáng tỏ. Tuy nhiên, các yếu tố được cho là nguy cơ gây LXM tủy cấp ở trẻ bao gồm: Tia xạ, hóa chất, yếu tố di truyền (hội chứng Down, thiếu máu Fanconi…), cách sống của bố mẹ (nghiện rượu, thuốc lá…). 3. CHẨN ĐOÁN 3.1. Triệu chứng lâm sàng - Hội chứng thiếu máu. - Hội chứng xuất huyết. - Có thể gặp tình trạng đông máu rải rác trong lòng mạch (DIC), đặc biệt rất hay gặp trên người bệnh LXM cấp thể tiền tủy bào. - Hội chứng nhiễm trùng: Sốt, viêm loét miệng họng, viêm phổi, nhiễm trùng da..",{}
HuongDanChanDoanVaDieuTriMotSoBenhLyHuyetHoc_B_n_r_t_g_n.md:138,HuongDanChanDoanVaDieuTriMotSoBenhLyHuyetHoc_B_n_r_t_g_n.md,138,835,". - Hội chứng nhiễm trùng: Sốt, viêm loét miệng họng, viêm phổi, nhiễm trùng da... - Hội chứng thâm nhiễm: Gan to, lách to, hạch to, phì đại lợi, thâm nhiễm da, đau xương, thâm nhiễm thần kinh trung ương với các dấu hiệu thần kinh khu trú... - Trong trường hợp số lượng bạch cầu tăng cao có thể gặp triệu chứng tắc mạch do tăng bạch cầu: Tắc mạch não, tắc mạch phổi, tắc mạch dương vật… - Biểu hiện toàn thân do bệnh lý ác tính: Mệt mỏi, gầy sút, suy sụp nhanh. 3.2. Triệu chứng xét nghiệm 3.2.1. Xét nghiệm tế bào máu ngoại vi và tủy xương a. Xét nghệm tế bào máu ngoại vi: Thường có các biểu hiện sau: - Thiếu máu bình sắc, hồng cầu kích thước bình thường, hồng cầu lưới giảm. - Số lượng bạch cầu thường tăng, nhưng có thể bình thường hoặc giảm; gặp một tỷ lệ tế bào non (tế bào blast) - ác tính. - Số lượng tiểu cầu giảm. b",{}
HuongDanChanDoanVaDieuTriMotSoBenhLyHuyetHoc_B_n_r_t_g_n.md:139,HuongDanChanDoanVaDieuTriMotSoBenhLyHuyetHoc_B_n_r_t_g_n.md,139,535,". - Số lượng bạch cầu thường tăng, nhưng có thể bình thường hoặc giảm; gặp một tỷ lệ tế bào non (tế bào blast) - ác tính. - Số lượng tiểu cầu giảm. b. Xét nghiệm tủy xương: - Xét nghiệm tủy đồ: Số lượng tế bào tủy thường tăng, tế bào blast tăng sinh, hình thái dòng tủy, chiếm tỷ lệ ≥ 20% các tế bào có nhân trong tủy. Các dòng hồng cầu, bạch cầu hạt và mẫu tiểu cầu bị lấn át bởi tế bào blast. - Nhuộm hoá học tế bào cho phép chẩn đoán thể bệnh LXM cấp theo bảng xếp loại FAB: ngoctlv.kcb_Truong Le Van Ngoc_04/07/2022 08:49:53",{}
HuongDanChanDoanVaDieuTriMotSoBenhLyHuyetHoc_B_n_r_t_g_n.md:140,HuongDanChanDoanVaDieuTriMotSoBenhLyHuyetHoc_B_n_r_t_g_n.md,140,890,"+ Thường dương tính với MPO, Soudan - Black, âm tính với PAS; + Kỹ thuật nhuộm esterase không đặc hiệu được sử dụng trong chẩn đoán LXM cấp dòng mono vì các tế bào thuộc dòng này cho phản ứng dương tính mạnh và bị ức chế bởi NaF, trong khi tế bào dòng bạch cầu hạt tuy cũng cho phản ứng dương tính nhưng không bị ức chế bởi NaF. - Sinh thiết tuỷ xương được chỉ định trong trường hợp chọc hút tuỷ không chẩn đoán xác định được do tủy nghèo tế bào. 3.2.2. Đặc điểm dấu ấn miễn dịch và di truyền a. Dấu ấn miễn dịch đặc trưng trong LXM tủy cấp (AML) - Tế bào non chưa biệt hóa: CD34, CD117 (c-kit): tế bào dòng tủy/tế bào gốc. - Dòng bạch cầu hạt: CD13, CD15, CD 33, cytoplasmic MPO, HLA-DR (dương tính trong đa số thể AML, âm tính trong APL). - Dòng mono: CD13, CD15, CD33, CD14. - Dòng mẫu tiểu cầu: CD41 (Platelet glycoprotein IIb/IIIa complex), CD61 (Platelet glycoprotein IIIa)",{}
HuongDanChanDoanVaDieuTriMotSoBenhLyHuyetHoc_B_n_r_t_g_n.md:141,HuongDanChanDoanVaDieuTriMotSoBenhLyHuyetHoc_B_n_r_t_g_n.md,141,855,". - Dòng mono: CD13, CD15, CD33, CD14. - Dòng mẫu tiểu cầu: CD41 (Platelet glycoprotein IIb/IIIa complex), CD61 (Platelet glycoprotein IIIa). - Dòng hồng cầu: Glycophorin A. b. Bất thường di truyền và ý nghĩa tiên lượng trong LXM tuỷ cấp trẻ em - Nguy cơ thấp: Bất thường NST t(8;21) tạo đột biến gen AML1/ETO (15%), t(15;17) tạo đột biến gen PML/RAR, hoặc inv(16) tạo đột biến gen CBFβ/MYH11 (10%), đột biến gen liên quan đến sắp xếp lại gen MLL (20%) (một số thuộc nhóm tiên lượng xấu); đột biến NPM1, đột biến CEFBA (hiếm gặp hơn ở người lớn). - Nguy cơ trung bình: Công thức NST bình thường, bất thường NST +8, -Y, +6; t(1;11)(q21;q23) tạo gen MLL-AF3. - Nguy cơ cao: Bất thường NST -7, -5, tổn thương đồng thời nhiều NST (≥ 3), hoặc đột biến gen FLT3(FLT3-ITD), t(9;11)(p12;q23) tạo gen MLL-AF4, t(6;11)(q27;q23) tạo gen MLL-AF10. 3.2.3",{}
HuongDanChanDoanVaDieuTriMotSoBenhLyHuyetHoc_B_n_r_t_g_n.md:142,HuongDanChanDoanVaDieuTriMotSoBenhLyHuyetHoc_B_n_r_t_g_n.md,142,579,". 3.2.3. Tiêu chuẩn chẩn đoán Chẩn đoán xác định LXM tuỷ cấp dựa vào biểu hiện lâm sàng và xét nghiệm, cụ thể là: - Dựa vào triệu chứng lâm sàng điển hình của bệnh. - Dựa vào triệu chứng cận lâm sàng: Xét nghiệm tuỷ đồ thấy tế bào blast  20% tế bào có nhân trong tuỷ mang đặc tính của dòng tủy (Hoá học tế bào dương tính với MPO, Soudan black). - Mang dấu ấn miễn dịch đặc trưng dòng tủy (CD 13, CD33, CD 117, CD15, CD 64, CD14…). 3.3. Xếp loại LXM tủy cấp trẻ em: Tương tự xếp loại người lớn (tham khảo bài Lơ xê mi cấp): ngoctlv.kcb_Truong Le Van Ngoc_04/07/2022 08:49:53",{}
HuongDanChanDoanVaDieuTriMotSoBenhLyHuyetHoc_B_n_r_t_g_n.md:143,HuongDanChanDoanVaDieuTriMotSoBenhLyHuyetHoc_B_n_r_t_g_n.md,143,875,"Nguy cơ không cao, Lui bệnh hoàn toàn Nguy cơ cao, không lui bệnh, Di truyền: -5, -7, FLT3 ITD Tổn thương NST phức tạp HidAC ≠ 2 Ghép tế bào gốc đồng loài: Từ người cho cùng huyết thống, người cho không cùng huyết thống, từ tế bào gốc máu dây rốn HidAC ≠ 3 HidAC ≠ 2 ADE ≠ 1 - Xếp loại LXM tủy cấp theo FAB 1986 có bổ sung. - Xếp loại theo WHO 2016. 4. ĐIỀU TRỊ 4.1. Điều trị hóa chất 4.1.1. Điều trị LXM tuỷ cấp trẻ em (trừ thể tiền tủy bào) Hiện nay, có nhiều phác đồ điều trị LXM tủy cấp trẻ em, dựa trên các hóa chất cơ bản như: Daunorubicin (Idarubicin), Cytarabine, Etoposide, Mitoxantrone, Fludarabine… trải qua các giai đoạn: tấn công, củng cố, duy trì. Nhiều thuốc điều trị mới cũng đang được thử nghiệm điều trị trên LXM tủy cấp trẻ em, đặc biệt trên nhóm bệnh nhi nguy cơ cao, tái phát/ kháng thuốc. Một số phác đồ đang được áp dụng: a. Phác đồ MASPORE 2006",{}
HuongDanChanDoanVaDieuTriMotSoBenhLyHuyetHoc_B_n_r_t_g_n.md:144,HuongDanChanDoanVaDieuTriMotSoBenhLyHuyetHoc_B_n_r_t_g_n.md,144,670,"Sơ đồ 5. Phác đồ MASPORE 2006 Phác đồ Cụ thể: - Cảm ứng ADE # 1 + Truyền tĩnh mạch Cytarabine 100mg/m2/12 giờ tiêm tĩnh mạch bolus cho 20 liều (10 ngày); + Truyền tĩnh mạch Daunorubicin 50mg/m2/liều mỗi ngày vào ngày 1, 3 và 5 truyền 20 giờ nếu có đường truyền tĩnh mạch trung tâm, hoặc đường bolus tiêm tĩnh mạch nếu không có đường trung tâm; + Truyền tĩnh mạch Etoposide 100 mg/m2/liều trong 250 ml NaCl 0,9% trong vòng 1 giờ ngày 1-5; + Tiêm tủy sống (IT): Ngày 1. - HidAC # 2 + Truyền tĩnh mạch cytarabine 3.000mg/m2/12 giờ với 6 liều (3 ngày); + Tiêm tủy sống (IT): Ngày 1. MidAC ≠ 4 MidAC ≠ 4 FLAG ≠ 5 HidAC ≠ 3 ngoctlv.kcb_Truong Le Van Ngoc_04/07/2022 08:49:53",{}
HuongDanChanDoanVaDieuTriMotSoBenhLyHuyetHoc_B_n_r_t_g_n.md:145,HuongDanChanDoanVaDieuTriMotSoBenhLyHuyetHoc_B_n_r_t_g_n.md,145,780,"- HidAC # 3 + Truyền tĩnh mạch cytarabine 3.000mg/m2/12 giờ truyền với 6 liều (3 ngày); + Tiêm tủy sống (IT): Ngày 1. - MiDAC # 4 + Truyền tĩnh mạch Mitoxantrone 10 mg/m2/ngày trong 250ml NaCl 0,9% ngày 1- 5 (tổng cộng 5 liều); + Truyền tĩnh mạch cytarabine 1.000 mg/m2/12 giờ truyền vào ngày 1-3 (tổng cộng 6 liều). - Củng cố FLAG # 5: Cho bệnh nhân có nguy cơ cao mà không cần ghép tế bào gốc: + GCSF 5µg/kg/ngày tiêm dưới da từ ngày 1 đến khi số lượng tuyệt đối bạch cầu đoạn trung tính > 1G/L trong 3 ngày liên tiếp; + Truyền tĩnh mạch Fludarabine 25mg/m2/ngày trong 100ml NaCl 0,9% ngày 1-5; + Truyền tĩnh mạch Cytarabine 2.000mg/m2/ngày trong 250ml NaCl 0,9% trong 5 ngày (bắt đầu 4 giờ sau khi bắt đầu truyền fludarabine).  Lưu ý: Liều tiêm hóa chất nội tủy theo tuổi:",{}
HuongDanChanDoanVaDieuTriMotSoBenhLyHuyetHoc_B_n_r_t_g_n.md:146,HuongDanChanDoanVaDieuTriMotSoBenhLyHuyetHoc_B_n_r_t_g_n.md,146,494,"MTX Hydrocortisone Cytarabine Thể tích < 1 tuổi 5 mg 5 mg 15 mg 3 ml 1-2 tuổi 7,5 mg 7,5 mg 20 mg 4ml 2-3 tuổi 10 mg 10 mg 25 mg 5ml >3 tuổi 12,5 mg 12,5 mg 30 mg 6ml b. Phác đồ BFM-83 - Điều trị cảm ứng: + Cytarabine 100mg/m2/ngày, truyền tĩnh mạch liên tục, ngày 1, 2; + Daunorubicin 60mg/m2, truyền tĩnh mạch trong 30 phút, ngày 3-5; + Cytarabine 100mg/m2/12h, truyền tĩnh mạch, ngày 3-8; + Etoposid 150mg/m2, truyền tĩnh mạch 60 phút, ngày 6-8; + Methotrexat (12,5 mg) tiêm tủy sống, ngày 1",{}
HuongDanChanDoanVaDieuTriMotSoBenhLyHuyetHoc_B_n_r_t_g_n.md:147,HuongDanChanDoanVaDieuTriMotSoBenhLyHuyetHoc_B_n_r_t_g_n.md,147,561,". - Củng cố: + Methylprednison 40mg/m2, tiêm tĩnh mạch trong 28 ngày, giảm liều bằng 1/2, 1/4, 1/8 liều ban đầu; + Vincristine 1,5mg/m2, truyền tĩnh mạch hàng tuần x 4 tuần đầu (tối đa 2mg/m2); + Adriamycin 30mg/m2, truyền tĩnh mạch hàng tuần x 4 tuần, vào thứ hai; + Cytarabine 75mg/m2, truyền tĩnh mạch hàng ngày, 4 ngày một tuần, bắt đầu ngày thứ 3 đến thứ 6, tổng cộng 16 liều; + Mercaptopurine 50mg/m2, uống hàng ngày trong 28 ngày đầu; + Cyclophosphamid 500mg/m2, TMx2, liều đầu ngày 35,liều 2 ngày 63; ngoctlv.kcb_Truong Le Van Ngoc_04/07/2022 08:49:53",{}
HuongDanChanDoanVaDieuTriMotSoBenhLyHuyetHoc_B_n_r_t_g_n.md:148,HuongDanChanDoanVaDieuTriMotSoBenhLyHuyetHoc_B_n_r_t_g_n.md,148,84,"liều; + Cytarabine 75mg/m2/ngày, TM bắt đầu ngày 35, 4 ngày một tuần, tổng cộng 16",{}
HuongDanChanDoanVaDieuTriMotSoBenhLyHuyetHoc_B_n_r_t_g_n.md:149,HuongDanChanDoanVaDieuTriMotSoBenhLyHuyetHoc_B_n_r_t_g_n.md,149,866,"+ Mercaptopurine 50mg/m2, uống hàng ngày, từ ngày 35-63. - Duy trì: 12 chu kỳ, mỗi chu kỳ bao gồm 8 tuần: + Doxorubicin 25 mg/m2 ngày 1 trong 12 tháng đầu; + Cytarabine 40 mg/m2 ngày 1-4 và ngày 29-32; + Mercaptopurine 40 mg/m2, uống hàng ngày, từ ngày 1-56. c. Phác đồ hóa trị liệu tiêu chuẩn: Điều trị như LXM tủy cấp người lớn, bao gồm: Phác đồ tấn công (điều trị cảm ứng) “3+7”, ADE, củng cố bằng cytarabin liều cao (HDAC) 2 đợt. Cụ thể như sau: - Phác đồ ""3+7"": + Daunorubicin 45-60 mg/m2 da/ngày, truyền tĩnh mạch ngày 1-3; hoặc Idarubicin 12mg/m2/ngày x 3 ngày; + Ara-C 100-200 mg/m2 da/ngày, truyền tĩnh mạch ngày 1-7. - Phác đồ ADE + Truyền tĩnh mạch Cytarabine 100 mg/m2/ liều 12 giờ 20 liều (10 ngày); + Truyền tĩnh mạch Daunorubicin 50mg/m2/ liều mỗi ngày vào ngày 1, 3 và 5; + Truyền tĩnh mạch Etoposide 100 mg/m2/ liều truyền trong vòng 1 giờ ngày 1-5",{}
HuongDanChanDoanVaDieuTriMotSoBenhLyHuyetHoc_B_n_r_t_g_n.md:150,HuongDanChanDoanVaDieuTriMotSoBenhLyHuyetHoc_B_n_r_t_g_n.md,150,890,". - Phác đồ cytarabin liều cao: + Ara-C 3.000 mg/m2 da/12 giờ x 2 lần/ngày, truyền tĩnh mạch ngày 1, 3, 5. Các đợt điều trị cách nhau 28 ngày hoặc 1 tuần sau khi tủy xương hồi phục sau đợt điều trị trước đó (số lượng bạch cầu hạt > 1,5G/L; số lượng tiểu cầu > 100G/L). - Cần lưu ý rằng LXM cấp dòng mono hoặc tủy-mono hoặc dòng tủy có SLBC lúc chẩn đoán > 50G/L có tỷ lệ thâm nhiễm thần kinh trung ương đáng kể nên cần được điều trị dự phòng thâm nhiễm thần kinh trung ương như đối với LXM cấp dòng lympho. 4.1.2. Điều trị LXM cấp thể tiền tủy bào a. Phân nhóm nguy cơ Nhóm nghiên cứu Italian Group for Adult Hematologic Diseases (GINEMA) và Spanish PETHEMA phân nhóm nguy cơ đối với bệnh nhân APL theo số lượng bạch cầu và số lượng tiểu cầu: - Nguy cơ thấp SLBC < 10G/L và SLTC > 40G/L. - Nguy cơ trung bình SLBC < 10G/L và SLTC < 40G/L. - Nguy cơ cao SLBC > 10G/L và SLTC < 40G/L",{}
HuongDanChanDoanVaDieuTriMotSoBenhLyHuyetHoc_B_n_r_t_g_n.md:151,HuongDanChanDoanVaDieuTriMotSoBenhLyHuyetHoc_B_n_r_t_g_n.md,151,433,". - Nguy cơ trung bình SLBC < 10G/L và SLTC < 40G/L. - Nguy cơ cao SLBC > 10G/L và SLTC < 40G/L. b.Phác đồ điều trị cụ thể Các phác đồ điều trị thường phối hợp điều trị nhắm đích với ATRA (all trans retinoic acid) và hóa trị liệu, bao gồm các đợt tấn công, củng cố và duy trì. - Phác đồ IC - APL 2006: + ATRA 25mg/m2 da/ngày chia hai lần đến khi lui bệnh hoàn toàn: tối đa 90 ngày); ngoctlv.kcb_Truong Le Van Ngoc_04/07/2022 08:49:53",{}
HuongDanChanDoanVaDieuTriMotSoBenhLyHuyetHoc_B_n_r_t_g_n.md:152,HuongDanChanDoanVaDieuTriMotSoBenhLyHuyetHoc_B_n_r_t_g_n.md,152,797,"+ Daunorubicin 60 mg/m2 da/ngày, truyền tĩnh mạch ngày 2-4-6-8; + Dexamethasone 2,5mg/m2/12h x 15 ngày. - Điều trị củng cố: Điều trị theo nhóm nguy cơ, bao gồm 3 đợt * Nhóm nguy cơ thấp: Đợt 1: + ATRA 25 mg/m2 da/ngày x 15 ngày, đường uống; + Daunorubicin 25 mg/m2 da/ngày, truyền tĩnh mạch ngày 1,2,3,4. Đợt 2: + ATRA 25 mg/m2 da/ngày x 15 ngày, đường uống; + Mitoxantrone 10 mg/m2 da/ngày, truyền tĩnh mạch ngày 1,2,3. Đợt 3: + ATRA 25 mg/m2 da/ngày x 15 ngày, đường uống; + Daunorubicin 60 mg/m2 da/ngày, truyền tĩnh mạch ngày 1. * Nhóm nguy cơ trung bình: Đợt 1: + ATRA 25 mg/m2 da/ngày x 15 ngày, đường uống; + Daunorubicin 35 mg/m2 da/ngày, truyền tĩnh mạch ngày 1,2,3,4. Đợt 2: + ATRA 25 mg/m2 da/ngày x 15 ngày, đường uống; + Mitoxantrone 10 mg/m2 da/ngày, truyền tĩnh mạch ngày 1,2,3",{}
HuongDanChanDoanVaDieuTriMotSoBenhLyHuyetHoc_B_n_r_t_g_n.md:153,HuongDanChanDoanVaDieuTriMotSoBenhLyHuyetHoc_B_n_r_t_g_n.md,153,877,". Đợt 2: + ATRA 25 mg/m2 da/ngày x 15 ngày, đường uống; + Mitoxantrone 10 mg/m2 da/ngày, truyền tĩnh mạch ngày 1,2,3. Đợt 3: + ATRA 25 mg/m2 da/ngày x 15 ngày, đường uống; + Daunorubicin 60 mg/m2 da/ngày, truyền tĩnh mạch ngày 1,2. * Nhóm nguy cơ cao: Đợt 1: + ATRA 25 mg/m2 da/ngày x 15 ngày, đường uống; + Daunorubicin 25 mg/m2 da/ngày, truyền tĩnh mạch ngày 1,2,3,4; +Ara-C 1.000mg/m2/ngày, truyền tĩnh mạch ngày 1,2,3,4. Đợt 2: + ATRA 25 mg/m2 da/ngày x 15 ngày, đường uống; + Mitoxantrone 10 mg/m2 da/ngày, truyền tĩnh mạch ngày 1,2,3,4,5. Đợt 3: + ATRA 25 mg/m2 da/ngày x 15 ngày, đường uống; + Daunorubicin 60 mg/m2 da/ngày, truyền tĩnh mạch ngày 1; +Ara-C 150 mg/m2 da/8h, truyền tĩnh mạch ngày 1,2,3,4. Mỗi đợt điều trị cách nhau 14-21 ngày hoặc 1 tuần sau khi tủy xương hồi phục sau đợt điều trị trước đó (số lượng bạch cầu hạt > 1,5G/L; số lượng tiểu cầu > 100G/L)",{}
HuongDanChanDoanVaDieuTriMotSoBenhLyHuyetHoc_B_n_r_t_g_n.md:154,HuongDanChanDoanVaDieuTriMotSoBenhLyHuyetHoc_B_n_r_t_g_n.md,154,218,". Mỗi đợt điều trị cách nhau 14-21 ngày hoặc 1 tuần sau khi tủy xương hồi phục sau đợt điều trị trước đó (số lượng bạch cầu hạt > 1,5G/L; số lượng tiểu cầu > 100G/L). ngoctlv.kcb_Truong Le Van Ngoc_04/07/2022 08:49:53",{}
HuongDanChanDoanVaDieuTriMotSoBenhLyHuyetHoc_B_n_r_t_g_n.md:155,HuongDanChanDoanVaDieuTriMotSoBenhLyHuyetHoc_B_n_r_t_g_n.md,155,869,"- Điều trị duy trì bằng ATRA 25 mg/m2 da đường uống hàng ngày trong 15 ngày mỗi 3 tháng, 6-MP 50 mg/m2 da 1 lần hàng ngày và methotrexate 15 mg/m2 da 1 lần hàng tuần trong 2 năm. - Hội chứng ATRA có thể xảy ra trong 21 ngày đầu của điều trị với các triệu chứng như: sốt, hạ huyết áp, giữ nước, suy hô hấp, viêm niêm mạc, dịch màng phổi, màng tim, các đám mờ trên X-quang phổi, suy thận cấp, suy chức năng gan, thường đi kèm với tăng bạch cầu. Điều trị bằng dexamethasone 10 mg mỗi 12 giờ đường tĩnh mạch trong ít nhất 3 ngày. Có thể tạm thời dừng thuốc ATRA cho đến khi hội chứng ATRA giảm hoặc hết. - Đối với LXM cấp tiền tủy bào tái phát, lựa chọn điều trị bằng Arsenic trioxide (ATO) với liều: ATO 0,15 mg/kg/ngày đến khi lui bệnh hoàn toàn trong tủy xương, tối đa 60 liều, trung bình 35 liều. Điều trị củng cố bằng ATO với liều như trên, 25 liều trong vòng 5 tuần",{}
HuongDanChanDoanVaDieuTriMotSoBenhLyHuyetHoc_B_n_r_t_g_n.md:156,HuongDanChanDoanVaDieuTriMotSoBenhLyHuyetHoc_B_n_r_t_g_n.md,156,870,". Điều trị củng cố bằng ATO với liều như trên, 25 liều trong vòng 5 tuần. Chỉ định ghép tế bào gốc cho bệnh nhân có PML/RARA (+) sau điều trị ATO. - Hiện nay, nhiều phác đồ trên thế giới đã cho phép điều trị phối hợp ATRA và ATO như điều trị hàng 1 cho bệnh nhân APL ở người lớn và trẻ em. 4.1.3. Điều trị LXM tuỷ cấp có hội chứng Down Sử dụng phác đồ MASPORE 2006 cho bệnh nhân có hội chứng Down với hóa trị liệu giảm cường độ liều qua 4 giai đoạn: - Cảm ứng ADE # 1 + Truyền tĩnh mạch Cytarabine 100 mg/m2 da/12h, truyền tĩnh mạch bolus cho 14 liều (7 ngày); + Truyền tĩnh mạch Daunorubicin 50mg/m2 da/liều mỗi ngày vào ngày 1 và ngày 3 truyền 20 giờ nếu có đường trung tâm, hoặc đường bolus truyền tĩnh mạch nếu không có đường trung tâm; + Truyền tĩnh mạch Etoposide 100 mg/m2 da/liều trong 250ml NaCl 0,9% trong vòng 1 giờ ngày 1-3; + Tiêm tủy sống (IT): Ngày 1",{}
HuongDanChanDoanVaDieuTriMotSoBenhLyHuyetHoc_B_n_r_t_g_n.md:157,HuongDanChanDoanVaDieuTriMotSoBenhLyHuyetHoc_B_n_r_t_g_n.md,157,543,". - HidAC # 2 + Truyền tĩnh mạch cytarabine 1.000mg/m2 da/12h với 6 liều (3 ngày); + Tiêm tủy sống (IT): Ngày 1. - HidAC # 3 + Truyền tĩnh mạch cytarabine 1.000mg/m2 da/12h truyền với 6 liều (3 ngày); + Tiêm tủy sống (IT): Ngày 1. - MiDAC # 4 (nếu không đạt lui bệnh hoàn toàn sau điều trị tấn công ADE) + Truyền tĩnh mạch Mitoxantrone 10 mg/m2/ngày trong 250ml NaCl 0,9% ngày 1- 3 (tổng cộng 5 liều); + Truyền tĩnh mạch cytarabine 1.000 mg/m2 da/12h truyền vào ngày 1-3 (tổng cộng 6 liều). ngoctlv.kcb_Truong Le Van Ngoc_04/07/2022 08:49:53",{}
HuongDanChanDoanVaDieuTriMotSoBenhLyHuyetHoc_B_n_r_t_g_n.md:158,HuongDanChanDoanVaDieuTriMotSoBenhLyHuyetHoc_B_n_r_t_g_n.md,158,779,"4.2. Ghép tế bào gốc Chỉ định ghép tế bào gốc tạo máu cho LXM tủy cấp trẻ em trong các trường hợp: - Nhóm nguy cơ cao: Sau khi đạt Lui bệnh hoàn toàn lần 1. - Bệnh nhi thất bại với điều trị hóa chất tấn công. - Bệnh nhi tái phát: Sau khi đạt lui bệnh lần 2. 4.3. Điều trị nhắm đích và một số thuốc điều trị mới - Hoá chất thế hệ mới: Một số hoá chất thế hệ mới đang được nghiên cứu áp dụng điều trị nhằm giảm độc tính của hoá chất trên bệnh nhân. Một số đang được nghiên cứu trên bệnh nhân nhi có hiệu quả là: + Các thuốc nucleoside analogs mới: Clofarabine. + Thuốc ức chế Proteazome: Bortezomib. - Điều trị nhắm đích: + Thuốc ức chế FLT3: Sorafenib và một số thuốc đang trong giai đoạn thử nghiệm; + Thuốc ức chế IDH: IDH 1, IDH 2; + Liệu pháp tế bào CAR-T cell. 4.4",{}
HuongDanChanDoanVaDieuTriMotSoBenhLyHuyetHoc_B_n_r_t_g_n.md:159,HuongDanChanDoanVaDieuTriMotSoBenhLyHuyetHoc_B_n_r_t_g_n.md,159,720,". - Điều trị nhắm đích: + Thuốc ức chế FLT3: Sorafenib và một số thuốc đang trong giai đoạn thử nghiệm; + Thuốc ức chế IDH: IDH 1, IDH 2; + Liệu pháp tế bào CAR-T cell. 4.4. Điều trị LXM tuỷ cấp trẻ em tái phát, kháng thuốc Với LXM tủy cấp tái phát hoặc kháng thuốc, có thể sử dụng các phác đồ hóa trị liệu liều cao như phác đồ ADE, FLAG-IDA, Mito-FLAG, CLAG, HAM, Cytarabin + Mitoxantron; hoặc phác đồ Cytarabin liều cao; nên tiến tới ghép đồng loại nếu đủ điều kiện. Một số nghiên cứu sử dụng thuốc nucleoside analogs mới như Clofarabine kết hợp cytarabine hoặc các thuốc điều trị nhắm đích (thuốc ức chế FLT3, kháng thể đơn dòng…) trên bệnh nhi LXM cấp dòng tủy tái phát/kháng thuốc cũng đang được nghiên cứu",{}
HuongDanChanDoanVaDieuTriMotSoBenhLyHuyetHoc_B_n_r_t_g_n.md:160,HuongDanChanDoanVaDieuTriMotSoBenhLyHuyetHoc_B_n_r_t_g_n.md,160,892,". Điều trị hóa chất: Với 1 số hóa chất tác dụng mạnh, có thể sử dụng 1 số phác đồ như điều trị AML người lớn: - Phác đồ FLAG-IDA: + Fludarabin 25-30 mg/m2 da, truyền tĩnh mạch ngày 1-5; + Cytarabin 2.000 mg/m2 da, truyền tĩnh mạch ngày 1-5; + G-CSF 5 mcg//kg cân nặng/ngày, tiêm dưới da từ ngày 0 đến khi phục hồi bạch cầu hạt trung tính (> 1,5G/L); + Idarubicin 10 mg/m2 da/ngày, truyền tĩnh mạch ngày 1-3. Điều trị 1-2 đợt. Mỗi đợt điều trị cách nhau 28 ngày hoặc 1 tuần sau khi tủy xương hồi phục sau đợt điều trị trước đó (số lượng bạch cầu hạt > 1,5G/L; số lượng tiểu cầu > 100G/L). - Phác đồ FLAG-Daunorubicin: + Fludarabin 25-30 mg/m2 da, truyền tĩnh mạch ngày 1-5; + Cytarabin 2.000 mg/m2 da, truyền tĩnh mạch ngày 1-5; + G-CSF 5 mcg//kg cân nặng/ngày tiêm dưới da từ ngày 0 đến khi phục hồi bạch cầu hạt trung tính (> 1,5G/L); ngoctlv.kcb_Truong Le Van Ngoc_04/07/2022 08:49:53",{}
HuongDanChanDoanVaDieuTriMotSoBenhLyHuyetHoc_B_n_r_t_g_n.md:161,HuongDanChanDoanVaDieuTriMotSoBenhLyHuyetHoc_B_n_r_t_g_n.md,161,485,"+ Daunorubicin 40-60 mg/m2 da/ngày truyền tĩnh mạch ngày 1-3 hoặc ngày 1,3,5. - Phác đồ Mito- FLAG + Fludarabin 25-30 mg/m2 da, truyền tĩnh mạch ngày 1-5; + Cytarabin 2.000 mg/m2 da, truyền tĩnh mạch ngày 1-5; + G-CSF 5 mcg//kg cân nặng/ngày tiêm dưới da từ ngày 0 đến khi phục hồi bạch cầu hạt trung tính (> 1,5G/L); + Mitoxantrone 10 mg/m2 da/ngày truyền tĩnh mạch ngày 1-3. 4.5. Điều trị hỗ trợ - Chống thiếu máu, xuất huyết bằng các chế phẩm máu (khối hồng cầu, khối tiểu cầu)",{}
HuongDanChanDoanVaDieuTriMotSoBenhLyHuyetHoc_B_n_r_t_g_n.md:162,HuongDanChanDoanVaDieuTriMotSoBenhLyHuyetHoc_B_n_r_t_g_n.md,162,887,". 4.5. Điều trị hỗ trợ - Chống thiếu máu, xuất huyết bằng các chế phẩm máu (khối hồng cầu, khối tiểu cầu). - Chống nhiễm trùng: Người bệnh được điều trị trong điều kiện vô trùng; dùng kháng sinh phổ rộng khi có nhiễm trùng (imipenem, meropenem, cephalosporin thế hệ 3- 4, phối hợp vancomycin, aminosid, kháng sinh chống nấm); chuyển sang kháng sinh đặc hiệu sau khi có kết quả cấy vi sinh và kháng sinh đồ; dùng các yếu tố kích thích sinh máu như GM-CSF, G-CSF (xin xem chi tiết trong bài Điều trị bệnh nhân suy giảm miễn dịch do giảm bạch cầu đoạn trung tính). - Điều trị DIC bằng chế phẩm máu và heparin hoặc heparin trọng lượng phân tử thấp. - Phòng ngừa hội chứng tiêu khối u và tăng acid uric bằng thuốc allopurinol, truyền dịch, tăng cường bài niệu, kiềm hoá nước tiểu. Gạn tách bạch cầu bằng máy tách thành phần máu tự động khi số lượng bạch cầu quá cao (trên 100 G/L). 5",{}
HuongDanChanDoanVaDieuTriMotSoBenhLyHuyetHoc_B_n_r_t_g_n.md:163,HuongDanChanDoanVaDieuTriMotSoBenhLyHuyetHoc_B_n_r_t_g_n.md,163,818,". Gạn tách bạch cầu bằng máy tách thành phần máu tự động khi số lượng bạch cầu quá cao (trên 100 G/L). 5. THEO DÕI ĐIỀU TRỊ 5.1. Bilan xét nghiệm trước điều trị - Tổng phân tích tế bào máu ngoại vi. - Sinh hóa máu: Chức năng gan, thận, Axit Uric, LDH, điện giải đồ. - Đông máu huyết tương: Fibrinogen, PT, APTT, TT, D-Dimer. Bệnh nhân có kèm theo rối loạn đông máu cần làm thêm xét nghiệm (nếu cần): Nghiệm pháp rượu, Von- Kaulla, Đàn hồi cục máu đồ (ROTEM), Fibrin monomer. - Xét nghiệm chẩn đoán hình ảnh: X-quang tim phổi, siêu âm ổ bụng, điện tâm đồ, siêu âm tim và các xét nghiệm khác như: CT-scanner, MRI nếu có nghi ngờ thâm nhiễm. - Xét nghiệm virus: HIV, HBV, HCV nếu có truyền máu và chế phẩm máu. - Huyết tủy đồ, phân loại miễn dịch, công thức nhiễm sắc thể và PCR xác định gen bệnh máu ác tính dòng tủy",{}
HuongDanChanDoanVaDieuTriMotSoBenhLyHuyetHoc_B_n_r_t_g_n.md:164,HuongDanChanDoanVaDieuTriMotSoBenhLyHuyetHoc_B_n_r_t_g_n.md,164,442,". - Xét nghiệm virus: HIV, HBV, HCV nếu có truyền máu và chế phẩm máu. - Huyết tủy đồ, phân loại miễn dịch, công thức nhiễm sắc thể và PCR xác định gen bệnh máu ác tính dòng tủy. - Sinh thiết tủy xương: Có thể dược chỉ định trong trường hợp tủy nghèo tế bào, tỷ lệ blast < 20% tế bào có nhân trong tủy. - Định nhóm máu hệ ABO, Rh(D). - Khám răng hàm mặt, tai mũi họng trước khi điều trị. ngoctlv.kcb_Truong Le Van Ngoc_04/07/2022 08:49:53",{}
HuongDanChanDoanVaDieuTriMotSoBenhLyHuyetHoc_B_n_r_t_g_n.md:165,HuongDanChanDoanVaDieuTriMotSoBenhLyHuyetHoc_B_n_r_t_g_n.md,165,794,"5.2. Bilan xét nghiệm trong quá trình điều trị hóa chất - Tổng phân tích tế bào máu ngoại vi. - Sinh hóa máu: Chức năng gan, thận, điện giải… - Đông máu huyết tương. - Các xét nghiệm khác tùy theo diễn biến bệnh. 5.3. Bilan xét nghiệm sau mỗi đợt điều trị hóa chất - Tủy đồ sau mỗi đợt điều trị. - MRD bằng phân loại miễn dịch, PCR (có gen đặc hiệu). - Các xét nghiệm theo dõi điều trị và đánh giá chức năng cơ quan: Tổng phân tích tế bào máu ngoại vi, sinh hóa máu, đông máu cơ bản, siêu âm ổ bụng, siêu âm tim, X- quang tim phổi thẳng, dịch não tủy các xét nghiệm khác như CT-scanner, MRI nếu có nghi ngờ thâm nhiễm. - Khi bệnh ở giai đoạn ổn định, theo dõi xét nghiệm tổng phân tích tế bào máu ngoại vi, sinh hóa máu, đông máu huyết tương hàng tháng, làm Huyết tủy đồ nếu nghi ngờ tái phát.",{}
HuongDanChanDoanVaDieuTriMotSoBenhLyHuyetHoc_B_n_r_t_g_n.md:166,HuongDanChanDoanVaDieuTriMotSoBenhLyHuyetHoc_B_n_r_t_g_n.md,166,888,"1. Rubnitz JE et al. Current management of childhood acute myeloid leukemia. Paediatr Drugs. 2017;19:1–10. 2. Sharifah Aida Alhabshi. Treatment Outcome of Children with Acute Myeloid Leukaemia Using the MASPORE AML 2006 Protocol in UMMC. Department of Paediatrics, Faculty of Medicine, University of Malaya 3. U Creutzig, J Ritter and G Schellong. Identification of two risk groups in childhood acute myelogenous leukemia after therapy intensification in study AML-BFM-83 as compared with study AML-BFM-78. AML-BFM Study Group. Blood, Vol 75, No 10 (May 15). 1990: pp 1932-1940. 4. Wiernik PH et al. Cytarabine plus idarubicin or daunorubicin as induction and consolidation therapy for previously untreated adult patients with acute myeloid leukemia. Blood 1992; 79:313. 5. Pastore D et al. FLAG-IDA in the treatment of refractory/relapsed acute myeloid leukemia: single-center experience",{}
HuongDanChanDoanVaDieuTriMotSoBenhLyHuyetHoc_B_n_r_t_g_n.md:167,HuongDanChanDoanVaDieuTriMotSoBenhLyHuyetHoc_B_n_r_t_g_n.md,167,689,". Blood 1992; 79:313. 5. Pastore D et al. FLAG-IDA in the treatment of refractory/relapsed acute myeloid leukemia: single-center experience. Ann Hematol 2003; 82:231. 6. Suh JK, Lee SW, Koh KN, et al. Hematopoietic stem cell transplantation in pediatric patients with acute myeloid leukemia without favorable cytogenetics. Pediatr Transplant. 2017;21:e13004 7. Powell BL et al. Effect of consolidation with arsenic trioxide (As2O3) on event-free survival (EFS) and overall survival (OS) among patients with newly diagnosed acute promyelocytic leukemia (APL): North American Intergroup Protocol C9710. 2007 ASCO annual meeting. Abstract 2. ngoctlv.kcb_Truong Le Van Ngoc_04/07/2022 08:49:53",{}
HuongDanChanDoanVaDieuTriMotSoBenhLyHuyetHoc_B_n_r_t_g_n.md:168,HuongDanChanDoanVaDieuTriMotSoBenhLyHuyetHoc_B_n_r_t_g_n.md,168,753,"8. Sievers EL et al. Efficacy and safety of gemtuzumab ozogamicin in patients with cd33-positive acute myeloid leukemia in first relapse. J Clin Oncol 2001; 19:3244. 9. Raul C. Ribeiro, Eduardo Rego. Management of APL in Developing Countries: Epidemiology, Challenges and Opportunities for International Collaboration. ASH2006p65. 10. Soignet SL et al. United states multicenter study of arsenic trioxide in relapsed acute promyelocytic leukemia. J Clin Oncol 2001; 19:3852. 11. Min Lih et al. 2018. Advances in the drug therapies of acute myeloid leukemia (except acute promyelocytic leukemia). https://www.ncbi.nlm.nih.gov/pmc/articles/PMC5933364/. ngoctlv.kcb_Truong Le Van Ngoc_04/07/2022 08:49:53

23. LƠ XÊ MI TỦY MẠN (Bệnh bạch cầu mạn dòng tủy)",{}
HuongDanChanDoanVaDieuTriMotSoBenhLyHuyetHoc_B_n_r_t_g_n.md:169,HuongDanChanDoanVaDieuTriMotSoBenhLyHuyetHoc_B_n_r_t_g_n.md,169,783,"1. ĐẠI CƯƠNG Lơ xê mi tủy mạn (Chronic myeloid leukemia - CML) là bệnh thuộc hội chứng tăng sinh tuỷ mạn ác tính, đặc trưng bởi sự tăng sinh các tế bào dòng bạch cầu hạt có biệt hóa trưởng thành, hậu quả là số lượng bạch cầu tăng cao ở máu ngoại vi với đủ các tuổi của dòng bạch cầu hạt. Bệnh thường diễn biến qua 3 giai đoạn mà cuối cùng là chuyển lơ xê mi cấp. 2. NGUYÊN NHÂN Lơ xê mi tủy mạn là một bệnh mắc phải. Phóng xạ có thể là một nguyên nhân gây bệnh. Nhiễm sắc thể Philadelphia (NST Ph) và gen kết hợp BCR-ABL1 là khâu quan trọng nhất trong cơ chế bệnh sinh của bệnh. 3. TRIỆU CHỨNG 3.1. Lâm sàng a. Giai đoạn mạn tính - Lách to, gặp ở 85-90% người bệnh. Gan to gặp trên 50% người bệnh. - Mệt mỏi, kém ăn, sụt cân, ra mồ hôi đêm. - Thiếu máu mức độ nhẹ hoặc vừa",{}
HuongDanChanDoanVaDieuTriMotSoBenhLyHuyetHoc_B_n_r_t_g_n.md:170,HuongDanChanDoanVaDieuTriMotSoBenhLyHuyetHoc_B_n_r_t_g_n.md,170,728,". Lâm sàng a. Giai đoạn mạn tính - Lách to, gặp ở 85-90% người bệnh. Gan to gặp trên 50% người bệnh. - Mệt mỏi, kém ăn, sụt cân, ra mồ hôi đêm. - Thiếu máu mức độ nhẹ hoặc vừa. - Tắc mạch (tắc mạch lách, tắc mạch chi, tắc tĩnh mạch dương vật, phù gai thị, giảm hoặc mất thị giác một bên, giảm thính giác…). - Biểu hiện của bệnh Goute do tăng axit uric máu gặp trên một số người bệnh. b. Giai đoạn tăng tốc - Biểu hiện lâm sàng nặng lên (thiếu máu, xuất huyết, nhiễm trùng). - Lách to không đáp ứng với điều trị. c. Giai đoạn chuyển lơ xê mi cấp - Trong giai đoạn này thường gặp biểu hiện lâm sàng đặc trưng cho lơ xê mi cấp như triệu chứng thiếu máu, xuất huyết, nhiễm trùng, hội chứng thâm nhiễm. 3.2. Xét nghiệm a",{}
HuongDanChanDoanVaDieuTriMotSoBenhLyHuyetHoc_B_n_r_t_g_n.md:171,HuongDanChanDoanVaDieuTriMotSoBenhLyHuyetHoc_B_n_r_t_g_n.md,171,771,". 3.2. Xét nghiệm a. Giai đoạn mạn tính - Máu ngoại vi: (1) Thiếu máu bình sắc, kích thước hồng cầu bình thường; (2) Số lượng bạch cầu tăng cao (trung bình 80 G/l); (3) Gặp đủ các tuổi dòng bạch cầu hạt trong máu ngoại vi; (4) Tỷ lệ tế bào blast thường < 2%; (5) Tăng số lượng bạch cầu đoạn ưa acid và bạch cầu đoạn ưa base; (6) Số lượng tiểu cầu tăng trên 450 G/l (gặp trong khoảng 50- 70% trường hợp). - Tuỷ xương: (1) Tuỷ giàu tế bào (số lượng tế bào tuỷ trên 100 G/l); (2) Tăng sinh dòng bạch cầu hạt đủ các lứa tuổi; tỷ lệ M:E trên 10:1 (bình thường là 3-4:1); (3) Tỷ lệ tế bào blast thường < 5% (nếu ≥ 10% gợi ý giai đoạn muộn của bệnh). - NST Ph và/hoặc gen bcr-abl: Dương tính trong khoảng 95% trường hợp. ngoctlv.kcb_Truong Le Van Ngoc_04/07/2022 08:49:53",{}
HuongDanChanDoanVaDieuTriMotSoBenhLyHuyetHoc_B_n_r_t_g_n.md:172,HuongDanChanDoanVaDieuTriMotSoBenhLyHuyetHoc_B_n_r_t_g_n.md,172,865,"- Nồng độ axit uric máu: Tăng trên 40-60% trường hợp. b. Giai đoạn tăng tốc Có ít nhất 1 trong các tiêu chuẩn sau: - Tỷ lệ tế bào blast từ 10-19% trong máu ngoại vi hoặc tủy xương. - Tỷ lệ bạch cầu ưa bazo ≥ 20% trong máu ngoại vi. - Tiểu cầu < 100 G/l không do điều trị. - Tiểu cầu > 1.000 G/l không đáp ứng điều trị. - Lách to và tăng bạch cầu không đáp ứng điều trị. - Xuất hiện thêm bất thường nhiễm sắc thể đơn dòng ở những tế bào Ph (+): NST Ph thứ 2, trisomy 8, đẳng NST 17q, trisomy 19, bất thường NST phức tạp, bất thường 3q26.2. c. Giai đoạn chuyển lơ xê mi cấp - Tỷ lệ tế bào blast ≥ 20% trong máu ngoại vi hoặc tủy xương. Hoặc - Xuất hiện blast ngoài tủy xương (myeloid sarcoma). d. Xét nghiệm sử dụng trước và trong điều trị - Tổng phân tích tế bào máu. - Hóa sinh máu: Chức năng gan, thận, acid uric, LDH, điện giải đồ. - Đông máu cơ bản, D-Dimer",{}
HuongDanChanDoanVaDieuTriMotSoBenhLyHuyetHoc_B_n_r_t_g_n.md:173,HuongDanChanDoanVaDieuTriMotSoBenhLyHuyetHoc_B_n_r_t_g_n.md,173,749,". d. Xét nghiệm sử dụng trước và trong điều trị - Tổng phân tích tế bào máu. - Hóa sinh máu: Chức năng gan, thận, acid uric, LDH, điện giải đồ. - Đông máu cơ bản, D-Dimer. - Marker virus viêm gan B: do nguy cơ virus tái hoạt động khi điều trị thuốc ức chế tyrosin kinase. - Điện tâm đồ. - Siêu âm ổ bụng đánh giá kích thước lách. 4. CHẨN ĐOÁN a. Chẩn đoán xác định - Dựa vào các triệu chứng lâm sàng, xét nghiệm tế bào máu ngoại vi, tuỷ đồ, NST Ph và/hoặc gen BCR-ABL1. b. Chẩn đoán phân biệt - Phản ứng giả lơ xê mi gặp trong nhiễm trùng nặng: Phát hiện ổ nhiễm trùng, không có NST Ph và gen kết hợp BCR-ABL1. - Các bệnh khác trong hội chứng tăng sinh tuỷ mạn ác tính, theo bảng xếp loại của WHO năm 2016. 5. ĐIỀU TRỊ 5.1. Giai đoạn mạn tính a",{}
HuongDanChanDoanVaDieuTriMotSoBenhLyHuyetHoc_B_n_r_t_g_n.md:174,HuongDanChanDoanVaDieuTriMotSoBenhLyHuyetHoc_B_n_r_t_g_n.md,174,496,". - Các bệnh khác trong hội chứng tăng sinh tuỷ mạn ác tính, theo bảng xếp loại của WHO năm 2016. 5. ĐIỀU TRỊ 5.1. Giai đoạn mạn tính a. Điều trị nhắm đích bằng thuốc ức chế hoạt tính tyrosin kinase - Lựa chọn điều trị thứ nhất là các thuốc ức chế hoạt tính tyrosin kinase (tyrosin kinase inhibitor - TKI) thế hệ 1 và 2, cụ thể là: + Thuốc ức chế hoạt tính tyrosin kinase thế hệ 1: Imatinib, liều dùng ban đầu: 400 mg/ngày ở giai đoạn mạn tính; ngoctlv.kcb_Truong Le Van Ngoc_04/07/2022 08:49:53",{}
HuongDanChanDoanVaDieuTriMotSoBenhLyHuyetHoc_B_n_r_t_g_n.md:175,HuongDanChanDoanVaDieuTriMotSoBenhLyHuyetHoc_B_n_r_t_g_n.md,175,819,"+ Thuốc ức chế hoạt tính tyrosin kinase thế hệ 2: nilotinib liều khởi đầu được khuyến cáo là 300 mg x 2 lần/ngày. - Nếu xuất hiện kháng imatinib, có thể sử dụng các thuốc ức chế hoạt tính tyrosin kinase thế hệ 2, hoặc ghép tế bào gốc tạo máu đồng loài. - Theo dõi đáp ứng điều trị bằng xét nghiệm: + Tủy đồ và NST Ph (công thức NST và/hoặc FISH) sau mỗi 3 tháng kể từ lúc bắt đầu điều trị; + Định lượng gen BCR-ABL1 (kỹ thuật PCR định lượng) từ lúc chẩn đoán và mỗi 3 tháng trong quá trình điều trị để lượng hóa mức độ lui bệnh phân tử; + Phát hiện đột biến gen BCR-ABL1 kháng thuốc, khi người bệnh không đáp ứng sau 3 tháng (%IS > 10), sau 12 tháng (%IS > 1), hoặc mất đáp ứng điều trị, tái phát. Xét nghiệm chẩn đoán đột biến kháng thuốc bằng phương pháp AS-PCR sẽ được chỉ định trước đối với đột biến T315I",{}
HuongDanChanDoanVaDieuTriMotSoBenhLyHuyetHoc_B_n_r_t_g_n.md:176,HuongDanChanDoanVaDieuTriMotSoBenhLyHuyetHoc_B_n_r_t_g_n.md,176,892,". Xét nghiệm chẩn đoán đột biến kháng thuốc bằng phương pháp AS-PCR sẽ được chỉ định trước đối với đột biến T315I. Nếu âm tính với T315I, chỉ định tiếp xét nghiệm giải trình tự gen NGS để chẩn đoán các đột biến kháng thuốc còn lại. b. Các thuốc khác - Hydroxyurea: Liều khởi đầu 30-60 mg/kg cân nặng cơ thể/ ngày. Giảm liều tuỳ theo số lượng bạch cầu rồi chuyển sang điều trị duy trì liều thấp (10-20 mg/ngày) khi số lượng bạch cầu trở về giá trị bình thường. - Interferon-: Liều khởi đầu 5 MU/m2/ngày. Điều trị trong vòng 3 năm sau khi đạt lui bệnh về tế bào di truyền. Sau đó có thể giảm liều Interferon- rồi dừng thuốc và xét nghiệm NST Ph mỗi 6 tháng. 5.2. Giai đoạn tăng tốc - Lựa chọn hàng 1 là thuốc ức chế hoạt tính tyrosin kinase thế hệ 2 (nilotinib). Nếu không có khả năng sử dụng thuốc ức chế hoạt tính tyrosin kinase thế hệ 2, có thể dùng imatinib với liều 600 mg/ngày",{}
HuongDanChanDoanVaDieuTriMotSoBenhLyHuyetHoc_B_n_r_t_g_n.md:177,HuongDanChanDoanVaDieuTriMotSoBenhLyHuyetHoc_B_n_r_t_g_n.md,177,824,". Nếu không có khả năng sử dụng thuốc ức chế hoạt tính tyrosin kinase thế hệ 2, có thể dùng imatinib với liều 600 mg/ngày. - Nếu bệnh nhân kháng hoặc không dung nạp thuốc ức chế hoạt tính tyrosin kinase khởi đầu và không có đột biến T315I, chuyển sang thuốc ức chế hoạt tính tyrosin kinase khác mà bệnh nhân chưa dùng. - Nếu bệnh nhân đủ điều kiện để ghép tế bào gốc đồng loài, nên tiến hành ghép ngay khi đạt lui bệnh ở mức độ di truyền tế bào. - Bệnh nhân có đột biến T315I nên ghép tế bào gốc đồng loài. 5.3. Giai đoạn chuyển cấp - Trong giai đoạn chuyển cấp của lơ xê mi tủy mạn, cần điều trị như đối với lơ xê mi cấp đa hoá trị liệu phối hợp với điều trị nhắm đích bằng các thuốc ức chế hoạt tính tyrosin kynase, sau khi đạt lui bệnh cần ghép tế bào gốc đồng loài. ngoctlv.kcb_Truong Le Van Ngoc_04/07/2022 08:49:53",{}
HuongDanChanDoanVaDieuTriMotSoBenhLyHuyetHoc_B_n_r_t_g_n.md:178,HuongDanChanDoanVaDieuTriMotSoBenhLyHuyetHoc_B_n_r_t_g_n.md,178,837,"5.4. Điều trị hỗ trợ - Truyền máu nếu bệnh nhân có thiếu máu nhưng cần hạn chế chỉ định truyền máu khi số lượng bạch cầu còn cao trên 100 G/l để tránh làm tăng nguy cơ tắc mạch. - Bổ sung dịch bằng đường uống (2-3 lít nước/m2 hàng ngày), kiềm hóa nước tiểu, lợi niệu cưỡng bức phòng ngừa hội chứng tiêu khối u. - Allopurinol đường uống 300 mg/ ngày phòng ngừa và điều trị tăng axit uric máu. - Có thể gạn tách bạch cầu khi SLBC cao trên 100 G/l hoặc có triệu chứng ứ trệ bạch cầu (leukostasis). 5.5. Các xét nghiệm dõi trong quá trình điều trị: - Tổng phân tích tế bào máu ngoại vi, được làm ít nhất 2 ngày 1 lần giai đoạn điều trị nội trú và hàng tháng khi bệnh ổn định. - Sinh hóa máu: Chức năng gan, thận, điện giải, acid uric, photpho, LDH..., ít nhất 1 tuần/lần giai đoạn điều trị nội trú và hàng tháng khi bệnh ổn định",{}
HuongDanChanDoanVaDieuTriMotSoBenhLyHuyetHoc_B_n_r_t_g_n.md:179,HuongDanChanDoanVaDieuTriMotSoBenhLyHuyetHoc_B_n_r_t_g_n.md,179,830,". - Sinh hóa máu: Chức năng gan, thận, điện giải, acid uric, photpho, LDH..., ít nhất 1 tuần/lần giai đoạn điều trị nội trú và hàng tháng khi bệnh ổn định. - Đông máu huyết tương cơ bản (Fibrinogen, PT, APTT, TT), D-Dimer, ít nhất 1 tuần/lần giai đoạn điều trị nội trú. - Vi sinh: Virus viêm gan, HIV… làm sàng lọc trước khi điều trị, lặp lại theo quy định. Các xét nghiệm đánh giá nhiễm trùng: Cấy vi khuẩn, vi nấm, CRP, PCT, CMV, EBV, kháng sinh đồ…, nếu lâm sàng có dấu hiệu nhiễm trùng. - Huyết thanh học nhóm máu, làm lúc chẩn đoán hoặc khi cần truyền máu. - Xét nghiệm tế bào và sinh hóa nước tiểu, làm để sàng lọc trước điều trị và làm lại khi có dấu hiệu lâm sàng bất thường liên quan. - Chẩn đoán hình ảnh, thăm dò chức năng, làm để sàng lọc trước điều trị và làm lại khi có dấu hiệu lâm sàng bất thường liên quan",{}
HuongDanChanDoanVaDieuTriMotSoBenhLyHuyetHoc_B_n_r_t_g_n.md:180,HuongDanChanDoanVaDieuTriMotSoBenhLyHuyetHoc_B_n_r_t_g_n.md,180,717,". - Chẩn đoán hình ảnh, thăm dò chức năng, làm để sàng lọc trước điều trị và làm lại khi có dấu hiệu lâm sàng bất thường liên quan. - Xét nghiệm Huyết tủy đồ, STTX làm lúc chẩn đoán và có thể làm lại khi nghi ngờ bệnh tiến triển hoặc chuyển cấp; phát hiện gen đột biến BCR-ABL; Công thức nhiễm sắc thể hoặc FISH thể được làm lúc chẩn đoán. Định lượng đột biến gen BCR-ABL 3 tháng/lần để theo dõi đáp ứng điều trị nhắm đích. - Một số xét nghiệm khác được chỉ định tùy theo bệnh nền và bệnh mắc kèm của người bệnh. 6. ĐÁNH GIÁ ĐÁP ỨNG - Tiêu chuẩn đáp ứng hoàn toàn về huyết học: Số lượng bạch cầu < 10 G/l, không còn bạch cầu hạt tuổi trung gian; số lượng tiểu cầu < 450 G/l; lách không to, lâm sàng ổn định",{}
HuongDanChanDoanVaDieuTriMotSoBenhLyHuyetHoc_B_n_r_t_g_n.md:181,HuongDanChanDoanVaDieuTriMotSoBenhLyHuyetHoc_B_n_r_t_g_n.md,181,408,". - Tiêu chuẩn đáp ứng về tế bào di truyền: Đáp ứng hoàn toàn: Ph(+) 0%; Đáp ứng nhiều: Ph(+) 1%-35%; Đáp ứng một phần: Ph(+) 36%-65%; Đáp ứng tối thiểu: Ph(+) 66%- 95%; Không đáp ứng: Ph(+) > 95%. - Tiêu chuẩn đáp ứng mức độ phân tử: Đáp ứng sâu: xét nghiệm PCR định lượng có kết quả BCR-ABL1/ABL1 đạt ít nhất MR4.5 (tương đương %IS ≥ 0,0032 hoặc 4,5 log ngoctlv.kcb_Truong Le Van Ngoc_04/07/2022 08:49:53",{}
HuongDanChanDoanVaDieuTriMotSoBenhLyHuyetHoc_B_n_r_t_g_n.md:182,HuongDanChanDoanVaDieuTriMotSoBenhLyHuyetHoc_B_n_r_t_g_n.md,182,631,"(tương đương %IS ≥ 0,01, hoặc giảm 3 log dưới mức đường chuẩn). Hiện nay, khi xác định mức đáp ứng ở mức độ phân tử, thang điểm quốc tế (International Scale - IS) được thống nhất sử dụng để tính mức độ giảm số copy mRNA của gen BCR-ABL1 so với gen tham chiếu ABL1, theo tỷ lệ %). 7. TIÊN LƯỢNG Trước đây, giai đoạn mạn tính của lơ xê mi tủy mạn thường kéo dài 3-5 năm, rồi chuyển thành lơ xê mi cấp (tiên lượng xấu, thời gian sống thêm thường không quá 1 năm). Hiện nay, với việc ứng dụng ghép tế bào gốc tạo máu đồng loài và điều trị nhắm đích bằng các thuốc TKI, tiên lượng người bệnh lơ xê mi tủy mạn được cải thiện mạnh mẽ.",{}
HuongDanChanDoanVaDieuTriMotSoBenhLyHuyetHoc_B_n_r_t_g_n.md:183,HuongDanChanDoanVaDieuTriMotSoBenhLyHuyetHoc_B_n_r_t_g_n.md,183,735,"1. Baccarani M, Deininger MW, Rosti G et al. European LeukemiaNet recommendations for the management of chronic myeloid leukemia: 2013. Blood 2013; Prepublished online June 26 doi: 10.1182/blood-2013-05-501569. 2. Hehlmann R, Hochhaus A, Baccarani M. European LeukemiaNet. Chronic myeloid leukaemia. Lancet 2007; 370: 342-350. 3. National Comprehensive Cancer Network. NCCN guidelines Version 3.2020 Panel members: Chronic myelogenous leukemia. 4. Vardiman JW, Melo JV, Baccarani M, Thiele J. Chronic myelogenous leukemia, BCR- ABL1 positive. WHO Classiﬁcation of Tumours of Hematopoietic and Lymphoid Tissues 2008; 32–37. ngoctlv.kcb_Truong Le Van Ngoc_04/07/2022 08:49:53

24. LƠ XÊ MI TỦY MONO MẠN (Bệnh bạch cầu mạn dòng tủy-mono)",{}
HuongDanChanDoanVaDieuTriMotSoBenhLyHuyetHoc_B_n_r_t_g_n.md:184,HuongDanChanDoanVaDieuTriMotSoBenhLyHuyetHoc_B_n_r_t_g_n.md,184,893,"1. ĐẠI CƯƠNG - Lơ xê mi tủy mono mạn (Chronic Myelomonocytic Leukemia - CMML) là một bệnh máu ác tính ít gặp; biểu hiện đặc trưng là sự tăng cao bạch cầu mono trong máu và tủy xương. CMML mang đặc trưng của 2 nhóm bệnh khác nhau (Hội chứng rối loạn sinh tủy - MDS và tăng sinh tủy - MPNs); theo tổ chức y tế Thế giới (WHO - 2008) CMML như là một bệnh pha trộn giữa MDS và MPNs. - Tuổi mắc bệnh trung bình là 65-70, nam gặp nhiều hơn nữ. - Hầu hết các trường hợp bệnh không rõ nguyên nhân; môi trường và một số yếu tố như tia xạ, tiếp xúc hóa chất (benzen, thuốc trừ sâu...), thuốc lá có thể tác động làm xuất hiện bệnh. 2. CHẨN ĐOÁN 2.1. Lâm sàng: Các triệu chứng lâm sàng có thể gặp: - Thiếu máu: Là triệu chứng hay gặp. - Xuất huyết do giảm tiểu cầu: Xuất huyết dưới da nhiều nơi, chảy máu chân răng hoặc đường tiêu hóa… - Có thể gặp gan to, lách to, thâm nhiễm da (khoảng 50%)",{}
HuongDanChanDoanVaDieuTriMotSoBenhLyHuyetHoc_B_n_r_t_g_n.md:185,HuongDanChanDoanVaDieuTriMotSoBenhLyHuyetHoc_B_n_r_t_g_n.md,185,872,". - Xuất huyết do giảm tiểu cầu: Xuất huyết dưới da nhiều nơi, chảy máu chân răng hoặc đường tiêu hóa… - Có thể gặp gan to, lách to, thâm nhiễm da (khoảng 50%). - Ngoài ra, còn gặp các triệu chứng như: Mệt mỏi, gầy sút cân, đổ mồ hôi về đêm, sốt kéo dài dùng kháng sinh không có hiệu lực. 2.2. Xét nghiệm a. Tế bào máu: Bất thường một hoặc nhiều dòng, cụ thể: - Bạch cầu có thể tăng (gặp khoảng 50% trường hợp), bình thường hoặc giảm; bạch cầu mono tăng cao dai dẳng ít nhất 3 tháng (> 1 G/l), tỷ lệ mono > 10%, thường là các tế bào mono trưởng thành, có bất thường về hình thái (bất thường về nhân, nguyên sinh chất…); tỉ lệ blasts trong máu hoặc tủy xương < 20%; bạch cầu ưa base và bạch cầu ưa acid tăng nhẹ. Bạch cầu hạt trung tính bất thường hình thái, hay gặp là dạng nhiều nhân, nhân chia đôi còn cầu nối (thể Pelger Huët), giảm hoặc mất hạt đặc hiệu",{}
HuongDanChanDoanVaDieuTriMotSoBenhLyHuyetHoc_B_n_r_t_g_n.md:186,HuongDanChanDoanVaDieuTriMotSoBenhLyHuyetHoc_B_n_r_t_g_n.md,186,762,". Bạch cầu hạt trung tính bất thường hình thái, hay gặp là dạng nhiều nhân, nhân chia đôi còn cầu nối (thể Pelger Huët), giảm hoặc mất hạt đặc hiệu. - Huyết sắc tố giảm; hồng cầu giảm, kích thước to, nhiều hồng cầu có chấm ưa base. - Tiểu cầu thường giảm; to, nhỏ không đều. b. Tế bào và mô bệnh học tủy xương: - Tăng sinh dòng bạch cầu hạt, có tăng số lượng bạch cầu mono. - Giảm dòng hồng cầu (50% các trường hợp), có thể gặp hồng cầu khổng lồ, nguyên hồng cầu sắt vòng. - Tăng sinh xơ trên 75% các trường hợp, có thể gặp ở các mức độ khác nhau. - Mẫu tiểu cầu giảm sinh (có thể gặp tới 80%), hình thái rối loạn, kích thước lớn, có một nhân hoặc nhiều nhân, nhân nhỏ. Có gặp mẫu tiểu cầu còi cọc. ngoctlv.kcb_Truong Le Van Ngoc_04/07/2022 08:49:53",{}
HuongDanChanDoanVaDieuTriMotSoBenhLyHuyetHoc_B_n_r_t_g_n.md:187,HuongDanChanDoanVaDieuTriMotSoBenhLyHuyetHoc_B_n_r_t_g_n.md,187,815,"c. Các xét nghiệm khác bao gồm: - X-quang, siêu âm ổ bụng và/hoặc CT scanner bụng, để phát hiện lách và gan to. - Xét nghiệm NST: NST Ph âm tính; hay gặp monosomy 7 và trisomy 8; bất thường 12p, t(5;12)(q31;p12), thường kèm tăng bạch cầu ưa acid; bất thường 11q23 ít gặp (hay chuyển thành lơ xê mi cấp sớm). - Xét nghiệm FISH: Gen BCR-ABL1 âm tính. - Đột biến gen: Khoảng 1-4 % bệnh nhân có chuyển đoạn gen PDGFR-β và TEL. Những bệnh nhân có đột biến PDGFR-β và TEL có thể đáp ứng với imatinib. Khoảng 35% bệnh nhân CMML có đột biến gen RAS (như K-RAS, N-RAS). - Xét nghiệm miễn dịch: Dương tính với CD33, CD13, CD14, CD64, CD68; nếu số lượng tế bào CD34 dương tính tăng thì bệnh có thể chuyển thành lơ xê mi cấp sớm. - Xét nghiệm sinh hóa máu: LDH và β2 microglobulin tăng cao. 2.3. Chẩn đoán xác định: a",{}
HuongDanChanDoanVaDieuTriMotSoBenhLyHuyetHoc_B_n_r_t_g_n.md:188,HuongDanChanDoanVaDieuTriMotSoBenhLyHuyetHoc_B_n_r_t_g_n.md,188,665,". - Xét nghiệm sinh hóa máu: LDH và β2 microglobulin tăng cao. 2.3. Chẩn đoán xác định: a. Tiêu chuẩn chẩn đoán CMML theo FAB (1982): - Tăng bạch cầu mono máu ngoại vi và tủy xương trên 1 G/l. - Rối loạn sinh sản dòng hồng cầu và/ hoặc bạch cầu hạt và/ hoặc bạch cầu đơn nhân. - Blast máu ngoại vi < 5%. - Blast trong tủy < 20%. - Sự vắng mặt các thể Auer trong tế bào tủy. b. Tiêu chuẩn chẩn đoán CMML theo WHO (2008): - Tăng bạch cầu mono máu ngoại vi dai dẳng (trên 1 G/l). - Không có NST Philadelphia hoặc gen BCR-ABL1. - Không có gen PDGFRA hoặc PDGFRB (đặc biệt, trong các trường hợp tăng bạch cầu ưa acid). - Blast ở máu ngoại vi và trong tủy < 20%",{}
HuongDanChanDoanVaDieuTriMotSoBenhLyHuyetHoc_B_n_r_t_g_n.md:189,HuongDanChanDoanVaDieuTriMotSoBenhLyHuyetHoc_B_n_r_t_g_n.md,189,872,". - Không có gen PDGFRA hoặc PDGFRB (đặc biệt, trong các trường hợp tăng bạch cầu ưa acid). - Blast ở máu ngoại vi và trong tủy < 20%. - Có ít nhất một trong các biểu hiện sau: + Rối loạn sinh sản của một hoặc nhiều dòng tế bào tủy; + Xuất hiện bất thường về di truyền tế bào hoặc bất thường di truyền phân tử mắc phải trong các tế bào tạo máu; + Tăng bạch cầu mono dai dẳng ít nhất 3 tháng mà các nguyên nhân tăng bạch cầu mono khác đã được loại trừ (như nhiễm trùng, viêm, hoặc bệnh ác tính). c. Tiêu chuẩn chẩn đoán CMML theo WHO (2016): - Tăng bạch cầu mono máu ngoại vi dai dẳng (≥ 1 G/l), với tỷ lệ bạch cầu mono ≥ 10% tỷ lệ bạch cầu. - Loại trừ CML, xơ tủy nguyên phát, đa hồng cầu nguyên phát, tăng tiểu cầu nguyên phát theo WHO (như các đặc trưng trong trong tủy xương, sự có mặt của các đột biến JAK2, CALR, MPL có NST Philadelphia hoặc gen BCR-ABL1)",{}
HuongDanChanDoanVaDieuTriMotSoBenhLyHuyetHoc_B_n_r_t_g_n.md:190,HuongDanChanDoanVaDieuTriMotSoBenhLyHuyetHoc_B_n_r_t_g_n.md,190,52,. ngoctlv.kcb_Truong Le Van Ngoc_04/07/2022 08:49:53,{}
HuongDanChanDoanVaDieuTriMotSoBenhLyHuyetHoc_B_n_r_t_g_n.md:191,HuongDanChanDoanVaDieuTriMotSoBenhLyHuyetHoc_B_n_r_t_g_n.md,191,869,"- Không có gen PDGFRA (4q12) hoặc PDGFRB (5q31-33) hoặc FGFR1, PCM1- JAK2 (đặc biệt, trong các trường hợp tăng bạch cầu ưa acid). - Blast ở máu ngoại vi và trong tủy xương < 20%. - Rối loạn sinh sản của một hoặc nhiều dòng tế bào tủy. - Xuất hiện bất thường về di truyền tế bào hoặc bất thường di truyền phân tử mắc phải trong các tế bào tạo máu như trisomy 8, mất NST Y, monosomy, del 7q… - Tăng bạch cầu mono dai dẳng ít nhất 3 tháng mà các nguyên nhân tăng bạch cầu mono khác đã được loại trừ (như nhiễm trùng, viêm, hoặc bệnh ác tính). - Đếm tế bào mono máu ngoại vi bằng phương pháp flow cytometry có sự xuất hiện của CD14+ và CD16-. 2.4. Chẩn đoán thể bệnh: - CMML-0: Blast < 2% ở máu ngoại vi và < 5% trong tủy xương. - CMML-1: Blast < 2-4% ở máu ngoại vi và < 5-9% trong tủy xương. - CMML-2: Blast từ 5-19% ở máu ngoại vi và từ 10-19% trong tủy xương",{}
HuongDanChanDoanVaDieuTriMotSoBenhLyHuyetHoc_B_n_r_t_g_n.md:192,HuongDanChanDoanVaDieuTriMotSoBenhLyHuyetHoc_B_n_r_t_g_n.md,192,592,". - CMML-1: Blast < 2-4% ở máu ngoại vi và < 5-9% trong tủy xương. - CMML-2: Blast từ 5-19% ở máu ngoại vi và từ 10-19% trong tủy xương. - CMML có tăng bạch cầu ưa acid: Tiêu chuẩn chẩn đoán CMML + bạch cầu ưa acid máu ngoại vi > 1,5G/l; xét nghiệm NST thường thấy có t(5;12). 2.5. Chẩn đoán phân biệt: - Tăng sinh mono nguyên nhân không phải bệnh lý ác tính (lao, bệnh nấm mạn tính, viêm nội tâm mạc…), thường có các triệu chứng biểu hiện bệnh kèm theo. - Phân biệt bệnh tăng sinh tủy ác tính: Xơ tủy tiên phát, lơ xê mi tủy mạn (CML). Bảng 21. Phân biệt CMML, CML, CML không điển hình",{}
HuongDanChanDoanVaDieuTriMotSoBenhLyHuyetHoc_B_n_r_t_g_n.md:193,HuongDanChanDoanVaDieuTriMotSoBenhLyHuyetHoc_B_n_r_t_g_n.md,193,655,"Đặc điểm CML CMML CML không điển hình Loạn sản < 10% + ++ Tăng sinh monocyt < 3% số lượng tuyệt đối + + Bạch cầu hạt non Chủ yếu dòng tủy < 15% >15% Bạch cầu ưa acid + - ± NST Ph ++ - - Đột biến RAS - 40% ± RAS: guamine nucleotide - Releasing factor 3. ĐIỀU TRỊ 3.1. Đánh giá tình trạng bệnh trước khi lựa chọn liệu pháp điều trị dựa vào các yếu tố: - Đặc điểm và mức độ nặng của các triệu chứng. - Các biện pháp điều trị chính là: Hóa trị liệu, sử dụng các chất cảm ứng biệt hóa, các điều kiện để ghép tế bào gốc (cho từng trường hợp cụ thể); điều trị bổ trợ cho thiếu máu, xuất huyết, nhiễm trùng. ngoctlv.kcb_Truong Le Van Ngoc_04/07/2022 08:49:53",{}
HuongDanChanDoanVaDieuTriMotSoBenhLyHuyetHoc_B_n_r_t_g_n.md:194,HuongDanChanDoanVaDieuTriMotSoBenhLyHuyetHoc_B_n_r_t_g_n.md,194,429,"- Tiên lượng: Các yếu tố tiên lượng nặng bao gồm: + Thiếu máu, Hb < 10g/l; + Tỷ lệ blast ≥ 10%; + Số lượng bạch cầu ≥ 13G/l; + Số lượng tiểu cầu < 100G/l; + LDH cao; + Kích thước lách lớn. Hệ thống điểm đánh giá tiên lượng CMML (theoOnida F, Kantarjian HM, Smith TL, et all, Blood 2002) Nhóm nguy cơ Tổng số các yếu tố bất lợi Thời gian sống trung bình (tháng) Thấp 0-1 Nguy cơ trung bình- 1 Nguy cơ trung bình-2 Nguy cơ cao",{}
HuongDanChanDoanVaDieuTriMotSoBenhLyHuyetHoc_B_n_r_t_g_n.md:195,HuongDanChanDoanVaDieuTriMotSoBenhLyHuyetHoc_B_n_r_t_g_n.md,195,872,"Trong đó: Các yếu tố bất lợi, bao gồm: - Hb < 120g/l. - Có bạch cầu chưa trưởng thành trong máu ngoại vi. - Số lượng lympho > 2,5G/l. - Tế bào tủy chưa trưởng thành và blast trong tủy > 10%. Mỗi yếu tố trên được tính là 1 điểm. 3.2. Điều trị cụ thể: a. Các thuốc diệt tế bào: - Mục đích kiểm soát số lượng bạch cầu trong giới hạn bình thường. - Thuốc cụ thể: + Hydroxyurea uống 0,5g đến 1g/ngày; + Mercaptopurin uống 50-100mg/ ngày; + Etoposide uống 50mg/ ngày trong 21 ngày, chu kỳ 4 tuần; + Những bệnh nhân CMML (khoảng 1-4%) có gen đột biến PDGFR-β và TEL có thể điều trị với imatinib. b. Ghép tế bào gốc đồng loài trong điều trị CMML: Đây là phương pháp điều trị duy nhất có thể chữa khỏi bệnh. Áp dụng ở những bệnh nhân trẻ tuổi có bệnh đang tiến triển cấp, thất bại hoặc đáp ứng kém với các phương pháp điều trị khác và tìm được người hiến tế bào gốc phù hợp HLA",{}
HuongDanChanDoanVaDieuTriMotSoBenhLyHuyetHoc_B_n_r_t_g_n.md:196,HuongDanChanDoanVaDieuTriMotSoBenhLyHuyetHoc_B_n_r_t_g_n.md,196,224,". Áp dụng ở những bệnh nhân trẻ tuổi có bệnh đang tiến triển cấp, thất bại hoặc đáp ứng kém với các phương pháp điều trị khác và tìm được người hiến tế bào gốc phù hợp HLA. ngoctlv.kcb_Truong Le Van Ngoc_04/07/2022 08:49:53",{}
HuongDanChanDoanVaDieuTriMotSoBenhLyHuyetHoc_B_n_r_t_g_n.md:197,HuongDanChanDoanVaDieuTriMotSoBenhLyHuyetHoc_B_n_r_t_g_n.md,197,685,"c. Các thuốc nhóm giảm methyl hóa DNA (hypomethylating agents): Dùng 1 trong 2 loại thuốc sau: - Azacitidin 75mg/m2/ngày tiêm dưới da 7 ngày, chu kỳ 28 ngày, 6 chu kỳ. - Decitabine 20mg/m2 truyền tĩnh mạch hoặc tiêm dưới da trong 5 ngày, chu kỳ 4 tuần, duy trì điều trị nếu bệnh nhân vẫn có đáp ứng tốt với thuốc. 3.3. Điều trị hỗ trợ: - Thiếu máu: + Truyền khối hồng cầu khi HST < 70g/l, truyền đến khi HST đạt > 100g/l; + Sử dụng thuốc kích thích sinh hồng cầu Erythropoetin.  Erythropoetin 30.000U/tuần (dùng cách ngày) x 8 tuần, có thể lên 60.000U/ tuần nếu đáp ứng kém; - Truyền khối tiểu cầu nếu tiểu cầu giảm ≤ 20G/l, hoặc khi SLTC ≤ 50G/l nhưng có xuất huyết trên lâm sàng",{}
HuongDanChanDoanVaDieuTriMotSoBenhLyHuyetHoc_B_n_r_t_g_n.md:198,HuongDanChanDoanVaDieuTriMotSoBenhLyHuyetHoc_B_n_r_t_g_n.md,198,661,". - Chú ý vấn đề quá tải sắt nếu truyền KHC nhiều lần và kéo dài (xét nghiệm ferritin huyết thanh ≥ 1000µg/l hoặc sau truyền ≥ 20 đơn vị máu), dùng các thuốc thải sắt, như Desferrioxamin hoặc Deferasirox: + Desferrioxamin liều 20-50mg/kg truyền tĩnh mạch hoặc dưới da 8 đến 12 giờ dùng 5 đến 7 ngày/tuần; + Deferasirox 10-40mg/kg/ngày, uống 1 lần/ngày. - Dùng kháng sinh khi có nhiễm trùng (sốt, viêm họng, viêm phổi, viêm cơ…). Cần làm kháng sinh đồ để chỉ định kháng sinh cho phù hợp. 4. TIẾN TRIỂN Thời gian sống trung bình là từ 12-24 tháng, khoảng 15-30% bệnh nhân CMML tiến triển thành Lơ xê mi cấp. 5. XÉT NGHIỆM TRƯỚC VÀ TRONG QUÁ TRÌNH ĐIỀU TRỊ 5.1",{}
HuongDanChanDoanVaDieuTriMotSoBenhLyHuyetHoc_B_n_r_t_g_n.md:199,HuongDanChanDoanVaDieuTriMotSoBenhLyHuyetHoc_B_n_r_t_g_n.md,199,855,". 4. TIẾN TRIỂN Thời gian sống trung bình là từ 12-24 tháng, khoảng 15-30% bệnh nhân CMML tiến triển thành Lơ xê mi cấp. 5. XÉT NGHIỆM TRƯỚC VÀ TRONG QUÁ TRÌNH ĐIỀU TRỊ 5.1. Đánh giá trước điều trị Ngoài các xét nghiệm để chẩn đoán bệnh đã nêu ở trên, cần làm các xét nghiệm để đánh giá toàn trạng bệnh nhân trước điều trị, bao gồm: - Sinh hóa máu: Chức năng gan, thận, đường máu, acid uric, LDH, điện giải đồ, protein, albumin... - Đông máu cơ bản vòng 1: Fibrinogen, PT, APTT, TT, D-Dimer. Nếu có bất thường sẽ làm thêm các xét nghiệm chuyên sâu. - Tế bào nước tiểu, sinh hóa nước tiểu. - HBsAg, HCVAb, HIV Ab với bệnh nhân vào viện lần đầu và khi bệnh nhân có truyền máu nhiều lần. - Định nhóm ABO, Rh khi bệnh nhân vào viện lần đầu và khi bệnh nhân có chỉ định truyền máu. - Điện tâm đồ, siêu âm tim với bệnh nhân có chỉ định điều trị hóa chất",{}
HuongDanChanDoanVaDieuTriMotSoBenhLyHuyetHoc_B_n_r_t_g_n.md:200,HuongDanChanDoanVaDieuTriMotSoBenhLyHuyetHoc_B_n_r_t_g_n.md,200,218,". - Định nhóm ABO, Rh khi bệnh nhân vào viện lần đầu và khi bệnh nhân có chỉ định truyền máu. - Điện tâm đồ, siêu âm tim với bệnh nhân có chỉ định điều trị hóa chất. ngoctlv.kcb_Truong Le Van Ngoc_04/07/2022 08:49:53",{}
HuongDanChanDoanVaDieuTriMotSoBenhLyHuyetHoc_B_n_r_t_g_n.md:201,HuongDanChanDoanVaDieuTriMotSoBenhLyHuyetHoc_B_n_r_t_g_n.md,201,593,"5.2. Theo dõi trong điều trị 5.2.1 Xét nghiệm theo dõi thường quy - Tổng phân tích tế bào máu ít nhất 3 lần/ tuần. - Sinh hóa máu: Chức năng gan, thận, điện giải đồ… ít nhất 1 lần/ tuần. - Đông máu cơ bản ít nhất 1 lần/ tuần. - Làm huyết tủy đồ, sinh thiết tủy xương sau mỗi chu kì điều trị hóa chất. Đối với bệnh nhân không điều trị hóa chất kiểm tra huyết tủy đồ, sinh thiết tủy xương mỗi 6 tháng hoặc khi có biểu hiện bệnh tiến triển. 5.2.2 Xét nghiệm theo dõi khi có bất thường: Tùy thuộc diễn biến của bệnh nhân để chỉ định phù hợp. ngoctlv.kcb_Truong Le Van Ngoc_04/07/2022 08:49:53",{}
HuongDanChanDoanVaDieuTriMotSoBenhLyHuyetHoc_B_n_r_t_g_n.md:202,HuongDanChanDoanVaDieuTriMotSoBenhLyHuyetHoc_B_n_r_t_g_n.md,202,855,"1. Đỗ Trung Phấn, Tế bào gốc và Bệnh lý tế bào gốc tạo máu, 2008: tr. 227-245. 2. Nguyễn Anh Trí, Tiền Lơ xê mi và Lơ xê mi cấp, Nhà xuất bản Y học, 2010 : tr.59- 140. 3. Am J Hematol. 2012 Jun;87(6):610-619. 4. Alan F. ListAvery A. Sandberg Donald C. Doll. Myelodysplastic Syndromes. Wintrobe’s Clinical Hematology 12th Edition. 2009: 1957-1977. 5. Arber DA, Orazi A, Hasserjian R, et al. The 2016 revision to the World Health Organization classification of myeloid neoplasms and acute leukemia. Blood. 2016;127(20):2391-2405. 6. Bacher U, Haferlach T, Schnittgeer S, et al. Recent advances in diagnosis, molecular pathology and therapy or chronic myelomonocytic leukemia. Br J Hematol. 2011;153:149-167. 7. David G Oscier and Sally B Killick. The myelodysplastic syndromes. Postgraduate – Haematology. 2005: 662-678. 8. Eric Solary and Raphael Itzykson",{}
HuongDanChanDoanVaDieuTriMotSoBenhLyHuyetHoc_B_n_r_t_g_n.md:203,HuongDanChanDoanVaDieuTriMotSoBenhLyHuyetHoc_B_n_r_t_g_n.md,203,889,". 2011;153:149-167. 7. David G Oscier and Sally B Killick. The myelodysplastic syndromes. Postgraduate – Haematology. 2005: 662-678. 8. Eric Solary and Raphael Itzykson. How I treat chronic myelomonocytic leukemia (Blood. 2017;130(2):126-136) 9. Malcovati L, Cazzola M. Myelodysplastic/myeloproliferative disorders. Hematological. 2008;93(1);4-6. 10. Orazi A, Germing U, Brunning R, Brain B, Thiele J. Chronic Myelomonocytic Leukemia. Lyon: IARC press 2008. 11. Sameer A. Parikh and Ayalew Tefferi. Chronic myelomonocytic leukemia: 2012 update on diagnosis,risk stratification, and management. Am. J. Hematol. 87:611–619, 2012. 12. Symeonidi A, Vanblezen A, Mufti G, et all. Allogeneic stem cell transplantation in patients with chronic myelomonocytic leukemia: The impact of WHO classfication and of the conditioning regimen on the transplantation outcome. Annual Meeting of the EBMT 2010",{}
HuongDanChanDoanVaDieuTriMotSoBenhLyHuyetHoc_B_n_r_t_g_n.md:204,HuongDanChanDoanVaDieuTriMotSoBenhLyHuyetHoc_B_n_r_t_g_n.md,204,142,". Annual Meeting of the EBMT 2010. Bone marrow transplantation 2010;45(S240, Abtract P803). ngoctlv.kcb_Truong Le Van Ngoc_04/07/2022 08:49:53",{}
HuongDanChanDoanVaDieuTriMotSoBenhLyHuyetHoc_B_n_r_t_g_n.md:205,HuongDanChanDoanVaDieuTriMotSoBenhLyHuyetHoc_B_n_r_t_g_n.md,205,27,25. ĐA HỒNG CẦU NGUYÊN PHÁT,{}
HuongDanChanDoanVaDieuTriMotSoBenhLyHuyetHoc_B_n_r_t_g_n.md:206,HuongDanChanDoanVaDieuTriMotSoBenhLyHuyetHoc_B_n_r_t_g_n.md,206,853,"1. ĐẠI CƯƠNG - Đa hồng cầu nguyên phát là bệnh tăng sinh quá mức dòng hồng cầu, thuộc nhóm các bệnh tăng sinh tủy mạn ác tính (myeloproliferative neoplasms - MPNs) một nhóm bệnh ác tính hệ tạo máu tương đối thường gặp. Đặc điểm chung của nhóm bệnh lý này là diễn biến mạn tính, lách to kèm theo tăng một hoặc nhiều dòng tế bào tủy. - Cơ chế bệnh sinh: Đột biến gen của protein tyrosine kinase thuộc Janus kinase family (JAK) gây giảm chức năng tự ức chế sinh sản tế bào. Đột biến gen JAK2-V617F gây tăng khả năng phosphoryl hoá của JAK2, dẫn tới tăng sinh tế bào tạo máu vạn năng (tế bào CD34+). Đột biến này gặp trên 90% người bệnh đa hồng cầu nguyên phát. 2. NGUYÊN NHÂN GÂY BỆNH Nguyên nhân gây bệnh chưa được biết rõ, một số yếu tố được cho là làm tăng nguy cơ mắc bệnh: Tiếp xúc với bức xạ ion hóa, hóa chất (benzen), yếu tố gia đình",{}
HuongDanChanDoanVaDieuTriMotSoBenhLyHuyetHoc_B_n_r_t_g_n.md:207,HuongDanChanDoanVaDieuTriMotSoBenhLyHuyetHoc_B_n_r_t_g_n.md,207,629,". NGUYÊN NHÂN GÂY BỆNH Nguyên nhân gây bệnh chưa được biết rõ, một số yếu tố được cho là làm tăng nguy cơ mắc bệnh: Tiếp xúc với bức xạ ion hóa, hóa chất (benzen), yếu tố gia đình. Tuy nhiên, nhiều bệnh nhân bị bệnh mà không phát hiện được yếu tố nguy cơ nào. 3. TRIỆU CHỨNG 3.1. Lâm sàng - Biểu hiện lâm sàng chủ yếu do tăng độ quánh máu như: Đau đầu, chóng mặt, rối loạn thị lực, đau thắt ngực; đau, tê bì đầu ngón chân, ngón tay; hay gặp biến chứng tắc mạch máu nhỏ, một số trường hợp gặp tắc mạch lớn như huyết khối tĩnh mạch sâu; có thể biến chứng chảy máu: Xuất huyết niêm mạc, chảy máu chân răng, xuất huyết tiêu hoá",{}
HuongDanChanDoanVaDieuTriMotSoBenhLyHuyetHoc_B_n_r_t_g_n.md:208,HuongDanChanDoanVaDieuTriMotSoBenhLyHuyetHoc_B_n_r_t_g_n.md,208,884,". - Các triệu chứng chính theo thứ tự gặp là: Lách to (75% người bệnh), có thể có nhồi máu lách; gan to (30%); biểu hiện ngứa (trên 40% người bệnh), gặp sau tắm nước nóng; cao huyết áp; nóng bừng mặt; ngoài ra có thể đau bụng vì viêm loét dạ dày do tăng tiết histamine và tăng tiết acid hay do tắc mạch (tắc mạch mạc treo, tĩnh mạch cửa). - Giai đoạn cuối có thể kiệt quệ, biểu hiện chủ yếu là thiếu máu, số lượng tiểu cầu có thể tăng, tình trạng xơ tủy tăng dần và kết thúc bằng chuyển thành lơ xê mi cấp. 3.2. Xét nghiệm - Máu ngoại vi: Tăng tất cả các tế bào thuộc dòng tuỷ (hồng cầu, bạch cầu hạt, tiểu cầu); tăng hematocrit; tăng acid uric; erythropoietin huyết thanh không tăng. - Tủy xương: Tăng sinh các dòng tế bào tủy (hồng cầu, bạch cầu hạt, mẫu tiểu cầu). Có hiện tượng xơ hóa tủy từng phần. - Có đột biến JAK2 V617F, hoặc đột biến JAK2 exon 12. 4. CHẨN ĐOÁN 4.1",{}
HuongDanChanDoanVaDieuTriMotSoBenhLyHuyetHoc_B_n_r_t_g_n.md:209,HuongDanChanDoanVaDieuTriMotSoBenhLyHuyetHoc_B_n_r_t_g_n.md,209,391,". Có hiện tượng xơ hóa tủy từng phần. - Có đột biến JAK2 V617F, hoặc đột biến JAK2 exon 12. 4. CHẨN ĐOÁN 4.1. Chẩn đoán xác định theo tiêu chuẩn WHO 2016 a. Tiêu chuẩn chính - Hb > 165 g/l (nam) và > 160 g/l (nữ) hoặc hematocrit > 0,49 l/l (nam) và > 0,48 l/l (nữ) hoặc tăng thể tích khối hồng cầu toàn thể > 25% trị số bình thường. ngoctlv.kcb_Truong Le Van Ngoc_04/07/2022 08:49:53",{}
HuongDanChanDoanVaDieuTriMotSoBenhLyHuyetHoc_B_n_r_t_g_n.md:210,HuongDanChanDoanVaDieuTriMotSoBenhLyHuyetHoc_B_n_r_t_g_n.md,210,679,"- Xét nghiệm mô bệnh học tủy xương cho thấy tình trạng tăng mật độ tế bào với sự tăng sinh cả 3 dòng tế bào tủy trong đó chủ yếu là dòng hồng cầu, tăng sinh bạch cầu hạt và mẫu tiểu cầu (biểu hiện bằng sự đa dạng về hình thái, kích thước và mức độ trưởng thành). Tuy nhiên, nếu bệnh nhân có tăng hồng cầu kéo dài với mức độ Hb > 185 g/l (nam) và 165 g/l (nữ) thì tiêu chuẩn này không bắt buộc phải áp dụng. - Có đột biến JAK2 V617F hoặc JAK2 exon 12. b. Tiêu chuẩn phụ - Nồng độ erythropoietin huyết thanh giảm. Chẩn đoán xác định đa hồng cầu nguyên phát khi có cả 3 tiêu chuẩn chính hoặc 2 tiêu chuẩn chính số 1, 2 và tiêu chuẩn phụ. 4.2. Chẩn đoán phân biệt a",{}
HuongDanChanDoanVaDieuTriMotSoBenhLyHuyetHoc_B_n_r_t_g_n.md:211,HuongDanChanDoanVaDieuTriMotSoBenhLyHuyetHoc_B_n_r_t_g_n.md,211,765,". Chẩn đoán xác định đa hồng cầu nguyên phát khi có cả 3 tiêu chuẩn chính hoặc 2 tiêu chuẩn chính số 1, 2 và tiêu chuẩn phụ. 4.2. Chẩn đoán phân biệt a. Các bệnh khác thuộc nhóm các bệnh tăng sinh tủy mạn ác tính - Tăng tiểu cầu tiên phát: Tủy tăng sinh mẫu tiểu cầu trưởng thành, rối loạn hình thái, gen JAK2 V617F (+) trong 50% trường hợp, có thể có đột biến CALR hoặc MPL ở bệnh nhân JAK2 V617F (-). - Xơ tủy nguyên phát: Thường thiếu máu, tủy tăng sinh mẫu tiểu cầu rối loạn hình thái tập trung thành đám, cùng với tăng sinh xơ reticulin hoặc collagen, gen JAK2 V617F (+) trong 50% trường hợp, có thể có đột biến CALR hoặc MPL ở bệnh nhân JAK2 V617F (-). - Lơ xê mi tủy mạn: Tủy tăng sinh đủ các lứa tuổi dòng bạch cầu hạt, NST Ph+, gen BCR-ABL+. b",{}
HuongDanChanDoanVaDieuTriMotSoBenhLyHuyetHoc_B_n_r_t_g_n.md:212,HuongDanChanDoanVaDieuTriMotSoBenhLyHuyetHoc_B_n_r_t_g_n.md,212,581,". - Lơ xê mi tủy mạn: Tủy tăng sinh đủ các lứa tuổi dòng bạch cầu hạt, NST Ph+, gen BCR-ABL+. b. Đa hồng cầu thứ phát Trong trường hợp này phân biệt bằng nghiệm pháp erythropoietin huyết thanh: Nồng độ erythropoietin giảm trong đa hồng cầu nguyên phát; tuỷ xương: Giàu tế bào, tăng sinh các dòng tế bào tủy. Trường hợp tăng hồng cầu thứ phát thì số lượng hồng cầu và nồng độ hemoglobin sẽ trở về bình thường nếu bệnh lý gây tăng hồng cầu được điều trị hiệu quả. Một số nguyên nhân dưới đây có thể gây tình trạng đa hồng cầu thứ phát: - Mất nước: Có thể làm tăng hematocrit giả",{}
HuongDanChanDoanVaDieuTriMotSoBenhLyHuyetHoc_B_n_r_t_g_n.md:213,HuongDanChanDoanVaDieuTriMotSoBenhLyHuyetHoc_B_n_r_t_g_n.md,213,656,". Một số nguyên nhân dưới đây có thể gây tình trạng đa hồng cầu thứ phát: - Mất nước: Có thể làm tăng hematocrit giả. - Tăng sinh hồng cầu thứ phát do tăng EPO trong các trường hợp: Tăng EPO thứ phát do thiếu oxy; bệnh phổi; người sinh sống ở vùng cao; hút thuốc lá (8- carboxyhemoglobin); bệnh tim gây xanh tím; hemoglobin ái lực cao oxy; nhiễm Coban; tăng sản xuất EPO; khối u ở thận, não, gan, u xơ tử cung, u crom; hẹp động mạch thận; nang thận… - Các nguyên nhân khác: Thụ thể EPO quá mẫn cảm; tăng sinh hồng cầu di truyền; điều trị androgen; u thượng thận; hoàn máu tự thân (doping máu); tiêm EPO. ngoctlv.kcb_Truong Le Van Ngoc_04/07/2022 08:49:53",{}
HuongDanChanDoanVaDieuTriMotSoBenhLyHuyetHoc_B_n_r_t_g_n.md:214,HuongDanChanDoanVaDieuTriMotSoBenhLyHuyetHoc_B_n_r_t_g_n.md,214,726,"c. Đột biến receptor erythropoietin Bệnh có tính chất gia đình, thường được phát hiện khi còn trẻ, nuôi cấy cụm hồng cầu in vitro thấy tăng nhạy cảm với EPO (trái ngược với đa hồng cầu nguyên phát tạo cụm hồng cầu không phụ thuộc EPO). 4.3. Phân nhóm nguy cơ theo NCCN a. Nguy cơ cao - Tuổi > 60. Và/hoặc - Có tiền sử huyết khối. b. Nguy cơ thấp - Tuổi < 60. Và - Không có tiền sử huyết khối. 5. ĐIỀU TRỊ 5.1. Điều trị bệnh chính a. Nhóm nguy cơ cao - Rút máu tĩnh mạch duy trì hematocrit < 45%. - Aspirin liều thấp 81-100 mg/ngày. - Thuốc diệt tế bào: Lựa chọn hàng 1 thường là hydroxyurea; interferons alpha thường dùng cho bệnh nhân dưới 40 tuổi (do không làm tăng nguy cơ xuất hiện lơ xê mi cấp) và phụ nữ mang thai",{}
HuongDanChanDoanVaDieuTriMotSoBenhLyHuyetHoc_B_n_r_t_g_n.md:215,HuongDanChanDoanVaDieuTriMotSoBenhLyHuyetHoc_B_n_r_t_g_n.md,215,671,". + Hydroxyurea uống liều khởi đầu 15-20 mg/kg x 2 lần/ngày, giảm liều nếu bệnh nhân suy thận; hydroxyurea thường cần 3-5 ngày mới có tác dụng; + Interferons alpha liều khởi đầu 3 triệu đơn vị tiêm dưới da x 3 lần/tuần; hoặc + Pegylated interferons alpha-2a liều khởi đầu 45 mcg/tuần tiêm dưới da tuần đầu tiên, tăng dần liều tùy theo đáp ứng về tế bào máu của bệnh nhân, liều tối đa 180 mcg/tuần. Trường hợp bệnh nhân không dung nạp hoặc đáp ứng kém với điều trị hàng 1 (hydroxyurea hoặc interferons alpha), có thể dùng: - Ruxolitinib uống 10 mg x 2 lần/ngày, hoặc b. Nhóm nguy cơ thấp - Rút máu tĩnh mạch duy trì hematocrit < 45%. - Aspirin liều thấp 81-100 mg/ngày",{}
HuongDanChanDoanVaDieuTriMotSoBenhLyHuyetHoc_B_n_r_t_g_n.md:216,HuongDanChanDoanVaDieuTriMotSoBenhLyHuyetHoc_B_n_r_t_g_n.md,216,523,". Nhóm nguy cơ thấp - Rút máu tĩnh mạch duy trì hematocrit < 45%. - Aspirin liều thấp 81-100 mg/ngày. Thông thường bệnh nhân nhóm nguy cơ thấp chưa cần sử dụng ngay các thuốc diệt tế bào (do nguy cơ chuyển dạng lơ xê mi cấp hay xơ tủy lớn hơn lợi ích mang lại), chỉ dùng trong những trường hợp sau: - Không kiểm soát được những triệu chứng của bệnh. - Bạch cầu và/hoặc tiểu cầu tăng cao. - Lách to có triệu chứng hoặc lách to nhiều. - Đáp ứng kém với rút máu đơn thuần. ngoctlv.kcb_Truong Le Van Ngoc_04/07/2022 08:49:53",{}
HuongDanChanDoanVaDieuTriMotSoBenhLyHuyetHoc_B_n_r_t_g_n.md:217,HuongDanChanDoanVaDieuTriMotSoBenhLyHuyetHoc_B_n_r_t_g_n.md,217,843,"5.2. Điều trị hỗ trợ - Bệnh nhân đa hồng cầu nguyên phát cần được tư vấn và quản lý tốt các yếu tố nguy cơ bệnh tim mạch: ngừng hút thuốc, duy trì hoạt động thể chất giảm béo phì, điều trị rối loạn mỡ máu, đái tháo đường, kiểm soát huyết áp (nên phối hợp bác sỹ chuyên khoa tim mạch). - Điều trị hỗ trợ chế phẩm sắt cho các người bệnh rút máu nhiều lần có tình trạng thiếu sắt (giảm nồng độ sắt và Ferritin huyết thanh). Chỉ nên bổ sung sắt khi bệnh nhân có triệu chứng thiếu sắt (ví dụ: pica, dị cảm ở miệng, khó nuốt do viêm thực quản, hội chứng restless leg). 5.3. Các xét nghiệm đánh giá và theo dõi điều trị - Tổng phân tích tế bào máu ngoại vi, được làm ít nhất 2 ngày 1 lần, làm lại ngay sau rút máu điều trị. - Sinh hóa máu: Chức năng gan, thận, điện giải, acid uric, photpho, Fe, Ferritin, EPO, LDH..., ít nhất 1 tuần/lần",{}
HuongDanChanDoanVaDieuTriMotSoBenhLyHuyetHoc_B_n_r_t_g_n.md:218,HuongDanChanDoanVaDieuTriMotSoBenhLyHuyetHoc_B_n_r_t_g_n.md,218,895,". - Sinh hóa máu: Chức năng gan, thận, điện giải, acid uric, photpho, Fe, Ferritin, EPO, LDH..., ít nhất 1 tuần/lần. - Xét nghiệm đông máu: Fibrinogen, PT, APTT, TT, D-Dimer, rotem… ít nhất 1 tuần/lần. Xét nghiệm bệnh von-Willebrand mắc phải (nếu người bệnh có chảy máu hoặc số lượng tiểu cầu > 1.000 G/l hoặc APTT kéo dài). - Xét nghiệm vi sinh: Virus viêm gan, HIV… làm sàng lọc trước khi điều trị, lặp lại theo quy định; Các xét nghiệm đánh giá nhiễm trùng: Cấy vi khuẩn, vi nấm, CRP, PCT, CMV, EBV, kháng sinh đồ… nếu lâm sàng có dấu hiệu nhiễm trùng. - Huyết thanh học nhóm máu, làm lúc chẩn đoán hoặc khi cần truyền máu. - Xét nghiệm tế bào và sinh hóa nước tiểu, làm để sàng lọc trước điều trị và làm lại khi có dấu hiệu lâm sàng bất thường liên quan. - Chẩn đoán hình ảnh, thăm dò chức năng, làm để sàng lọc trước điều trị và làm lại khi có dấu hiệu lâm sàng bất thường liên quan",{}
HuongDanChanDoanVaDieuTriMotSoBenhLyHuyetHoc_B_n_r_t_g_n.md:219,HuongDanChanDoanVaDieuTriMotSoBenhLyHuyetHoc_B_n_r_t_g_n.md,219,565,". - Chẩn đoán hình ảnh, thăm dò chức năng, làm để sàng lọc trước điều trị và làm lại khi có dấu hiệu lâm sàng bất thường liên quan. - Xét nghiệm Huyết tủy đồ, STTX, nhuộm sợi xơ làm lúc chẩn đoán và có thể làm lại khi nghi ngờ bệnh tiến triển hoặc chuyển thể; phát hiện gen đột biến JAK2 (V617F, exon 12), CALR, MPL, Công thức nhiễm sắc thể được làm lúc chẩn đoán. Định lượng đột biến gen JAK2 để theo dõi điều trị. - Một số xét nghiệm khác được chỉ định tùy theo bệnh nền và bệnh mắc kèm của người bệnh. ngoctlv.kcb_Truong Le Van Ngoc_04/07/2022 08:49:53",{}
HuongDanChanDoanVaDieuTriMotSoBenhLyHuyetHoc_B_n_r_t_g_n.md:220,HuongDanChanDoanVaDieuTriMotSoBenhLyHuyetHoc_B_n_r_t_g_n.md,220,85,6. ĐÁNH GIÁ ĐÁP ỨNG Tiêu chuẩn đáp ứng theo hệ thống lơ xê mi châu Âu (ELN - 2013),{}
HuongDanChanDoanVaDieuTriMotSoBenhLyHuyetHoc_B_n_r_t_g_n.md:221,HuongDanChanDoanVaDieuTriMotSoBenhLyHuyetHoc_B_n_r_t_g_n.md,221,877,"Mức độ đáp ứng Tiêu chuẩn Đáp ứng hoàn toàn 1. Không còn triệu chứng của bệnh và thuyên giảm triệu chứng theo thang điểm MPN-SAF TSS (giảm 10 điểm) trong ít nhất 12 tuần 2. Tế bào máu ngoại vi trở về bình thường (BC < 10 G/l, TC < 400 G/l, Hct < 45% không cần rút máu) trong ít nhất 12 tuần 3. Không có biến cố mạch máu và bệnh tiến triển 4. Không còn các bất thường trong tủy xương liên quan đến bệnh (mật độ tế bào tủy bình thường, không còn tăng sinh các dòng tế bào tủy, không có xơ hóa reticulin > mức độ 1) Đáp ứng một phần 1. Thỏa mãn 3 tiêu chí đầu tiên của đáp ứng hoàn toàn và 2. Còn tình trạng tăng sinh cả 3 dòng tế bào tủy xương Bệnh tiến triển Chuyển dạng xơ tủy sau đa hồng cầu, lơ xê mi cấp, rối loạn sinh tủy Ghi chú: Tiêu chuẩn này thường được áp dụng trong các thử nghiệm lâm sàng. 7. TIÊN LƯỢNG Đa hồng cầu nguyên phát có tiên lượng tương đối tốt",{}
HuongDanChanDoanVaDieuTriMotSoBenhLyHuyetHoc_B_n_r_t_g_n.md:222,HuongDanChanDoanVaDieuTriMotSoBenhLyHuyetHoc_B_n_r_t_g_n.md,222,308,". 7. TIÊN LƯỢNG Đa hồng cầu nguyên phát có tiên lượng tương đối tốt. Người bệnh có thể có thời gian sống thêm kéo dài gần bằng người bình thường nếu được điều trị phù hợp. Nguyên nhân tử vong chủ yếu là do tắc mạch, tai biến mạch máu não do tăng huyết áp. Một số người bệnh có thể chuyển thành lơ xê mi cấp.",{}
HuongDanChanDoanVaDieuTriMotSoBenhLyHuyetHoc_B_n_r_t_g_n.md:223,HuongDanChanDoanVaDieuTriMotSoBenhLyHuyetHoc_B_n_r_t_g_n.md,223,836,"1. Nordic MPN study group (2013), “Nordic guidelines on the diagnosis and treatment of patients with Myeloproliferative Neoplasms”. 2. Francesco P (2012), “How I treat polycythemia vera”, Blood, 120, pp. 2275-284. 3. Tefferi A, Juergen Thiele J, and Vardiman JW, MD3. The 2008 World Health Organization Classification System for Myeloproliferative Neoplasms, Cancer 2009, September 1: 3842-3847. 4. Tefferi A & Vainchenker W. Myeloproliferative neoplasms: molecular pathophysiology, essential clinical understanding, and treatment strategies, Journal of clinical oncology 2011, 29(5): 573-581. 5. Tefferi A. Esential thrombocythemia, polycythemia vera, and myelofibrosis: current management and prospect of targeted therapy, Am J Hematol 2008, 83: 491-497. ngoctlv.kcb_Truong Le Van Ngoc_04/07/2022 08:49:53

26. TĂNG TIỂU CẦU TIÊN PHÁT",{}
HuongDanChanDoanVaDieuTriMotSoBenhLyHuyetHoc_B_n_r_t_g_n.md:224,HuongDanChanDoanVaDieuTriMotSoBenhLyHuyetHoc_B_n_r_t_g_n.md,224,706,"1. ĐẠI CƯƠNG Tăng tiểu cầu tiên phát là bệnh máu ác tính hiếm gặp (khoảng 0,1 - 1,5/100.000 người/năm) do tăng sinh không kiểm soát các mẫu tiểu cầu trong tủy xương; đây là bệnh thuộc nhóm các bệnh tăng sinh tủy mạn ác tính (myeloproliferative neoplasms - MPNs). 2. NGUYÊN NHÂN GÂY BỆNH Chưa được biết chính xác trong hầu hết trường hợp. Tuy nhiên, các đột biến của gen JAK2 ở tế bào gốc dẫn tới tăng sinh tế bào tạo máu gặp trên 50 - 55% người bệnh tăng tiểu cầu tiên phát. 3. TRIỆU CHỨNG 3.1. Lâm sàng - Triệu chứng lâm sàng bao gồm tắc mạch và đôi khi có xuất huyết. - Tắc mạch vừa và lớn (mạch mãu não, mạch vành, mạch ngoại biên, tĩnh mạch sâu); tắc mạch tái đi tái lại gặp trên 15-20% người bệnh",{}
HuongDanChanDoanVaDieuTriMotSoBenhLyHuyetHoc_B_n_r_t_g_n.md:225,HuongDanChanDoanVaDieuTriMotSoBenhLyHuyetHoc_B_n_r_t_g_n.md,225,883,". - Tắc mạch vừa và lớn (mạch mãu não, mạch vành, mạch ngoại biên, tĩnh mạch sâu); tắc mạch tái đi tái lại gặp trên 15-20% người bệnh. - Biểu hiện chảy máu ít gặp; tuy nhiên, khi số lượng tiểu cầu tăng trên 1.000 G/L thì tỷ lệ biến chứng chảy máu tăng lên; biểu hiện chảy máu hơi giống với bệnh von Willebrand: Chảy máu chân răng, xuất huyết tiêu hoá, chảy máu sau phẫu thuật. - Phối hợp với triệu chứng rối loạn vận mạch: Thiếu máu đầu ngón tay, chân; đau, tê bì đầu ngón; đau đầu, đau nửa đầu, thiếu máu não thoáng qua, xây xẩm, đột ngột giảm hoặc mất thị lực từng bên. 3.2. Xét nghiệm a. Máu ngoại vi - Số lượng tiểu cầu tăng trên 450 G/L. - Số lượng bạch cầu thường tăng. - Số lượng hồng cầu, nồng độ hemoglobin bình thường hoặc giảm. b. Tuỷ xương - Tuỷ giàu tế bào. - Tăng sinh dòng mẫu tiểu cầu. - Có thể gặp các mẫu tiểu cầu khổng lồ, nhân nhiều múi, không đồng bộ",{}
HuongDanChanDoanVaDieuTriMotSoBenhLyHuyetHoc_B_n_r_t_g_n.md:226,HuongDanChanDoanVaDieuTriMotSoBenhLyHuyetHoc_B_n_r_t_g_n.md,226,515,". b. Tuỷ xương - Tuỷ giàu tế bào. - Tăng sinh dòng mẫu tiểu cầu. - Có thể gặp các mẫu tiểu cầu khổng lồ, nhân nhiều múi, không đồng bộ. - Thường gặp kèm tăng sinh dòng bạch cầu hạt. - Có thể thấy hiện tượng xơ tuỷ, tăng sinh reticulin trên xét nghiệm mô bệnh học tủy. c. Xét nghiệm NST, gen - Có thể có một trong số các đột biến gen JAK2 (V617F, exon 12) hoặc CALR (exon 9) hoặc MPL. - Khảo sát gen kết hợp BCR-ABL1 (loại trừ CML, khi JAK2 V617F âm tính). ngoctlv.kcb_Truong Le Van Ngoc_04/07/2022 08:49:53",{}
HuongDanChanDoanVaDieuTriMotSoBenhLyHuyetHoc_B_n_r_t_g_n.md:227,HuongDanChanDoanVaDieuTriMotSoBenhLyHuyetHoc_B_n_r_t_g_n.md,227,628,"4. CHẨN ĐOÁN 4.1. Chẩn đoán xác định theo tiêu chuẩn WHO 2016 a. Tiêu chuẩn chính: - Số lượng tiểu cầu ≥ 450 G/l. - Sinh thiết tủy xương cho thấy tăng sinh chủ yếu dòng mẫu tiểu cầu với các đặc điểm hình thái như mẫu tiểu cầu kích thước lớn, nhân nhiều múi. Không có biểu hiện công thức dòng bạch cầu hạt hoặc dòng hồng cầu chuyển trái. Đôi khi kèm theo tăng xơ reticulin nhẹ (độ 1). - Không đáp ứng tiêu chuẩn chẩn đoán của WHO đối với LXM tủy mạn, đa hồng cầu nguyên phát, xơ tủy nguyên phát, hội chứng rối loạn sinh tủy và các bệnh lý ác tính dòng tủy khác. - Có đột biến JAK2 (V617F, exon 12), CARL hoặc MPL",{}
HuongDanChanDoanVaDieuTriMotSoBenhLyHuyetHoc_B_n_r_t_g_n.md:228,HuongDanChanDoanVaDieuTriMotSoBenhLyHuyetHoc_B_n_r_t_g_n.md,228,830,". - Có đột biến JAK2 (V617F, exon 12), CARL hoặc MPL. Trình tự chẩn đoán đột biến gen: (01) xét nghiệm đột biến gen JAK2 V617F, (02) xét nghiệm gen kết hợp BCR- ABL1 (khi JAK2 V617F âm tính), (03) xét nghiệm đột biến gen CALR type 1 và type 2 (khi xét nghiệm 01 và 02 âm tính), (04) xét nghiệm giải trình tự gen NGS xác định đột biến gen CALR và MPL (khi xét nghiệm 01, 02, 03 âm tính). b. Tiêu chuẩn phụ: - Có dấu ấn đơn dòng hoặc không có bằng chứng tăng tiểu cầu phản ứng. Chẩn đoán xác định tăng tiểu cầu tiên phát khi có cả 4 tiêu chuẩn chính hoặc 3 tiêu chuẩn chính đầu và tiêu chuẩn phụ. 4.2. Chẩn đoán phân biệt - Tăng tiểu cầu tiên phát cần được chẩn đoán phân biệt với tình trạng tăng tiểu cầu thứ phát (nhiễm khuẩn hoặc viêm, sau cắt lách, ung thư, chấn thương, mất máu, thiếu máu thiếu sắt, vô căn)",{}
HuongDanChanDoanVaDieuTriMotSoBenhLyHuyetHoc_B_n_r_t_g_n.md:229,HuongDanChanDoanVaDieuTriMotSoBenhLyHuyetHoc_B_n_r_t_g_n.md,229,739,". Dấu hiệu phân biệt chủ yếu là đột biến gen JAK2 V617F, tình trạng tăng tiểu cầu và xơ tủy kéo dài không tìm được nguyên nhân. Ngoài ra, nếu là tăng tiểu cầu thứ phát thì số lượng tiểu cầu sẽ trở về bình thường khi bệnh lý gây tăng tiểu cầu được điều trị khỏi. - Tăng tiểu cầu tiên phát cần được chẩn đoán phân biệt với các bệnh tăng sinh tủy mạn ác tính khác: + Đa hồng cầu nguyên phát ở giai đoạn kiệt quệ khi biểu hiện chủ yếu không còn là tăng số lượng hồng cầu và nồng độ hemoglobin (thậm chí các chỉ số này còn giảm) mà chủ yếu là tăng bạch cầu dòng hạt, tiểu cầu có thể tăng nhưng không cao lắm và kèm theo là tình trạng xơ tủy. Việc chẩn đoán phân biệt chủ yếu dựa vào biểu hiện lâm sàng và xét nghiệm lúc ban đầu của bệnh",{}
HuongDanChanDoanVaDieuTriMotSoBenhLyHuyetHoc_B_n_r_t_g_n.md:230,HuongDanChanDoanVaDieuTriMotSoBenhLyHuyetHoc_B_n_r_t_g_n.md,230,512,". Việc chẩn đoán phân biệt chủ yếu dựa vào biểu hiện lâm sàng và xét nghiệm lúc ban đầu của bệnh. Đối với tăng tiểu cầu tiên phát, biểu hiện ban đầu này chính là tình trạng tăng tiểu cầu điển hình kèm theo xơ tủy mức độ vừa phải trong một khoảng thời gian dài trong tiến trình của bệnh; + Lơ xê mi tủy mạn, nhất là ở giai đoạn tăng tốc, khi số lượng bạch cầu không còn tăng cao nhưng số lượng tiểu cầu cao đi kèm với tình trạng xơ tủy rõ. Dấu hiệu phân biệt ngoctlv.kcb_Truong Le Van Ngoc_04/07/2022 08:49:53",{}
HuongDanChanDoanVaDieuTriMotSoBenhLyHuyetHoc_B_n_r_t_g_n.md:231,HuongDanChanDoanVaDieuTriMotSoBenhLyHuyetHoc_B_n_r_t_g_n.md,231,799,"chủ yếu là NST Ph và/ hoặc gen BCR-ABL1 dương tính cùng với biểu hiện lâm sàng và xét nghiệm ban đầu của bệnh khi chẩn đoán xác định; + Xơ tủy nguyên phát giai đoạn sớm (tiền xơ): Chủ yếu dựa vào sự tăng sinh và đặc điểm rối loạn hình thái của mẫu tiểu cầu, mức độ xơ tủy xương và lách to, xuất hiện tuổi trung gian dòng bạch cầu hạt và hồng cầu non ở máu ngoại vi; + Hội chứng rối loạn sinh tủy có tăng tiểu cầu: thường có bất thường NST 5q-, 3q21q26, hội chứng rối loạn sinh tủy/tăng sinh tủy có sideroblast vòng và tăng tiểu cầu; + Tăng tiểu cầu có tính chất gia đình: bệnh rất hiếm gặp, di truyền trội trên NST thường; đột biến gen thrombopoietin. 4.3. Phân nhóm nguy cơ Thang điểm IPSET - thrombosis sửa đổi theo WHO (The revised international prognostic score of thrombosis for ET)",{}
HuongDanChanDoanVaDieuTriMotSoBenhLyHuyetHoc_B_n_r_t_g_n.md:232,HuongDanChanDoanVaDieuTriMotSoBenhLyHuyetHoc_B_n_r_t_g_n.md,232,802,"Nhóm nguy cơ Tiêu chuẩn Cao Có tiền sử huyết khối và/ hoặc tuổi > 60, có đột biến JAK2 V617F Trung bình Tuổi > 60 và không có tiền sử huyết khối, không có đột biến JAK2 V617F Thấp Tuổi ≤ 60 và không có tiền sử huyết khối, có đột biến JAK2 V617F Rất thấp Tuổi ≤ 60 và không có tiền sử huyết khối, không có đột biến JAK2 V617F 5. ĐIỀU TRỊ 5.1. Điều trị bệnh chính a. Thuốc điều trị - Hydroxyurea + Liều khởi đầu 15 mg/kg/ngày; + Chỉnh liều để duy trì số lượng tiểu cầu trong giới hạn bình thường và không làm giảm số lượng bạch cầu. - Hoặc dùng 1 trong các thuốc sau: + Interferon-: Liều trung bình 3.000.000 IU/ngày x 3 lần/tuần. + Pegylated interferons alpha-2a: Liều khởi đầu 45 mcg/tuần tiêm dưới da trong 2 tuần đầu, điều chỉnh liều theo đáp ứng của bệnh nhân, liều tối đa 180 mcg/tuần",{}
HuongDanChanDoanVaDieuTriMotSoBenhLyHuyetHoc_B_n_r_t_g_n.md:233,HuongDanChanDoanVaDieuTriMotSoBenhLyHuyetHoc_B_n_r_t_g_n.md,233,511,". + Pegylated interferons alpha-2a: Liều khởi đầu 45 mcg/tuần tiêm dưới da trong 2 tuần đầu, điều chỉnh liều theo đáp ứng của bệnh nhân, liều tối đa 180 mcg/tuần. + Anagrelide:  Là tác nhân imidazoquinazoline đường uống;  Hoạt tính kháng cAMP phosphodiesterase qua đó làm giảm số lượng tiểu cầu và ức chế ngưng tập tiểu cầu;  Liều khởi đầu: 0,5 mg/ngày x 2-4 lần/ngày, điều chỉnh liều theo số lượng tiểu cầu. Liều duy trì thường là 1-4 mg/ngày. + Aspirin: ngoctlv.kcb_Truong Le Van Ngoc_04/07/2022 08:49:53",{}
HuongDanChanDoanVaDieuTriMotSoBenhLyHuyetHoc_B_n_r_t_g_n.md:234,HuongDanChanDoanVaDieuTriMotSoBenhLyHuyetHoc_B_n_r_t_g_n.md,234,770," Dùng liều thấp 81-100 mg/ngày chừng nào còn có tăng số lượng tiểu cầu;  Cần cân nhắc khi sử dụng cho người bệnh có tiền sử chảy máu hoặc số lượng tiểu cầu rất cao (> 1.000 G/L) vì với số lượng tiểu cầu này người bệnh có tăng nguy cơ biểu hiện tình trạng bệnh von Willebrand mắc phải. - Hoặc các thuốc ức chế ngưng tập tiểu cầu khác: Dipyridamole, ticlopidine, clopidogrel. b. Phác đồ điều trị - Nhóm nguy cơ rất thấp và thấp: + Aspirin liều thấp (81-100 mg) hàng ngày; + Chỉ dùng thuốc làm giảm số lượng tiểu cầu cho nhóm này khi: Xuất hiện huyết khối mới, bệnh von Willebrand mắc phải, chảy máu nặng liên quan đến bệnh; lách to, bạch cầu và tiểu cầu tăng cao; triệu chứng toàn thân (mệt mỏi, ngứa, ra mồ hôi đêm); rối loạn vi tuần hoàn không đáp ứng với aspirin",{}
HuongDanChanDoanVaDieuTriMotSoBenhLyHuyetHoc_B_n_r_t_g_n.md:235,HuongDanChanDoanVaDieuTriMotSoBenhLyHuyetHoc_B_n_r_t_g_n.md,235,827,". - Nhóm trung bình và cao: + Thuốc giảm số lượng tiểu cầu: Lựa chọn hàng 1 là hydroxyurea, hàng 2 là anagrelide, interferons alpha; + Thuốc chống đông và hoặc chống ngưng tập tiểu cầu tùy thuộc tiền sử huyết khối của bệnh nhân:  Bệnh nhân có tiền sử huyết khối tĩnh mạch: Thuốc chống đông đường uống (DOAC, warfarin), heparin trọng lượng phân tử thấp; có thể kết hợp aspirin nếu cần;  Bệnh nhân có tiền sử huyết khối động mạch: Aspirin liều thấp;  Bệnh nhân > 60 tuổi và không có tiền sử huyết khối: Aspirin liều thấp. 5.2. Điều trị hỗ trợ - Theo dõi sự xuất hiện của huyết khối mới, bệnh von Willebrand mắc phải, hoặc chảy máu nặng liên quan đến bệnh. - Điều trị các yếu tố nguy cơ bệnh tim mạch kèm theo (tăng huyết áp, rối loạn lipid máu, hút thuốc, béo phì). - Gạn tiểu cầu khi số lượng tiểu cầu > 1.000 G/l. 5.3",{}
HuongDanChanDoanVaDieuTriMotSoBenhLyHuyetHoc_B_n_r_t_g_n.md:236,HuongDanChanDoanVaDieuTriMotSoBenhLyHuyetHoc_B_n_r_t_g_n.md,236,686,". - Điều trị các yếu tố nguy cơ bệnh tim mạch kèm theo (tăng huyết áp, rối loạn lipid máu, hút thuốc, béo phì). - Gạn tiểu cầu khi số lượng tiểu cầu > 1.000 G/l. 5.3. Các xét nghiệm đánh giá và theo dõi điều trị - Tổng phân tích tế bào máu ngoại vi, được làm ít nhất 2 ngày 1 lần, làm lại ngay sau gạn tách tiểu cầu điều trị. - Sinh hóa máu: Chức năng gan, thận, điện giải, acid uric, photpho, LDH... ít nhất 1 tuần/ lần. - Xét nghiệm đông máu: Fibrinogen, PT, APTT, TT, D-Dimer, Rotem… ít nhất 1 tuần/lần, xét nghiệm bệnh von-Willebrand mắc phải (nếu người bệnh có chảy máu hoặc số lượng tiểu cầu > 1000 G/l hoặc APTT kéo dài). ngoctlv.kcb_Truong Le Van Ngoc_04/07/2022 08:49:53",{}
HuongDanChanDoanVaDieuTriMotSoBenhLyHuyetHoc_B_n_r_t_g_n.md:237,HuongDanChanDoanVaDieuTriMotSoBenhLyHuyetHoc_B_n_r_t_g_n.md,237,862,"- Các xét nghiệm vi sinh: Virus viêm gan, HIV… làm sàng lọc trước khi điều trị, lặp lại theo quy định. Các xét nghiệm đánh giá nhiễm trùng: cấy vi khuẩn, vi nấm, CRP, PCT, CMV, EBV, kháng sinh đồ… nếu lâm sàng có dấu hiệu nhiễm trùng. - Huyết thanh học nhóm máu, làm lúc chẩn đoán hoặc khi cần truyền máu. - Xét nghiệm tế bào và sinh hóa nước tiểu, làm để sàng lọc trước điều trị và làm lại khi có dấu hiệu lâm sàng bất thường liên quan. - Chẩn đoán hình ảnh, thăm dò chức năng, làm để sàng lọc trước điều trị và làm lại khi có dấu hiệu lâm sàng bất thường liên quan. - Xét nghiệm Huyết tủy đồ, STTX, nhuộm sợi xơ làm lúc chẩn đoán và có thể làm lại khi nghi ngờ bệnh tiến triển hoặc chuyển thể; phát hiện gen đột biến JAK2 (V617F, exon 12), CALR, MPL, Công thức nhiễm sắc thể được làm lúc chẩn đoán. Định lượng đột biến gen JAK2 để theo dõi điều trị",{}
HuongDanChanDoanVaDieuTriMotSoBenhLyHuyetHoc_B_n_r_t_g_n.md:238,HuongDanChanDoanVaDieuTriMotSoBenhLyHuyetHoc_B_n_r_t_g_n.md,238,225,. Định lượng đột biến gen JAK2 để theo dõi điều trị. - Một số xét nghiệm khác được chỉ định tùy theo bệnh nền và bệnh mắc kèm của người bệnh. 6. ĐÁNH GIÁ ĐÁP ỨNG Tiêu chuẩn đáp ứng của hệ thống lơ xê mi châu Âu (ELN 2013),{}
HuongDanChanDoanVaDieuTriMotSoBenhLyHuyetHoc_B_n_r_t_g_n.md:239,HuongDanChanDoanVaDieuTriMotSoBenhLyHuyetHoc_B_n_r_t_g_n.md,239,778,"Mức độ đáp ứng Tiêu chuẩn Đáp ứng hoàn toàn 1. Không còn triệu chứng của bệnh bao gồm gan lách không to, thuyên giảm triệu chứng theo thang điểm MPN-SAF TSS (giảm 10 điểm) trong ít nhất 12 tuần 2. Tế bào máu ngoại vi trở về bình thường (BC < 10 G/l, TC < 400 G/l, không có tế bào tuổi trung gian ở máu ngoại vi) trong ít nhất 12 tuần 3. Không có huyết khối và xuất huyết mới, không có dấu hiệu bệnh tiến triển 4. Đáp ứng về mô học tủy xương: mẫu tiểu cầu không tăng Đáp ứng một phần 1. Thỏa mãn 3 tiêu chí đầu tiên của đáp ứng hoàn toàn và 2. Không đáp ứng về mô học tủy xương: còn tăng sinh mẫu tiểu cầu rối loạn hình thái Bệnh tiến triển Chuyển dạng đa hồng cầu, xơ tủy sau tăng tiểu cầu, lơ xê mi cấp, rối loạn sinh tủy ngoctlv.kcb_Truong Le Van Ngoc_04/07/2022 08:49:53",{}
HuongDanChanDoanVaDieuTriMotSoBenhLyHuyetHoc_B_n_r_t_g_n.md:240,HuongDanChanDoanVaDieuTriMotSoBenhLyHuyetHoc_B_n_r_t_g_n.md,240,263,"7. TIÊN LƯỢNG Người bệnh tăng tiểu cầu tiên phát, nhất là nhóm nguy cơ thấp, có tiên lượng tương đối tốt. Thời gian sống thêm gần với người bình thường cùng lứa tuổi. Nguyên nhân tử vong chủ yếu là do tắc mạch. Một số trường hợp có thể chuyển thành Lơ xê mi cấp.",{}
HuongDanChanDoanVaDieuTriMotSoBenhLyHuyetHoc_B_n_r_t_g_n.md:241,HuongDanChanDoanVaDieuTriMotSoBenhLyHuyetHoc_B_n_r_t_g_n.md,241,890,"1. Tefferi A, Juergen Thiele J, and Vardiman JW, MD3, 2008 World Health Organization Classification System for Myeloproliferative Neoplasms, Cancer 2009, September 1: 3842-3847. 2. Tefferi A & Vainchenker W. Myeloproliferative neoplasms: molecular pathophysiology, essential clinical understanding, and treatment strategies, Journal of clinical oncology 2011, 29(5): 573-581. 3. Tefferi A. Esential thrombocythemia, polycythemia vera, and myelofibrosis: current management and prospect of targeted therapy, Am J Hematol 2008, 83: 491-497. 4. Barosi G et al, 2013, “Revised response criteria for polycythemia and essential thrombocythemia: an ELN and IWG-MRT consensus project”. Blood 121 (23): 4778- 4781. 5. Barbui T el al, 2018, “Philadelphia chromosome negative classical myeloproliferative neoplasms: revised management recommendations from European LeukemiaNet”. Leukemia 32: 1057-1069",{}
HuongDanChanDoanVaDieuTriMotSoBenhLyHuyetHoc_B_n_r_t_g_n.md:242,HuongDanChanDoanVaDieuTriMotSoBenhLyHuyetHoc_B_n_r_t_g_n.md,242,76,. Leukemia 32: 1057-1069. ngoctlv.kcb_Truong Le Van Ngoc_04/07/2022 08:49:53,{}
HuongDanChanDoanVaDieuTriMotSoBenhLyHuyetHoc_B_n_r_t_g_n.md:243,HuongDanChanDoanVaDieuTriMotSoBenhLyHuyetHoc_B_n_r_t_g_n.md,243,22,27. XƠ TỦY NGUYÊN PHÁT,{}
HuongDanChanDoanVaDieuTriMotSoBenhLyHuyetHoc_B_n_r_t_g_n.md:244,HuongDanChanDoanVaDieuTriMotSoBenhLyHuyetHoc_B_n_r_t_g_n.md,244,821,"1. ĐẠI CƯƠNG Xơ tủy nguyên phát là bệnh máu, đặc trưng là tăng sinh xơ trong tủy xương và sinh máu ngoài tủy, thuộc nhóm các bệnh tăng sinh tủy mạn ác tính. 2. NGUYÊN NHÂN GÂY BỆNH Nguyên nhân chính xác gây bệnh chưa được biết rõ. Người ta cho rằng xơ tủy nguyên phát cùng với các bệnh khác thuộc nhóm bệnh tăng sinh tủy mạn ác tính từ đột biến soma của các tế bào gốc sinh máu đa tiềm năng. Đột biến gen JAK2 gây giảm tự ức chế sinh sản tế bào của JAK2 - một protein tyrosin kinase thuộc họ Janus kinase (JAK), dẫn tới tăng sinh tế bào tạo máu. Sự khu trú của tế bào gốc bị đột biến tại các ổ sinh máu trong tủy xương là điều kiện cần để hình thành bệnh xơ tủy. Một số trường hợp xơ tủy nguyên phát có liên quan đến yếu tố nguy cơ: tiếp xúc hóa chất benzen, toluen, thorium dioxide và tia xạ. 3. TRIỆU CHỨNG 3.1",{}
HuongDanChanDoanVaDieuTriMotSoBenhLyHuyetHoc_B_n_r_t_g_n.md:245,HuongDanChanDoanVaDieuTriMotSoBenhLyHuyetHoc_B_n_r_t_g_n.md,245,839,". Một số trường hợp xơ tủy nguyên phát có liên quan đến yếu tố nguy cơ: tiếp xúc hóa chất benzen, toluen, thorium dioxide và tia xạ. 3. TRIỆU CHỨNG 3.1. Lâm sàng - Triệu chứng thường gặp là lách to, thiếu máu; Xuất huyết do giảm tiểu cầu có thể thấy ở những người bệnh có giảm số lượng tiểu cầu dưới 50G/l; Có thể có biểu hiện nhiễm trùng, nhất là nếu người bệnh có giảm số lượng bạch cầu hạt. 3.2. Xét nghiệm a. Máu ngoại vi - Giảm số lượng hồng cầu; Có biểu hiện bất thường về hình thái hồng cầu, thường gặp nhất là hồng cầu hình giọt lệ, mảnh hồng cầu, gặp hồng cầu có nhân; Tăng bạch cầu chủ yếu là dòng bạch cầu hạt, công thức bạch cầu chuyển trái (gặp một số tuổi trung gian dòng bạch cầu hạt); Có thể gặp tiểu cầu khổng lồ. LDH huyết thanh tăng. b. Tuỷ xương - Tủy đồ: Khó hút dịch tuỷ; tủy nghèo tế bào; tăng mẫu tiểu cầu",{}
HuongDanChanDoanVaDieuTriMotSoBenhLyHuyetHoc_B_n_r_t_g_n.md:246,HuongDanChanDoanVaDieuTriMotSoBenhLyHuyetHoc_B_n_r_t_g_n.md,246,613,". LDH huyết thanh tăng. b. Tuỷ xương - Tủy đồ: Khó hút dịch tuỷ; tủy nghèo tế bào; tăng mẫu tiểu cầu. - Mô bệnh học tuỷ xương: Tăng sinh xơ (reticulin); các đảo tế bào chứa nguyên bào sợi (fibroblast) và nguyên mẫu tiểu cầu bất thường. - Lách đồ: Sinh máu ngoài tuỷ (gặp mẫu tiểu cầu trên tiêu bản lách đồ). c. NST và gen: Có thể đột biến gen JAK2 V617F hoặc CALR exon 9 hoặc MPL (khi JAK2 V617F âm tính); có thể gặp bất thường NST: +8, -7/7q-, i(17q), -5/5q-, 12p-, bất thường 11q23. Không có gen kết hợp BCR-ABL; không có tái sắp xếp gen PDGFRA và PDGFRB. ngoctlv.kcb_Truong Le Van Ngoc_04/07/2022 08:49:53",{}
HuongDanChanDoanVaDieuTriMotSoBenhLyHuyetHoc_B_n_r_t_g_n.md:247,HuongDanChanDoanVaDieuTriMotSoBenhLyHuyetHoc_B_n_r_t_g_n.md,247,129,4. CHẨN ĐOÁN 4.1. Tiêu chuẩn chẩn đoán của WHO 2016 (bảng 22) Bảng 22. Tiêu chuẩn chẩn đoán xơ tủy nguyên phát theo WHO - 2016,{}
HuongDanChanDoanVaDieuTriMotSoBenhLyHuyetHoc_B_n_r_t_g_n.md:248,HuongDanChanDoanVaDieuTriMotSoBenhLyHuyetHoc_B_n_r_t_g_n.md,248,846,"Giai đoạn tiền xơ (prefibrotic/ early) 1. Tăng sinh mẫu tiểu cầu và mẫu tiểu cầu không điển hìnhb, không có xơ hóa reticulin > mức 1c, kèm theo tăng mật độ tế bào tủy xương (điều chỉnh) theo tuổi, tăng sinh bạch cầu hạt và thường giảm sinh hồng cầu. 2. Không thỏa mãn các tiêu chuẩn chẩn đoán của WHO về CML, PV, ET, MDS hay các bệnh ác tính dòng tủy khác 3. Có đột biến JAK2, CALR, hoặc MPL; trong trường hợp không có các đột biến này, phải có một dấu ấn dòng khácd hoặc không có bằng chứng xơ hóa tủy xương phản ứnge Tiêu chuẩn phụ: Ít nhất 1 trong các tiêu chuẩn sau, được xác định trong 2 lần xét nghiệm liên tiếp: - Thiếu máu không do bệnh kèm theo - Tăng bạch cầu ≥11 G/L - Lách to sờ thấy được - LDH tăng cao hơn giới hạn trên theo khoảng tham chiếu đang được áp dụng tại cơ sở Giai đoạn xơ toàn phát (overt) Tiêu chuẩn chính: 1",{}
HuongDanChanDoanVaDieuTriMotSoBenhLyHuyetHoc_B_n_r_t_g_n.md:249,HuongDanChanDoanVaDieuTriMotSoBenhLyHuyetHoc_B_n_r_t_g_n.md,249,767,". Tăng sinh mẫu tiểu cầu và mẫu tiểu cầu không điển hìnhb kèm theo xơ hóa collagen và/hoặc reticulin (mức 2 hoặc 3) 2. Không thỏa mãn các tiêu chuẩn chẩn đoán của WHO về CML, PV, ET, MDS hay các bệnh ác tính dòng tủy khác 3. Có đột biến JAK2, CALR, hoặc MPL hoặc trong trường hợp không có các đột biến này, sự có mặt của một dấu ấn dòng khácd hoặc không có bằng chứng của xơ hóa tủy xương phản ứngf Tiêu chuẩn phụ: Ít nhất 1 trong các tiêu chuẩn sau, được xác định trong 2 lần xét nghiệm liên tiếp: - Thiếu máu không do bệnh kèm theo - Tăng bạch cầu ≥11 G/L - Lách to sờ thấy được - LDH tăng cao hơn giới hạn trên theo khoảng tham chiếu đang được áp dụng tại cơ sở - Tăng bạch cầu và/ hoặc hồng cầu non ngoctlv.kcb_Truong Le Van Ngoc_04/07/2022 08:49:53",{}
HuongDanChanDoanVaDieuTriMotSoBenhLyHuyetHoc_B_n_r_t_g_n.md:250,HuongDanChanDoanVaDieuTriMotSoBenhLyHuyetHoc_B_n_r_t_g_n.md,250,764,"Ghi chú: aChẩn đoán tiền xơ tủy/xơ tủy giai đoạn sớm đòi hỏi thỏa mãn 3 tiêu chuẩn chính và ít nhất 1 tiêu chuẩn phụ. Chẩn đoán xơ tủy giai đoạn toàn phát đòi hỏi thỏa mãn 3 tiêu chuẩn chính và ít nhất 1 tiêu chuẩn phụ. bMẫu tiểu cầu nhỏ đến lớn với tỷ lệ nhân/NSC bất thường và tăng chất nhiễm sắc và nhân cuộn bất thường và co cụm thành đám dày đặc. cTrong trường hợp xơ reticulin mức độ 1, mẫu tiểu cầu thay đổi nhưng phải kèm theo tăng mật độ tế bào tủy xương, tăng sinh dòng bạch cầu hạt, và thường giảm sinh hồng cầu (tiền xơ tủy). dTrong trường hợp thiếu bất kỳ một trong 3 đột biến chính (JAK2, CALR, MPL), việc tìm kiếm một trong các đột biến đi kèm (ASXL1, EZH2, TET2, IDH1/IDH2, SRSF2, SF3B1) là có ích trong việc xác định bản chất dòng tế bào của bệnh",{}
HuongDanChanDoanVaDieuTriMotSoBenhLyHuyetHoc_B_n_r_t_g_n.md:251,HuongDanChanDoanVaDieuTriMotSoBenhLyHuyetHoc_B_n_r_t_g_n.md,251,815,". eXơ hóa reticulin tối thiểu (mức độ 1) thứ phát sau nhiễm khuẩn, bệnh lý tự miễn hay các tình trạng viêm mạn tính khác, LXM tế bào tóc hoặc các tăng sinh lympho khác, ung thư di căn, hoặc bệnh tủy xương (mạn tính) nhiễm độc. fXơ hóa tủy xương thứ phát do nhiễm khuẩn, bệnh lý tự miễn hay các tình trạng viêm mạn tính khác, LXM tế bào tóc hoặc các tăng sinh lympho khác, ung thư di căn, hoặc bệnh tủy xương (mạn tính) nhiễm độc. 4.2. Chẩn đoán phân biệt - Đa hồng cầu nguyên phát ở giai đoạn kiệt quệ khi biểu hiện chủ yếu không còn là tăng số lượng hồng cầu và nồng độ hemoglobin (thậm chí các chỉ số này còn giảm) mà chủ yếu là tăng tiểu cầu và xơ tủy. - Tăng tiểu cầu tiên phát, nhất là sau một thời gian điều trị, khi số lượng tiểu cầu không còn tăng cao nhưng biểu hiện xơ tủy thì lại thể hiện rất rõ",{}
HuongDanChanDoanVaDieuTriMotSoBenhLyHuyetHoc_B_n_r_t_g_n.md:252,HuongDanChanDoanVaDieuTriMotSoBenhLyHuyetHoc_B_n_r_t_g_n.md,252,481,". - Tăng tiểu cầu tiên phát, nhất là sau một thời gian điều trị, khi số lượng tiểu cầu không còn tăng cao nhưng biểu hiện xơ tủy thì lại thể hiện rất rõ. Việc chẩn đoán phân biệt chủ yếu dựa vào biểu hiện lâm sàng và xét nghiệm lúc ban đầu của bệnh. Đối với xơ tủy nguyên phát, biểu hiện ban đầu này chính là tình trạng xơ tủy điển hình và biểu hiện sinh máu ngoài tủy trong một khoảng thời gian dài trong tiến trình của bệnh. ngoctlv.kcb_Truong Le Van Ngoc_04/07/2022 08:49:53",{}
HuongDanChanDoanVaDieuTriMotSoBenhLyHuyetHoc_B_n_r_t_g_n.md:253,HuongDanChanDoanVaDieuTriMotSoBenhLyHuyetHoc_B_n_r_t_g_n.md,253,581,"4.3. Phân nhóm nguy cơ a. Hệ thống IPSS và DIPSS

Dấu hiệu IPSS (International Prognostic Scoring System): sử dụng tại thời điểm chẩn đoán bệnh DIPSS (dynamic IPSS): sử dụng tại bất kỳ giai đoạn nào của bệnh Tuổi > 65 tuổi 1 điểm 1 điểm Có các triệu chứng toàn thân (sụt cân, sốt, ra mồ hôi đêm) 1 điểm 1 điểm Thiếu máu rõ rệt (Hb < 100 g/L) 1 điểm 2 điểm Số lượng bạch cầu > 25G/l 1 điểm 1 điểm Blast máu ngoại vi ≥ 1% 1 điểm 1 điểm Trị số hemoglobin < 100 g/L phải được xác định trên người bệnh tại thời điểm chẩn đoán và chưa phụ thuộc truyền máu. b. Hệ thống DIPSS-plus",{}
HuongDanChanDoanVaDieuTriMotSoBenhLyHuyetHoc_B_n_r_t_g_n.md:254,HuongDanChanDoanVaDieuTriMotSoBenhLyHuyetHoc_B_n_r_t_g_n.md,254,763,"Dấu hiệu Điểm DIPSS-plus tính dựa trên DIPSS Các yếu tố nguy cơ độc lập xuất hiện thêm, được tính điểm bổ sung cho DIPSS-plus DIPSS nguy cơ thấp DIPSS nguy cơ trung bình-1 DIPSS nguy cơ trung bình-2 DIPSS nguy cơ cao Số lượng tiểu cầu < 100 G/L Phụ thuộc truyền máu Có bất thường NST tiên lượng xấu: +8, -7/7q-, i(17q), -5/5q-, 12p-, bất thường 11q23 ngoctlv.kcb_Truong Le Van Ngoc_04/07/2022 08:49:53

c. Cách tính điểm và phân nhóm nguy cơ theo các hệ thống tiên lượng trên

Nhóm nguy cơ IPSS DIPSS DIPSS-plus Điểm Thời gian sống thêm trung bình (năm) Điểm Thời gian sống thêm trung bình (năm) Điểm Thời gian sống thêm trung bình (năm) Thấp 11,3 Chưa kết thúc theo dõi 15,4 Trung bình-1 7,9 1-2 14,2 6,5 Trung bình-2 3-4 2-3 2,9 Cao ≥ 3 2,3 5-6 1,5 ≥ 4 1,3",{}
HuongDanChanDoanVaDieuTriMotSoBenhLyHuyetHoc_B_n_r_t_g_n.md:255,HuongDanChanDoanVaDieuTriMotSoBenhLyHuyetHoc_B_n_r_t_g_n.md,255,821,"5. ĐIỀU TRỊ 5.1. Nguyên tắc điều trị - Bệnh nhân không có triệu chứng lâm sàng: Chưa cần điều trị ngay, theo dõi lâm sàng và xét nghiệm hàng tháng. - Bệnh nhân có triệu chứng sau đây cần bắt đầu điều trị: + Sốt > 38oC; + Ra mồ hôi đêm; + Gầy sút cân trong vòng 6 tháng; + Ngứa; + Đau xương; + Mệt mỏi nhiều; + Ăn kém, đầy bụng do lách to; + Lách to nhiều (> 10 cm dưới bờ sườn); + Hb < 100 g/l; + BC > 25 G/l; + TC > 1.000 G/l. - Các thuốc sử dụng trong điều trị: + Hydroxyurea: Liều khởi đầu 500-1000 mg cách ngày, điều chỉnh theo đáp ứng tế bào máu của bệnh nhân; + Ruxolitinib: Liều khởi đầu phụ thuộc số lượng TC của bệnh nhân. - 20mg x 2 lần/ngày nếu tiểu cầu > 200 G/l; - 15mg x 2 lần/ngày nếu tiểu cầu 100-200 G/l; - 5mg x 2 lần/ngày nếu tiểu cầu 50-100 G/l. ngoctlv.kcb_Truong Le Van Ngoc_04/07/2022 08:49:53",{}
HuongDanChanDoanVaDieuTriMotSoBenhLyHuyetHoc_B_n_r_t_g_n.md:256,HuongDanChanDoanVaDieuTriMotSoBenhLyHuyetHoc_B_n_r_t_g_n.md,256,739,"5.2. Điều trị theo nhóm nguy cơ a. Nhóm nguy cơ thấp và nguy cơ trung bình-1 - Không có triệu chứng lâm sàng: Theo dõi định kỳ hàng tháng. - Có triệu chứng lâm sàng và/hoặc lách to > 10 cm dưới bờ sườn, BC > 25 G/l, TC > 1000 G/l: + Hydroxyurea là lựa chọn hàng 1; + Ruxolitinib nếu bệnh nhân có lách to nhiều và không đáp ứng hoặc dung nạp với hydroxyurea. b. Nhóm nguy cơ trung bình-2 và nguy cơ cao - Ghép tế bào gốc tạo máu đồng loài: Nếu bệnh nhân đủ điều kiện, có người hiến tế bào gốc phù hợp HLA (tham khảo bài Ghép tế bào gốc tạo máu đồng loài). - Bệnh nhân không đủ điều kiện ghép tế bào gốc: + Ruxolitinib là lựa chọn hàng 1; + Tham gia thử nghiệm lâm sàng nếu không có khả năng điều trị hoặc thất bại với ruxolitinib. 5.2",{}
HuongDanChanDoanVaDieuTriMotSoBenhLyHuyetHoc_B_n_r_t_g_n.md:257,HuongDanChanDoanVaDieuTriMotSoBenhLyHuyetHoc_B_n_r_t_g_n.md,257,873,". 5.2. Điều trị hỗ trợ - Thiếu máu: + Truyền khối hồng cầu khi Hb < 80 g/L; + Dùng thuốc kích thích sinh hồng cầu (erythropoietin) nếu EPO huyết thanh < 500 mU/ml, tuy nhiên hiệu quả kém ở các bệnh nhân phụ thuộc truyền máu; + Dùng danazol nếu EPO huyết thanh ≥ 500 mU/ml; + Dùng methylprednisone kết hợp thalidomide hoặc lenalidomide nếu không đáp ứng với danazol. - Sinh máu ngoài tủy: Tia xạ. - Cắt lách: Cân nhắc khi bệnh nhân có lách quá to không đáp ứng điều trị hoặc bệnh nhân thường xuyên phải truyền > 3 đơn vị máu trong vòng 2 tuần, nhồi máu lách tái diễn, giảm TC dai dẳng, tăng áp lực tĩnh mạch cửa, suy tim cung lượng cao. 5.3. Các xét nghiệm đánh giá và theo dõi điều trị - Tổng phân tích tế bào máu ngoại vi, được làm ít nhất 2 ngày 1 lần. - Sinh hóa máu: Chức năng gan, thận, điện giải, acid uric, photpho, Fe, Ferritin, LDH... ít nhất 1 tuần/lần",{}
HuongDanChanDoanVaDieuTriMotSoBenhLyHuyetHoc_B_n_r_t_g_n.md:258,HuongDanChanDoanVaDieuTriMotSoBenhLyHuyetHoc_B_n_r_t_g_n.md,258,552,". - Sinh hóa máu: Chức năng gan, thận, điện giải, acid uric, photpho, Fe, Ferritin, LDH... ít nhất 1 tuần/lần. - Xét nghiệm đông máu: Fibrinogen, PT, APTT, TT, D-Dimer, Rotem… ít nhất 1 tuần/lần. - Xét nghiệm vi sinh: Virus viêm gan, HIV… làm sàng lọc trước khi điều trị, lặp lại theo quy định; Các xét nghiệm đánh giá nhiễm trùng: Cấy vi khuẩn, vi nấm, CRP, PCT, CMV, EBV, kháng sinh đồ… nếu lâm sàng có dấu hiệu nhiễm trùng. - Huyết thanh học nhóm máu, làm lúc chẩn đoán hoặc khi cần truyền máu. ngoctlv.kcb_Truong Le Van Ngoc_04/07/2022 08:49:53",{}
HuongDanChanDoanVaDieuTriMotSoBenhLyHuyetHoc_B_n_r_t_g_n.md:259,HuongDanChanDoanVaDieuTriMotSoBenhLyHuyetHoc_B_n_r_t_g_n.md,259,673,"- Xét nghiệm tế bào và sinh hóa nước tiểu, làm để sàng lọc trước điều trị và làm lại khi có dấu hiệu lâm sàng bất thường liên quan. - Chẩn đoán hình ảnh, thăm dò chức năng, làm để sàng lọc trước điều trị và làm lại khi có dấu hiệu lâm sàng bất thường liên quan. - Xét nghiệm Huyết tủy đồ, STTX, nhuộm sợi xơ làm lúc chẩn đoán và có thể làm lại khi nghi ngờ bệnh tiến triển hoặc chuyển thể; phát hiện gen đột biến JAK2 V617F hoặc CALR exon 9, MPL, Công thức nhiễm sắc thể được làm lúc chẩn đoán. Định lượng đột biến gen JAK2 để theo dõi điều trị. - Một số xét nghiệm khác được chỉ định tùy theo bệnh nền và bệnh mắc kèm của người bệnh. 6. ĐÁP ỨNG ĐIỀU TRỊ Bảng 23",{}
HuongDanChanDoanVaDieuTriMotSoBenhLyHuyetHoc_B_n_r_t_g_n.md:260,HuongDanChanDoanVaDieuTriMotSoBenhLyHuyetHoc_B_n_r_t_g_n.md,260,861,". Định lượng đột biến gen JAK2 để theo dõi điều trị. - Một số xét nghiệm khác được chỉ định tùy theo bệnh nền và bệnh mắc kèm của người bệnh. 6. ĐÁP ỨNG ĐIỀU TRỊ Bảng 23. Tiêu chuẩn đáp ứng điều trị theo IWG (Nhóm làm việc quốc tế - International Working Group) STT Mức độ đáp ứng Dấu hiệu lâm sàng và cận lâm sàng Đáp ứng hoàn toàn (CR: Complete remission) i Hết triệu chứng của bệnh bao gồm cả biểu hiện gan lách to. ii Lui bệnh về huyết học gồm Hb ≥ 110 G/L; số lượng tiểu cầu ≥ 100 G/L; neutrophil ≥ 1,0 G/L; số lượng 3 dòng tế bào máu không tăng cao hơn giới hạn trên của giá trị bình thường. iii Công thức bạch cầu bình thường, bao gồm không xuất hiện hồn cầu có nhân, tế bào blast và tế bào dòng tủy không trưởng thành trên tiêu bản máu ngoại vi (trường hợp không cắt lách). iv Lui bệnh về mặt tế bào trong tủy xương, blast < 5% và xơ hóa tủy ≤ 1",{}
HuongDanChanDoanVaDieuTriMotSoBenhLyHuyetHoc_B_n_r_t_g_n.md:261,HuongDanChanDoanVaDieuTriMotSoBenhLyHuyetHoc_B_n_r_t_g_n.md,261,739,". iv Lui bệnh về mặt tế bào trong tủy xương, blast < 5% và xơ hóa tủy ≤ 1. Đáp ứng một phần (PR: Partial remission) Gồm tất cả các tiêu chuẩn của CR, ngoại trừ tiêu chuẩn lui bệnh về mặt tế bào trong tủy xương. Tuy nhiên, cần lặp lại sinh thiết tủy xương để đánh giá. Cải thiện về lâm sàng (CI: Clinical improvement) Cần có 1 trong những tiêu chuẩn sau khi không đánh giá được CR, PR và bệnh không tiến triển. i Hb tăng thêm ≥ 20 G/L hoặc người bệnh không còn phụ thuộc truyền máu (chỉ dùng cho người bệnh có Hb < 100 G/L). ii Giảm ≥ 50% kích thước lách to trong trường hợp lách to ≥ 10 cm dưới bờ sườn hoặc không còn sờ thấy lách to nếu trước đó lách to ≥ 5 cm dưới bờ sườn. ngoctlv.kcb_Truong Le Van Ngoc_04/07/2022 08:49:53",{}
HuongDanChanDoanVaDieuTriMotSoBenhLyHuyetHoc_B_n_r_t_g_n.md:262,HuongDanChanDoanVaDieuTriMotSoBenhLyHuyetHoc_B_n_r_t_g_n.md,262,882,"STT Mức độ đáp ứng Dấu hiệu lâm sàng và cận lâm sàng iii Tăng gấp đôi số lượng tiểu cầu và số lượng tiểu cầu ≥ 50 G/L (chỉ dùng cho người bệnh có số lượng tiểu cầu < 50 G/L). iv Tăng gấp đôi số lượng bạch cầu đoạn trung tính và số lượng bạch cầu đoạn trung tính ≥ 0,5 G/L (chỉ dùng cho trường hợp bạch cầu đoạn trung tính < 1,0 G/L). Bệnh tiến triển (PD: Progressive disease) Khi có 1 trong các tiêu chuẩn sau: i Lách to tiến triển (mới xuất hiện lách to ≥ 5 cm nếu trước đó không sờ thấy; kích thước lách dưới bờ sườn tăng gấp đôi trong trường hợp lách to 5-10 cm hoặc tăng gấp 1,5 lần trong trường hợp lách to > 10 cm. ii Chuyển lơ xê mi cấp với tỷ lệ blast ≥ 20% trong tủy xương. iii Tăng tỷ lệ blast ≥ 20% trong máu ngoại vi, thời gian dài ≥ 8 tuần. Bệnh ổn định (SD: Stable disease) Không có các tiêu chuẩn của CR, PR, CI hoặc PD. Tái phát (Relapse) Mất CR, PR hoặc CI",{}
HuongDanChanDoanVaDieuTriMotSoBenhLyHuyetHoc_B_n_r_t_g_n.md:263,HuongDanChanDoanVaDieuTriMotSoBenhLyHuyetHoc_B_n_r_t_g_n.md,263,216,". Bệnh ổn định (SD: Stable disease) Không có các tiêu chuẩn của CR, PR, CI hoặc PD. Tái phát (Relapse) Mất CR, PR hoặc CI. Bệnh nhân đạt CR và PR được xem là tái phát khi bệnh nhân không đạt cả tiêu chuẩn của CI.",{}
HuongDanChanDoanVaDieuTriMotSoBenhLyHuyetHoc_B_n_r_t_g_n.md:264,HuongDanChanDoanVaDieuTriMotSoBenhLyHuyetHoc_B_n_r_t_g_n.md,264,479,"7. TIÊN LƯỢNG Xơ tủy nguyên phát là bệnh có tiên lượng kém nhất trong các bệnh thuộc hội chứng tăng sinh tủy mạn ác tính. Thời gian sống thêm trung bình của người bệnh xơ tủy nguyên phát là 3,5-5,5 năm. Biến chứng nghiêm trọng nhất là khả năng chuyển thành Lơ xê mi cấp. Một số yếu tố nguy cơ khác dẫn tới thời gian sống thêm bị rút ngắn bao gồm: Tuổi cao, tình trạng thiếu máu nhiều, giảm bạch cầu hạt, giảm tiểu cầu nặng,… ngoctlv.kcb_Truong Le Van Ngoc_04/07/2022 08:49:53",{}
HuongDanChanDoanVaDieuTriMotSoBenhLyHuyetHoc_B_n_r_t_g_n.md:265,HuongDanChanDoanVaDieuTriMotSoBenhLyHuyetHoc_B_n_r_t_g_n.md,265,781,"1. Harrison C, Kiladjian J-J, Al-Ali H et al. JAK inhibition with ruxolitinib versus best available therapy for myelofibrosis, The New England Journal of Medicine 2012, 366(9): 787-797. 2. McLornan DP, Mead AJ, Jackson G et al. State of the art review - allogeneic stem cell transplantation for myelofibrosis in 2012, British Journal of Haematology 2012: 1-11. 3. Tefferi A, Juergen Thiele J, and Vardiman JW, MD3. The 2008 World Health Organization Classification System for Myeloproliferative Neoplasms, Cancer 2009, September 1: 3842-3847. 4. Tefferi A & Vainchenker W. Myeloproliferative neoplasms: molecular pathophysiology, essential clinical understanding, and treatment strategies, Journal of clinical oncology 2011, 29(5): 573-581. 5. Verstovsek S, Mesa RA, Gotlib J et al",{}
HuongDanChanDoanVaDieuTriMotSoBenhLyHuyetHoc_B_n_r_t_g_n.md:266,HuongDanChanDoanVaDieuTriMotSoBenhLyHuyetHoc_B_n_r_t_g_n.md,266,443,". 5. Verstovsek S, Mesa RA, Gotlib J et al. A double-blind, placebo-controlled trial of ruxolitinib for myelofibrosis, The New England Journal of Medicine 2012, 366(9): 799- 807. 6. Tiziano Barbui, Ayalew Tefferi et al, (2018), “Philadelphia chromosome-negative classical myeloproliferative neoplasms: revised management recommendations from European LeukemiaNet”, Leukemia: 32(5): 1057-1069. ngoctlv.kcb_Truong Le Van Ngoc_04/07/2022 08:49:53",{}
HuongDanChanDoanVaDieuTriMotSoBenhLyHuyetHoc_B_n_r_t_g_n.md:267,HuongDanChanDoanVaDieuTriMotSoBenhLyHuyetHoc_B_n_r_t_g_n.md,267,31,28. HỘI CHỨNG RỐI LOẠN SINH TỦY,{}
HuongDanChanDoanVaDieuTriMotSoBenhLyHuyetHoc_B_n_r_t_g_n.md:268,HuongDanChanDoanVaDieuTriMotSoBenhLyHuyetHoc_B_n_r_t_g_n.md,268,857,"1. ĐẠI CƯƠNG - Hội chứng rối loạn sinh tủy (Myelodysplastic Syndrome - MDS) là một nhóm các bệnh ác tính tế bào sinh máu có đặc điểm: Tủy sinh máu không hiệu lực; bất thường hình thái và chức năng tế bào máu; bệnh tiến triển âm ỉ, dai dẳng và thường kết thúc bằng lơ xê mi cấp nên còn gọi là tiền lơ xê mi (pre-leukemia). - Nguyên nhân chưa rõ, được cho là tương tự các nguyên nhân gây ra bệnh lơ xê mi cấp. - Chẩn đoán và tiên lượng dựa vào các tiêu chuẩn của FAB 1982, WHO 2001 và WHO 2008, WHO 2016, tùy vào điều kiện chẩn đoán của cơ sở y tế hiện có. 2. CHẨN ĐOÁN Căn cứ vào lâm sàng và xét nghiệm. 2.1. Lâm sàng - Thường gặp trên 50 tuổi, nam nhiều hơn nữ. - Thiếu máu (> 90% người bệnh) thường là biểu hiện đầu tiên, dai dẳng và đáp ứng kém với điều trị. - Nhiễm trùng (gặp ở khoảng 15% người bệnh). - Có thể gặp xuất huyết do giảm tiểu cầu",{}
HuongDanChanDoanVaDieuTriMotSoBenhLyHuyetHoc_B_n_r_t_g_n.md:269,HuongDanChanDoanVaDieuTriMotSoBenhLyHuyetHoc_B_n_r_t_g_n.md,269,814,". - Nhiễm trùng (gặp ở khoảng 15% người bệnh). - Có thể gặp xuất huyết do giảm tiểu cầu. - Gan lách có thể to (gặp 10 - 15% người bệnh). 2.2. Xét nghiệm a. Máu ngoại vi - Giảm hồng cầu (90%) và/ hoặc tiểu cầu (25%), đôi khi có giảm cả 3 dòng. MCV thường cao, thường thiếu máu bình sắc, có thể gặp hồng cầu non ra máu (10%). - Hình thái bạch cầu hạt có thể bất thường: Giảm, mất hạt đặc hiệu, giảm đoạn, dị thường kiểu Pelger Huët, hoặc nhân dạng vòng (Ring- Slaped nucle), nhân hình gậy, hình ảnh nhân bị đứt đoạn; hoặc tăng hạt đặc hiệu, tăng đoạn (ít gặp hơn). Có thể có tế bào non ác tính (blast). - Có 25% người bệnh lúc chẩn đoán giảm tiểu cầu từ nhẹ đến trung bình, nhưng cũng có gặp tăng tiểu cầu; hay gặp tiểu cầu kích thước to (tiểu cầu khổng lồ); có thể giảm độ tập trung của tiểu cầu. b",{}
HuongDanChanDoanVaDieuTriMotSoBenhLyHuyetHoc_B_n_r_t_g_n.md:270,HuongDanChanDoanVaDieuTriMotSoBenhLyHuyetHoc_B_n_r_t_g_n.md,270,644,". b. Tủy đồ: Rất có giá trị trong chẩn đoán, thể hiện tủy sinh máu không hiệu lực: - Số lượng tế bào tủy: Đa số bình thường, nhưng có thể tăng hay giảm; nếu tăng, thường không quá cao như lơ xê mi; nếu giảm, cũng không quá thấp như suy tủy xương. - Dòng hồng cầu: Thường gặp tăng sinh, đủ các tuổi hồng cầu non, các hồng cầu non có nhân chấm, hoặc hồng cầu non ít tạo hemoglobin (so với lứa tuổi); có thể tăng tiền nguyên hồng cầu nhưng ít gặp các cụm, có thể gặp nguyên hồng cầu nhiều nhân, nhân có vệ tinh, thấy ở giai đoạn đa sắc và ưa acid, bào tương có hốc hoặc ít tạo huyết sắc tố. ngoctlv.kcb_Truong Le Van Ngoc_04/07/2022 08:49:53",{}
HuongDanChanDoanVaDieuTriMotSoBenhLyHuyetHoc_B_n_r_t_g_n.md:271,HuongDanChanDoanVaDieuTriMotSoBenhLyHuyetHoc_B_n_r_t_g_n.md,271,789,"Nhuộm hồng cầu sắt (nhuộm Perls) có thể phát hiện được sideroblast vòng (là một tiêu chuẩn quan trọng trong xếp thể bệnh của hội chứng rối loạn sinh tủy). - Dòng bạch cầu: Thường tăng bạch cầu dòng hạt và dòng mono; các bất thường là: giảm hoặc mất hạt đặc hiệu, tế bào méo mó, nứt vỡ, có vệ tinh, xuất hiện tế bào một nhân của bạch cầu đoạn trung tính, bất thường kiểu Pelger Huët; có thể gặp tăng tế bào tiền tủy bào và tủy bào; bao giờ cũng gặp tế bào blast nhưng tỷ lệ gần bình thường (dưới 2%), có thể gặp tăng cao, đến xấp xỉ 20%, ở thể có tăng quá mức tế bào blast. - Mẫu tiểu cầu: Gặp mẫu tiểu cầu còi cọc, không chia thùy hoặc hai thùy, nhiều múi hoặc ít múi. c. Sinh thiết tủy xương - Rất có giá trị trong việc chẩn đoán sớm khi bệnh chuyển thành lơ xê mi cấp",{}
HuongDanChanDoanVaDieuTriMotSoBenhLyHuyetHoc_B_n_r_t_g_n.md:272,HuongDanChanDoanVaDieuTriMotSoBenhLyHuyetHoc_B_n_r_t_g_n.md,272,698,". c. Sinh thiết tủy xương - Rất có giá trị trong việc chẩn đoán sớm khi bệnh chuyển thành lơ xê mi cấp. - Phát hiện thấy khu trú bất thường của các tế bào đầu dòng chưa trưởng thành (ALIP: Abnormal localization of immature precursors). Khi gặp ALIP thì tiên lượng bệnh dễ chuyển thành lơ xê mi cấp. - Có thể có tăng sinh xơ, gặp ở thể ít blast. d. Đặc điểm tế bào di truyền-Sinh học phân tử - Di truyền tế bào: Mất NST: 5, 7, 20; thêm NST: 8, 21; mất đoạn nhánh dài NST: 5, 7, 20; trong đó mất nhánh dài NST 5 được sử dụng để xếp loại bệnh; chuyển đoạn: t(1;3); (p36;q21); t(1;7); (p11;q11); t(2;11); (p21;q23). Không gặp bất thường đặc hiệu của lơ xê mi dòng tủy: t(8;21); t(15;17), inv(16)",{}
HuongDanChanDoanVaDieuTriMotSoBenhLyHuyetHoc_B_n_r_t_g_n.md:273,HuongDanChanDoanVaDieuTriMotSoBenhLyHuyetHoc_B_n_r_t_g_n.md,273,884,". Không gặp bất thường đặc hiệu của lơ xê mi dòng tủy: t(8;21); t(15;17), inv(16). - Sinh học phân tử: + Phát hiện các đột biến gen có giá trị tiên lượng bệnh:  Tiên lượng xấu: ASXL1, EZH2, SRSF2, U2AF1, RUNX1, ZRSR2, TP53, STAG2, NRAS , ETV8, GATA2, BCOR, IDH2, NPM1, WT1, PRPF8, FLT3, CBL;  Tiên lượng tốt: SF3B1. + Phát hiện các gen khác có ý nghĩa chẩn đoán bệnh: IDH1, NEDD, ICPI, TET2, DNMT3A, NF1, JAK2, CALR, MPL, DDX41, SETBP1, PHF6, STAT3, PPM1D, PDGFRβ. đ. Xét nghiệm phân loại miễn dịch (FCM): Nên được cân nhắc trong trường hợp cần phân biệt với bệnh tế bào lympho dạng hạt lớn (LGL) và bệnh đái huyêt sắc tố kịch phát (PNH), hay phát hiện các kháng thể đơn dòng nhắm đích (CD47, CD3, CD123,…). e. Sinh hóa máu - Đo nồng độ Erythropoietin trước khi truyền khối hồng cầu. - Folat hồng cầu, Vitamin B12 huyết thanh. - Ferritin huyết thanh, sắt huyết thanh và TIBC",{}
HuongDanChanDoanVaDieuTriMotSoBenhLyHuyetHoc_B_n_r_t_g_n.md:274,HuongDanChanDoanVaDieuTriMotSoBenhLyHuyetHoc_B_n_r_t_g_n.md,274,294,". e. Sinh hóa máu - Đo nồng độ Erythropoietin trước khi truyền khối hồng cầu. - Folat hồng cầu, Vitamin B12 huyết thanh. - Ferritin huyết thanh, sắt huyết thanh và TIBC. - Hormon tuyến giáp: T3, T4, FT3, FT4, TSH. - Xét nghiệm LDH, acid uric. ngoctlv.kcb_Truong Le Van Ngoc_04/07/2022 08:49:53",{}
HuongDanChanDoanVaDieuTriMotSoBenhLyHuyetHoc_B_n_r_t_g_n.md:275,HuongDanChanDoanVaDieuTriMotSoBenhLyHuyetHoc_B_n_r_t_g_n.md,275,618,"f. Vi sinh: - Xét nghiệm HIV, HCV, HBsAg, Anti-HBc IgG. - Xét nghiệm: CMV (IgG,IgM), đo tải lượng CMV. 2.3. Chẩn đoán a. Tiêu chuẩn chẩn đoán hội chứng rối loạn sinh tủy: Dựa trên lâm sàng, xét nghiệm tế bào học (bảng xếp loại mục 2.4). b. Chẩn đoán phân biệt Hội chứng rối loạn sinh tủy với - Hội chứng tăng sinh tủy: Cùng là bệnh đơn dòng, nhưng tăng sinh tế bào mạnh hơn, định hướng dòng rõ, có thể thấy tổn thương đặc hiệu như gen Jak2 V617F. - Suy tủy xương: Thiếu máu, xuất huyết, nhiễm trùng thường nặng hơn, diễn biến nhanh hơn, tủy giảm sinh nặng hơn thậm chí tuyệt sản, ít bất thường về hình thái hơn",{}
HuongDanChanDoanVaDieuTriMotSoBenhLyHuyetHoc_B_n_r_t_g_n.md:276,HuongDanChanDoanVaDieuTriMotSoBenhLyHuyetHoc_B_n_r_t_g_n.md,276,789,". - Suy tủy xương: Thiếu máu, xuất huyết, nhiễm trùng thường nặng hơn, diễn biến nhanh hơn, tủy giảm sinh nặng hơn thậm chí tuyệt sản, ít bất thường về hình thái hơn. - Thiếu máu hồng cầu to do thiếu axit folic và vitamin B12: Thường có nguyên nhân gây thiếu axit folic và vitamin B12 như cắt dạ dày, nhiễm trùng ruột nặng, thể tích hồng cầu rất to (trên 130fl), giảm axit folic và vitamin B12 trong huyết thanh, điều trị thử bằng axit folic và vitamin B12 có cải thiện tốt. - Thiếu máu có sideroblast bẩm sinh: Thường ở trẻ em, MCV nhỏ, không bất thường về hình thái đối với các dòng tế bào khác. 2.4. Xếp loại thể bệnh hội chứng rối loạn sinh tủy: Tùy khả năng thực hiện một số xét nghiệm của cơ sở y tế mà lựa chọn cách xếp loại cho phù hợp sau đây. a. Xếp loại theo FAB (1982)",{}
HuongDanChanDoanVaDieuTriMotSoBenhLyHuyetHoc_B_n_r_t_g_n.md:277,HuongDanChanDoanVaDieuTriMotSoBenhLyHuyetHoc_B_n_r_t_g_n.md,277,882,"Nhóm Blast máu Blast tuỷ Nguyên hồng cầu sắt vòng Tế bào Mono/ máu Rối loạn hồng cầu Rối loạn dòng bạch cầu Rối loạn dòng tiểu cầu TMDD* (Retractory anemia = R.A) < 1% < 5% < 15% < 1G/L ++ + + TMDD có Sideroblast vòng (R.A. With ring sederoblast = RARS) < 1% < 5% > 15% < 1G/L ++ + / - + / - TMDD có tăng quá mức tế bào blast (R.A. With excess of blast = RAEB) < 5% 5-20% Thay đổi < 1G/L ++ ++ ++ ngoctlv.kcb_Truong Le Van Ngoc_04/07/2022 08:49:53

Nhóm Blast máu Blast tuỷ Nguyên hồng cầu sắt vòng Tế bào Mono/ máu Rối loạn hồng cầu Rối loạn dòng bạch cầu Rối loạn dòng tiểu cầu TMDD có tăng quá mức tế bào blast đang chuyển cấp (RAEB in transformation = RAEB-t) > 5% 21-< 30% Thay đổi Thay đổi ++ ++ ++ Lơ xê mi tủy mono mạn (Choronic Myelo - Monoleukemia = CMML) < 5% 5-20% Thay đổi  1G/L +/- +/- +/- TMDD*: Thiếu máu dai dẳng. b. Xếp loại của tổ chức y tế thế giới WHO (2001)",{}
HuongDanChanDoanVaDieuTriMotSoBenhLyHuyetHoc_B_n_r_t_g_n.md:278,HuongDanChanDoanVaDieuTriMotSoBenhLyHuyetHoc_B_n_r_t_g_n.md,278,566,TT Thể bệnh Máu ngoại vi Tủy xương Thiếu máu dai dẳng (Refractory anemia: RA) Thiếu máu. Không có blasts. - Chỉ rối loạn dòng hồng cầu. - Blasts < 5% - Nguyên hồng cầu sắt vòng < 15% Thiếu máu dai dẳng tăng nguyên hồng cầu sắt vòng (Refractory anemia with ringed sideroblasts: RARS) Thiếu máu. Không có blasts. - Chỉ rối loạn dòng hồng cầu - Nguyên hồng cầu sắt vòng  15% - Blasts < 5% Giảm tế bào dai dẳng có rối loạn nhiều dòng tế bào (Refractory cytopenia with multilineage dysplastic: RCMD) Giảm tế bào (2 hoặc 3 dòng) Không có hoặc hiếm gặp blasts,{}
HuongDanChanDoanVaDieuTriMotSoBenhLyHuyetHoc_B_n_r_t_g_n.md:279,HuongDanChanDoanVaDieuTriMotSoBenhLyHuyetHoc_B_n_r_t_g_n.md,279,614,. Không thấy thể Auer Tế bào mono < 1G/L - Rối loạn  10% tế bào của ít nhất 2 dòng tế bào tuỷ - Blasts tuỷ < 5% - Không thấy thể Auer - Nguyên hồng cầu sắt vòng < 15% Giảm tế bào dai dẳng có rối loạn nhiều dòng tế bào và tăng nguyên HC sắt vòng(Refractory cytopenia with multilineage dysplastic and ringed sideroblasts: RCMD - RS) Giảm tế bào (2 hoặc 3 dòng) Không có hoặc hiếm gặp blasts Không thấy thể Auer Tế bào mono < 1G/L - Rối loạn  10% tế bào của ít nhất 2 dòng tế bào tủy - Blasts tuỷ < 5% - Nguyên hồng cầu sắt vòng  15% - Không thấy thể Auer ngoctlv.kcb_Truong Le Van Ngoc_04/07/2022 08:49:53,{}
HuongDanChanDoanVaDieuTriMotSoBenhLyHuyetHoc_B_n_r_t_g_n.md:280,HuongDanChanDoanVaDieuTriMotSoBenhLyHuyetHoc_B_n_r_t_g_n.md,280,899,TT Thể bệnh Máu ngoại vi Tủy xương Thiếu máu dai dẳng có tăng quá mức blast - 1(Refractory anemia with exccess blasts1: RAEB - 1) Giảm tế bào Blasts < 5% Tế bào mono < 1G/L - Rối loạn một dòng hay nhiều dòng tế bào tủy - Blasts 5% đến 9% - Không thấy thể Auer Thiếu máu dai dẳng có tăng quá mức blast - 2 (Refractory anemia with excces blasts2: RAEB - 2) Giảm tế bào Blasts 5% đến 19% Có khi thấy thể Auer Tế bào mono < 1G/L - Rối loạn một dòng hay nhiều dòng tế bào tủy - Blasts 10% đến 19% - Có khi thấy thể Auer Hội chứng rối loạn sinh tủy không xếp loại(Myelodysplastic syndrome unclassified: MDS - U) Giảm tế bào Không có hoặc hiếm gặp blast Không thấy thể Auer - Chỉ rối loạn dòng bạch cầu hạt hoặc mẫu tiểu cầu. - Blasts < 5% - Không thấy thể Auer Hội chứng rối loạn sinh tủy có kết hợp mất nhánh dài nhiếm sắc thể số 5(del 5q) (MDS associated with isolatsed del(5q)) Thiếu máu,{}
HuongDanChanDoanVaDieuTriMotSoBenhLyHuyetHoc_B_n_r_t_g_n.md:281,HuongDanChanDoanVaDieuTriMotSoBenhLyHuyetHoc_B_n_r_t_g_n.md,281,374,". - Blasts < 5% - Không thấy thể Auer Hội chứng rối loạn sinh tủy có kết hợp mất nhánh dài nhiếm sắc thể số 5(del 5q) (MDS associated with isolatsed del(5q)) Thiếu máu. Blasts < 5% Tiểu cầu bình thường hoặc tăng - Mẫu tiểu cầu bình thường hoặc tăng, giảm chia thùy - Blasts < 5% - Không thấy thể Auer - del (5q) đơn độc ngoctlv.kcb_Truong Le Van Ngoc_04/07/2022 08:49:53",{}
HuongDanChanDoanVaDieuTriMotSoBenhLyHuyetHoc_B_n_r_t_g_n.md:282,HuongDanChanDoanVaDieuTriMotSoBenhLyHuyetHoc_B_n_r_t_g_n.md,282,48,c. Xếp loại của tổ chức y tế thế giới WHO (2008),{}
HuongDanChanDoanVaDieuTriMotSoBenhLyHuyetHoc_B_n_r_t_g_n.md:283,HuongDanChanDoanVaDieuTriMotSoBenhLyHuyetHoc_B_n_r_t_g_n.md,283,898,"Nhóm Thể bệnh Các yếu tố về tủy xương Giảm tế bào dai dẳng loạn sản đơn dòng ≥ 10% tế bào một dòng bị rối loạn < 5% blast < 15% nguyên hồng cầu sắt vòng (RS) bao gồm: thiếu máu dai dẳng, giảm bạch cầu trung tính, giảm tiểu cầu (Refractory cytopenias with unilineage dysplasia: RCUD) Thiếu máu dai dẳng tăng nguyên hồng cầu sắt vòng (Refractory anemia with ringed sideroblasts: RARS) < 5% blast ≥ 15% RS Giảm tế bào dai dẳng có rối loạn nhiều dòng tế bào (Refractory cytopenia with multilineage dysplastic: RCMD) ≥ 10% tế bào bất thường ở ≥ 2 dòng tế bào < 5% blast Không kèm hoặc kèm tăng RS Hội chứng rối loạn sinh tủy có kết hợp mất nhánh dài nhiếm sắc thể số 5(del 5q) (MDS associated with isolatsed del(5q)) < 5% blast del(5q) - Thiếu máu dai dẳng có tăng quá mức blast -1 (Refractory anemia with exccess 5-9% blast, thể Auer (-) blasts1: RAEB - 1) - Thiếu máu dai dẳng có tăng quá",{}
HuongDanChanDoanVaDieuTriMotSoBenhLyHuyetHoc_B_n_r_t_g_n.md:284,HuongDanChanDoanVaDieuTriMotSoBenhLyHuyetHoc_B_n_r_t_g_n.md,284,681,"< 5% blast del(5q) - Thiếu máu dai dẳng có tăng quá mức blast -1 (Refractory anemia with exccess 5-9% blast, thể Auer (-) blasts1: RAEB - 1) - Thiếu máu dai dẳng có tăng quá mức blast - 2 (Refractory anemia with excces 10-19% blast, thể Auer (±) blasts2: RAEB - 2) MDS-U: rối loạn sinh tủy chưa xếp loại <10% tế bào bất thường + < 5% blast + gen bất thường Theo xếp loại WHO 2008 thể RAEB-t của xếp loại FAB (1982) được coi là lơ xê mi tủy cấp với tổn thương đa dòng, và CMML được xếp là MDS/MPS (rối loạn sinh tủy/ tăng sinh tủy); có bất thường NST như t(15;17), t(8;21), inv16, t(16;16), được xếp là lơ xê mi tủy cấp, không tính đến tỉ lệ blast tủy và nguyên hồng cầu sắt vòng",{}
HuongDanChanDoanVaDieuTriMotSoBenhLyHuyetHoc_B_n_r_t_g_n.md:285,HuongDanChanDoanVaDieuTriMotSoBenhLyHuyetHoc_B_n_r_t_g_n.md,285,52,. ngoctlv.kcb_Truong Le Van Ngoc_04/07/2022 08:49:53,{}
HuongDanChanDoanVaDieuTriMotSoBenhLyHuyetHoc_B_n_r_t_g_n.md:286,HuongDanChanDoanVaDieuTriMotSoBenhLyHuyetHoc_B_n_r_t_g_n.md,286,702,"d. Xếp loại của tổ chức y tế thế giới WHO sửa đổi (2016) Lựa chọn sử dụng xếp loại nào cho phù hợp cần căn cứ vào khả năng làm được các xét nghiệm: - Nhuộm hồng cầu sắt là bắt buộc phải có trong khi sử dụng cả 3 cách xếp loại. - Muốn sử dụng xếp loại theo WHO 2001 thì phải làm được xét nghiệm tìm bất thường nhiễm sắc thể (mất nhánh dài NST số 5). - Muốn sử dụng được xếp loại WHO 2008 phải làm được thêm nhiều xét nghiệm tìm tổn thương nhiễm sắc thể trong hội chứng rối loạn sinh tủy (cả del5q và các xét nghiệm khác như đã nêu ở trên t(15;17), t(8;21), inv16, t(16;16)… 2.5. Chẩn đoán nhóm nguy cơ bệnh theo di truyền 2.5.1. Di truyền tế bào Bảng 24. Bảng tiên lượng bệnh theo đột biến NST",{}
HuongDanChanDoanVaDieuTriMotSoBenhLyHuyetHoc_B_n_r_t_g_n.md:287,HuongDanChanDoanVaDieuTriMotSoBenhLyHuyetHoc_B_n_r_t_g_n.md,287,832,Rất tốt Tốt Trung bình Xấu Rất xấu del (11q) -Y CT-NST: bình thường der (1;7) del (5q) del (12p) del (20q) -7/7q- +8 iso (17q) + 19 + 21 Tổn thương đơn độc khác der(3)(q21)/ der(3)(q26) > 3 tổn thương bất kỳ 2 tổn thương bao gồm del (5q) 2 tổn thương bất kỳ 2 tổn thương bao gồm -7/7q- 3 tổn thương bất kỳ 2.5.2. Sinh học phân tử: - Hội chứng rối loạn sinh tủy có loạn sản đơn dòng (MDS with single lineage dysplasia). - Hội chứng rối loạn sinh tủy có nguyên hồng cầu sắt vòng (MDS with ring sideroblasts - MDS - RS). - MDS-RS có loạn sản đơn dòng (MDS-RS and single lineage dysplasia). - MDS-RS có loạn sản đa dòng (MDS-RS and multilineage dysplasia). - Hội chứng rối loạn sinh tủy có loạn sản đa dòng (MDS with multilineage dysplasia). - Hội chứng rối loạn sinh tủy có tăng quá mức tế bào blasts (MDS with excess blasts),{}
HuongDanChanDoanVaDieuTriMotSoBenhLyHuyetHoc_B_n_r_t_g_n.md:288,HuongDanChanDoanVaDieuTriMotSoBenhLyHuyetHoc_B_n_r_t_g_n.md,288,506,. - Hội chứng rối loạn sinh tủy có loạn sản đa dòng (MDS with multilineage dysplasia). - Hội chứng rối loạn sinh tủy có tăng quá mức tế bào blasts (MDS with excess blasts). - Hội chứng rối loạn sinh tủy có del(5q) đơn độc (MDS with isolated del 5q). - Hội chứng rối loạn sinh tủy không phân loại được theo cách khác (MDS unclassifiable). - Thể bệnh đề xuất bổ sung: Giảm tất cả các dòng tế bào dai dẳng ở trẻ em (refractory cytopenia of childhood). ngoctlv.kcb_Truong Le Van Ngoc_04/07/2022 08:49:53,{}
HuongDanChanDoanVaDieuTriMotSoBenhLyHuyetHoc_B_n_r_t_g_n.md:289,HuongDanChanDoanVaDieuTriMotSoBenhLyHuyetHoc_B_n_r_t_g_n.md,289,706,"- Tiên lượng xấu: ASXL1, EZH2, SRSF2, U2AF1, RUNX1, ZRSR2, TP53, STAG2, NRAS , ETV6, GATA2, BCOR, IDH2, NPM1, WT1, PRPF8, FLT3, CBL. - Tiên lượng tốt: SF3B1. 3. ĐIỀU TRỊ 3.1. Nguyên tắc chung - Điều trị căn cứ theo thể bệnh hội chứng rối loạn sinh tủy (xếp loại FAB 1982 và WHO), yếu tố nguy cơ, tuổi, toàn trạng. - Các biện pháp điều trị chính là: Hóa trị liệu, sử dụng các chất cảm ứng biệt hóa, ghép tủy xương, điều trị bổ trợ cho thiếu máu, xuất huyết, nhiễm trùng. 3.2. Tiên lượng - Tiên lượng phụ thuộc vào nhiều yếu tố: Mức độ giảm tế bào, tỷ lệ blast ở máu và tủy, tăng tế bào mono trong CMML, có mặt của ALIP trong tủy, bất thường NST… Bảng 25. Hệ thống điểm tiên lượng theo tiêu chuẩn quốc tế",{}
HuongDanChanDoanVaDieuTriMotSoBenhLyHuyetHoc_B_n_r_t_g_n.md:290,HuongDanChanDoanVaDieuTriMotSoBenhLyHuyetHoc_B_n_r_t_g_n.md,290,726,"Tiêu chuẩn Điểm A. Blast trong tủy xương  < 5%  5-10%  11-20% 1,5  21-30% B. Bất thường di truyền học tế bào  Bình thường, Y-, 5q-, 20q-  Bất thường NST số 7, hoặc số 3, hoặc có nhiều bất thường NST phối hợp.  Có các bất thường di truyền khác. 0,5 C. Suy giảm các dòng tế bào máu: được định nghĩa là khi Hb < 10g/dl, Số lượng tuyệt đối bạch cầu trung tính < 1,5 G/L, số lượng tiểu cầu < 100G/L.  Không suy giảm hay chỉ bị suy giảm một dòng tế bào máu.  Suy giảm 2 hoặc 3 dòng tế bào máu. 0,5 Đánh giá tiên lượng như sau:

Điểm Nhóm nguy cơ Thời gian sống trung bình Thấp 5,7 năm 0,5-1,0 Trung bình 1 3,5 năm 1,5-2,0 Trung bình 2 1,2 năm 2,5-5,0 Cao 0,4 năm ngoctlv.kcb_Truong Le Van Ngoc_04/07/2022 08:49:53",{}
HuongDanChanDoanVaDieuTriMotSoBenhLyHuyetHoc_B_n_r_t_g_n.md:291,HuongDanChanDoanVaDieuTriMotSoBenhLyHuyetHoc_B_n_r_t_g_n.md,291,643,"Bảng 26. Hệ thống điểm tiên lượng theo tiêu chuẩn quốc tế sửa đổi (IPSS-R: revised): Chỉ số tiên lượng Điểm 0,5 1,5 Blasts tủy (%) < 2 - 2-5 - 5-10 > 10 - Công thức NST Rất tốt - Tốt - Trung bình Xấu Rất xấu Hemoglobin (g/l) ≥ 10 - 8-10 < 8 - - - Số lượng bạch cầu trung tính tuyệt đối (G/l) ≥ 0,8 < 0,8 - - - - - Số lượng tiểu cầu (G/l) ≥ 100 50-100 < 50 - - - - Ghi chú: Công thức NST được đánh giá theo bảng 19 Đánh giá tiên lượng theo tiêu chuẩn quốc tế sửa đổi (IPSS-R) như sau:

Điểm Nhóm nguy cơ Thời gian sống trung bình ≤ 1,5 Rất thấp 8,8 năm 2,0-3,0 Thấp 5,3 năm 3,5-4,5 Trung bình 3,0 năm 5,0-6,0 Cao 1,6 năm > 6,0 Rất cao 0,8 năm",{}
HuongDanChanDoanVaDieuTriMotSoBenhLyHuyetHoc_B_n_r_t_g_n.md:292,HuongDanChanDoanVaDieuTriMotSoBenhLyHuyetHoc_B_n_r_t_g_n.md,292,771,"- Đánh giá tiên lượng theo di truyền: + Tiên lượng xấu: ASXL1, EZH2, SRSF2, U2AF1, RUNX1, ZRSR2, TP53, STAG2, NRAS , ETV6, GATA2, BCOR, IDH2, NPM1, WT1, PRPF8, FLT3, CBL; + Tiên lượng tốt: SF3B1. 3.3. Điều trị cụ thể: 3.3.1. Rối loạn sinh tủy nhóm nguy cơ thấp (IPSS thấp/trung bình 1, IPSS-R rất thấp/thấp/trung bình ≤ 3,5 điểm). Liệu pháp điều trị chính là cải thiện các tế bào máu, tránh biến chứng thiếu máu, xuất huyết, nhiễm trùng ảnh hưởng đến chất lượng cuộc sống của bệnh nhân. 3.3.1.1. Theo dõi: - Các trường hợp bệnh không có triệu chứng. - Có các chiến lược cụ thể với các bệnh nhân có đột biến di truyền cụ thể. 3.3.1.2. Điều trị thiếu máu: a. Chất kích thích sinh hồng cầu (ESA) - Erythropoietin (EPO): ngoctlv.kcb_Truong Le Van Ngoc_04/07/2022 08:49:53",{}
HuongDanChanDoanVaDieuTriMotSoBenhLyHuyetHoc_B_n_r_t_g_n.md:293,HuongDanChanDoanVaDieuTriMotSoBenhLyHuyetHoc_B_n_r_t_g_n.md,293,849,"+ EPO huyết thanh ≤ 500 mU/ml và/hoặc truyền dưới 2 đơn vị hồng cầu/tháng: 40.00 - 60.000 UI x 1-2 lần/tuần và / hoặc thêm G-CSF (theo liệu trình phần dưới); + EPO huyết thanh > 500: Không có chỉ định dùng tiêm EPO. - G-CSF: Liều 1-2 mcg/kg/lần nên bắt đầu bằng liều 300mcg. Theo dõi công thức máu hàng tuần và điều chỉnh liều lượng để giữ số lượng bạch cầu từ 6 đến 10 G/l. b. Rối loạn sinh tủy có đột biến del (5q) - Chất kích thích sinh hồng cầu (ESA) vẫn là lựa chọn hàng đầu (liều như trên). - Lenalidomide: 10mg, uống ngày 1 lần x 21 ngày/tháng. - Chú ý: Xem xét các đột biến TP53, TET2 và RUNX1 để đánh giá và theo dõi tiến triển của bệnh. c. Rối loạn sinh tủy không có del (5q) - Ức chế miễn dịch: + Antithymocyte globulin (hATG hoặc rATG):  hATG: 40mg/kg/ngày truyền tĩnh mạch 4 ngày;  rATG: 3,75 mg/kg/ngày truyền tĩnh mạch 5 ngày",{}
HuongDanChanDoanVaDieuTriMotSoBenhLyHuyetHoc_B_n_r_t_g_n.md:294,HuongDanChanDoanVaDieuTriMotSoBenhLyHuyetHoc_B_n_r_t_g_n.md,294,130,". + Cyclosporine: 3 - 6 mg/kg /ngày, uống; + Kháng CD33 trong trường hợp có biểu hiện bất thường của CD33 trên FCM; + Kháng TLR2,…",{}
HuongDanChanDoanVaDieuTriMotSoBenhLyHuyetHoc_B_n_r_t_g_n.md:295,HuongDanChanDoanVaDieuTriMotSoBenhLyHuyetHoc_B_n_r_t_g_n.md,295,695,"- Chất hypomethyl hóa (HMA): + Azacitidine: 75 mg/m2 tiêm dưới da hoặc truyền tĩnh mạch x 7 ngày liên tục (tổng liều 525 mg/m2); + Decitabine:  Phác đồ 3 ngày: 15 mg/m² truyền tĩnh mạch trong 3 giờ mỗi 8 giờ x 3 ngày; lặp lại chu kỳ mỗi 6 tuần;  Phác đồ 5 ngày: 20 mg/m² truyền tĩnh mạch trong 1 giờ mỗi ngày x 5 ngày, lặp lại chu kỳ mỗi 4 tuần. - Ghép tế bào gốc đồng loài: Cân nhắc ghép sớm cho các trường hợp có đột biến tiên lượng xấu. 3.3.1.3. Điều trị giảm tiểu cầu a. Chất hypomethyl hóa (HMA): Như trên. b. Thuốc chủ vận thụ thể TPO: - Romiplostim: Tiêm dưới da 300-1500 μg mỗi tuần. - Eltrombopag: 50mg/ngày đến 150mg/ngày, uống. ngoctlv.kcb_Truong Le Van Ngoc_04/07/2022 08:49:53",{}
HuongDanChanDoanVaDieuTriMotSoBenhLyHuyetHoc_B_n_r_t_g_n.md:296,HuongDanChanDoanVaDieuTriMotSoBenhLyHuyetHoc_B_n_r_t_g_n.md,296,883,"3.3.2. Rối loạn sinh tủy nhóm nguy cơ cao - Liệu pháp điều trị chính là hạn chế tiến triển của bệnh, cải thiện tỷ lệ sống. - Trước khi điều trị phải đánh giá khả năng ghép TBG đồng loài của bệnh nhân. 3.3.2.1. Chất hypomethyl hóa (HMA) Là lựa chọn đầu tiên cho nhóm rối loạn sinh tủy nguy cơ cao - Azacitidine: 75 mg/m2 tiêm dưới da hoặc truyền tĩnh mạch x 7 ngày liên tục 1 chu kì điều trị (tổng liều 525 mg/m2) x tối thiểu 6 chu kì, mỗi chu kì cách nhau 4 tuần; có thể dùng liên tục cho đến khi bệnh tiến triển. - Decitabine: + Phác đồ 3 ngày: 15 mg/m² truyền tĩnh mạch trong 3 giờ mỗi 8 giờ x 3 ngày; lặp lại chu kỳ mỗi 6 tuần; tối thiểu 4 chu kì, có thể dùng liên tục cho đến khi bệnh tiến triển. + Phác đồ 5 ngày: 20 mg/m² truyền tĩnh mạch trong 1 giờ mỗi ngày x 5 ngày, lặp lại chu kỳ mỗi 4 tuần; tối thiểu 4 chu kì, có thể dùng liên tục cho đến khi bệnh tiến triển. 3.3.2.2",{}
HuongDanChanDoanVaDieuTriMotSoBenhLyHuyetHoc_B_n_r_t_g_n.md:297,HuongDanChanDoanVaDieuTriMotSoBenhLyHuyetHoc_B_n_r_t_g_n.md,297,862,". 3.3.2.2. Ghép tế bào gốc đồng loài - Tiêu chí IPSS nên được xem xét ngay tại thời điểm chẩn đoán cho ghép tế bào gốc đồng loài. - Ghép tế bào gốc đồng loài nên được thực hiện cho nhóm: Rối loạn sinh tủy IPSS giai đoạn trung bình 2 / cao hoặc IPSS-R cao / rất cao. - Tiêu chí lựa chọn: Có nguồn cho phù hợp HLA, tuổi < 70, không có bệnh lý nền nặng, thể trạng tốt có thể trải qua cuộc ghép. - Cần đánh giá cụ thể các tổn thương di truyền cho bệnh nhân để lựa chọn thời điểm ghép phù hợp và có chiến lược duy trì sau ghép trên những nhóm có tổn thương di truyền tiên lượng xấu. - Duy trì sau ghép: Rất quan trọng trong ghép rối loạn sinh tủy (có thể duy trì bằng HMA hoặc các nhóm thuốc mới). 3.3.2.3. Hướng mới trong điều trị rối loạn sinh tủy nguy cơ cao a. Các tác nhân có thể kết hợp với HMA: - Azacitidine kết hợp với lenalidomide... hoặc eltrombopag",{}
HuongDanChanDoanVaDieuTriMotSoBenhLyHuyetHoc_B_n_r_t_g_n.md:298,HuongDanChanDoanVaDieuTriMotSoBenhLyHuyetHoc_B_n_r_t_g_n.md,298,540,". 3.3.2.3. Hướng mới trong điều trị rối loạn sinh tủy nguy cơ cao a. Các tác nhân có thể kết hợp với HMA: - Azacitidine kết hợp với lenalidomide... hoặc eltrombopag. - Azacitidine kết hợp với chất ức chế HDAC. - Azacitidine kết hợp với chất ức chế enzym kích hoạt NEDD8. - Azacitidine kết hợp với đơn chất trong HRMDS và oligoblastic AML. - Azacitidine kết hợp với chất ức chế IDH1 hoặc IDH2 . - Azacitidine kết hợp với các thuốc nhắm đích khác (kháng CD47, kháng CD3/CD123, CTLA - 4,…). ngoctlv.kcb_Truong Le Van Ngoc_04/07/2022 08:49:53",{}
HuongDanChanDoanVaDieuTriMotSoBenhLyHuyetHoc_B_n_r_t_g_n.md:299,HuongDanChanDoanVaDieuTriMotSoBenhLyHuyetHoc_B_n_r_t_g_n.md,299,237,"246.

5/1. b. Nhắm đích TP53: - Điều chế hoạt động phiên mã của đột biến TP53 bằng các loại thuốc như APR-

c. Các lựa chọn ở bệnh nhân thất bại liệu pháp HMA - CPX-351 là công thức liposom mới với tỷ lệ Cytarabine/Daunorubicin cố định",{}
HuongDanChanDoanVaDieuTriMotSoBenhLyHuyetHoc_B_n_r_t_g_n.md:300,HuongDanChanDoanVaDieuTriMotSoBenhLyHuyetHoc_B_n_r_t_g_n.md,300,858,"- Chất ức chế IDH1, IDH2, FLT3. - Liệu pháp CAR T-cell, DARTs. 3.4. Điều trị hỗ trợ khác 3.4.1. Điều trị thiếu máu - Truyền khối hồng cầu: Khi huyết sắc tố < 70g/l, đến khi đạt > 100g/l. Nếu có kế hoạch ghép tế bào gốc tạo máu thì hạn chế truyền máu; chế phẩm máu được lọc bạch cầu, chiếu xạ và sàng lọc CMV trước truyền; lưu ý kháng thể bất thường để chọn máu phù hợp phenotype. - Lưu ý thiếu các nguyên liệu tạo máu như sắt, vitamin B12, acid folic. 3.4.2. Phòng/điều trị xuất huyết - Truyền khối tiểu cầu cùng nhóm khi số lượng tiểu cầu ≤ 20G/L hoặc khi số lượng tiểu cầu ≤ 50 G/L nhưng có xuất huyết. - Tranexamic acid 0,25 g x 1-2 ống; tiêm bắp hoặc tĩnh mạch. - Mazipredone 30mg x 1 ống, tiêm tĩnh mạch; dùng 5-7 ngày. 3.4.3. Chống nhiễm trùng - Điều trị kháng sinh khi có nhiễm khuẩn, cần làm kháng sinh đồ để chỉ định kháng sinh cho phù hợp",{}
HuongDanChanDoanVaDieuTriMotSoBenhLyHuyetHoc_B_n_r_t_g_n.md:301,HuongDanChanDoanVaDieuTriMotSoBenhLyHuyetHoc_B_n_r_t_g_n.md,301,736,". 3.4.3. Chống nhiễm trùng - Điều trị kháng sinh khi có nhiễm khuẩn, cần làm kháng sinh đồ để chỉ định kháng sinh cho phù hợp. - Nếu số lượng bạch cầu hạt trung tính quá thấp (≤ 1G/L) thì có thể dùng G-CFS hoặc truyền khối bạch cầu trung tính cùng nhóm (cân nhắc kỹ). - Giữ vệ sinh ăn uống, vệ sinh răng miệng, cơ thể… 3.4.4. Thải sắt: - Chỉ định: Khi Ferritin huyết thanh ≥ 1000 ng/ml hoặc khi truyền > 20-30 đơn vị khối hồng cầu. - Thuốc thải sắt: + Deferoxamin Liều lượng:  Trẻ em 20 - 40 mg/kg/ngày;  Người lớn: 40 - 60 mg/kg/ngày. Cách dùng: Tiêm dưới da hoặc truyền tĩnh mạch liên tục 8-12 giờ/ngày, 5-6 ngày/ tuần. Trường hợp quá tải sắt nặng thì dùng liên tục cả tuần. ngoctlv.kcb_Truong Le Van Ngoc_04/07/2022 08:49:53",{}
HuongDanChanDoanVaDieuTriMotSoBenhLyHuyetHoc_B_n_r_t_g_n.md:302,HuongDanChanDoanVaDieuTriMotSoBenhLyHuyetHoc_B_n_r_t_g_n.md,302,836,"+ Deferipron: Sử dụng thuốc này khi thuốc deferoxamin không hiệu quả. Liều lượng: 75mg/kg/ngày; Cách dùng: Uống, chia 3 lần/ngày. + Deferasirox: Nếu có thể thì nên lựa chọn điều trị ngay từ đầu. Liều lượng: 20-30 mg/kg mỗi ngày; Cách dùng: Uống trước ăn 30 phút. - Thải sắt là quy trình bắt buộc cho những bệnh nhân có kế hoạch ghép tế bào gốc tạo máu đồng loài. 4. TIẾN TRIỂN VÀ TIÊN LƯỢNG - Hội chứng rối loạn sinh tủy là bệnh khá nặng, dai dẳng và rất khó điều trị. Người bệnh có thể tử vong do các biến chứng như: Nhiễm trùng, chảy máu, ứ sắt gây suy chức năng các cơ quan hoặc do chuyển lơ xê mi cấp. - Thời gian sống thêm trung bình của nhóm tiên lượng xấu là 8 tháng, trong khi đó nhióm tiên lương tốt có thể trên 5 năm và thời gian chuyển lơ xê mi cấp cũng chậm hơn.

TRỊ 5. XÉT NGHIỆM ĐÁNH GIÁ TRƯỚC VÀ TRONG QUÁ TRÌNH ĐIỀU",{}
HuongDanChanDoanVaDieuTriMotSoBenhLyHuyetHoc_B_n_r_t_g_n.md:303,HuongDanChanDoanVaDieuTriMotSoBenhLyHuyetHoc_B_n_r_t_g_n.md,303,795,"5.1. Xét nghiệm đánh giá trước điều trị Ngoài các xét nghiệm để chẩn đoán bệnh đã nêu ở trên, cần làm các xét nghiệm để đánh giá toàn trạng bệnh nhân trước điều trị, bao gồm: - Sinh hóa máu: Chức năng gan, thận, đường máu, điện giải đồ, protein, albumin, EPO, bộ xét nghiệm sắt (Fe huyết thanh, ferritin, transferin, độ bão hòa transferin). - Đông máu cơ bản vòng 1: Fibrinogen, PT, APTT, TT, D-Dimer, nếu có bất thường làm các xét nghiệm chuyên sâu. - Tổng phân tích nước tiểu, tế bào nước tiểu. - Định nhóm hệ ABO, Rh với bệnh nhân vào viện lần đầu và khi bệnh nhân có chỉ định truyền máu. - Sàng lọc kháng thể bất thường, coombs với bệnh nhân có truyền máu nhiều lần. - Điện tâm đồ, siêu âm tim với bệnh nhân có chỉ định điều trị hóa chất. - Siêu âm ổ bụng, X-quang tim phổi. 5.2",{}
HuongDanChanDoanVaDieuTriMotSoBenhLyHuyetHoc_B_n_r_t_g_n.md:304,HuongDanChanDoanVaDieuTriMotSoBenhLyHuyetHoc_B_n_r_t_g_n.md,304,375,". - Điện tâm đồ, siêu âm tim với bệnh nhân có chỉ định điều trị hóa chất. - Siêu âm ổ bụng, X-quang tim phổi. 5.2. Xét nghiệm theo dõi trong điều trị 5.2.1 Xét nghiệm theo dõi thường quy - Tổng phân tích tế bào máu 2-3 lần/ tuần. - Sinh hóa máu: Chức năng gan, thận, điện giải đồ và bộ xét nghiệm bilan sắt 1 lần/ tuần. ngoctlv.kcb_Truong Le Van Ngoc_04/07/2022 08:49:53",{}
HuongDanChanDoanVaDieuTriMotSoBenhLyHuyetHoc_B_n_r_t_g_n.md:305,HuongDanChanDoanVaDieuTriMotSoBenhLyHuyetHoc_B_n_r_t_g_n.md,305,663,"- Đông máu cơ bản 1 lần/ tuần. - Làm huyết tủy đồ, sinh thiết tủy xương sau mỗi chu kì điều trị hóa chất. Đối với bệnh nhân không điều trị hóa chất kiểm tra HTĐ, STTX mỗi 6 tháng hoặc khi có biểu hiện bệnh tiến triển. - Tế bào tủy, nhuộm hồng cầu sắt, NST, tổn thương gen bệnh bằng các kỹ thuật sinh học phân tử, mô bệnh học tủy xương: 3 tháng/1 lần. - Nghiệm pháp Coombs (trực tiếp, gián tiếp), sàng lọc và định danh kháng thể bất thường: Khi truyền máu nhiều lần. - Định lượng erythropoietin, thrombopoietin. 2.2 Xét nghiệm theo dõi khi có bất thường: Tùy thuộc diễn biến của bệnh nhân để chỉ định phù hợp. ngoctlv.kcb_Truong Le Van Ngoc_04/07/2022 08:49:53",{}
HuongDanChanDoanVaDieuTriMotSoBenhLyHuyetHoc_B_n_r_t_g_n.md:306,HuongDanChanDoanVaDieuTriMotSoBenhLyHuyetHoc_B_n_r_t_g_n.md,306,897,"1. Nguyễn Anh Trí: Tiền Lơ xê mi và Lơ xê mi cấp, Nhà xuất bản Y học, 2010: p.59-140. 2. Nguyễn Thị Quỳnh Nga: Hội chứng rối loạn sinh tủy. Bài giảng sau đại học Huyết học – Truyền máu, Nhà xuất bản Y học, 2006: p.115-127. 3. Đỗ Trung Phấn: Hội chứng rối loạn sinh tủy. Tế bào gốc và bệnh lý tế bào gốc tạo máu chẩn đoán, phân loại, điều trị, Nhà xuất bản Y học, 2008: p.227-244. 4. Phạm Quang Vinh: Các hội chứng rối loạn sinh tủy và bất thường tế bào di truyền trong bệnh máu ác tính ; Nhà xuất bản Y học. 2013: p.119-136. 5. Vũ Đức Bình, Nguyễn Anh Trí, Bùi Thị Mai An, Nguyễn Bá Khanh: Cập nhật xếp loại và điều trị hội chứng rối loạn sinh tủy. Một số chuyên đề Huyết học Truyền máu tập IV, Nhà xuất bản Y học. 2012: p. 277-295. 6. Nguyễn Thị Quỳnh Nga: Tổng quan về các phương pháp điều trị hội chứng rối loạn sinh tủy. Một số chuyên đề Huyết học Truyền máu tập I, Nhà xuất bản Y học",{}
HuongDanChanDoanVaDieuTriMotSoBenhLyHuyetHoc_B_n_r_t_g_n.md:307,HuongDanChanDoanVaDieuTriMotSoBenhLyHuyetHoc_B_n_r_t_g_n.md,307,808,". 2012: p. 277-295. 6. Nguyễn Thị Quỳnh Nga: Tổng quan về các phương pháp điều trị hội chứng rối loạn sinh tủy. Một số chuyên đề Huyết học Truyền máu tập I, Nhà xuất bản Y học. 2004: p. 112- 127. 7. Nguyễn Công Khanh: Hội chứng loạn sản tủy. Huyết học lâm sàng nhi khoa, Nhà xuất bản Y học. 2004: p.195-202. 8. Nguyễn Đạt Anh, Nguyễn Lân Việt, Phạm Quang Vinh, Nguyễn Quốc Anh: Các thang điểm thiết yếu sử dụng trong lâm sàng, Nhà xuất bản Y học 2011: p.83-88. 9. Jason Gotlib, Lenn Fechter: 100 questions and answers about Myelodysplastic Symdromes: p.77-99. 10. Pocket Medicine Fourth edition, Myelodysplastic symdromes: p.5-14. 11. Hoffbrand AV, Moss PAH(2016). Myelodysplasia. IN Hofbrand’ Essential Haematology. 7th Edition. John Wiley & Sons Ltd.,pp.177-185. 12. ArberD, Orazi A, Hasserjian R, et al",{}
HuongDanChanDoanVaDieuTriMotSoBenhLyHuyetHoc_B_n_r_t_g_n.md:308,HuongDanChanDoanVaDieuTriMotSoBenhLyHuyetHoc_B_n_r_t_g_n.md,308,729,". 11. Hoffbrand AV, Moss PAH(2016). Myelodysplasia. IN Hofbrand’ Essential Haematology. 7th Edition. John Wiley & Sons Ltd.,pp.177-185. 12. ArberD, Orazi A, Hasserjian R, et al. (2016) The 2016 revision to the World Heath Organization classification of myeloid neoplasms and acute leukemia. Blood 127(20), pp.2391-2405. 13. NCCN guidelines (Myelodysplastic Syndrome) version 1.2021. 14. Uwe Platzbecker. Treatment of MDS. Blood (2019) 133 (10): 1096–1107. 15. Guillermo Garcia-Manero, Kelly S. Chien, Guillermo Montalban‐Bravo. Myelodysplastic syndromes: 2021 update on diagnosis, risk stratification and management. American journal of Hematology (2020), 95 (11), pp:1399-1420. ngoctlv.kcb_Truong Le Van Ngoc_04/07/2022 08:49:53",{}
HuongDanChanDoanVaDieuTriMotSoBenhLyHuyetHoc_B_n_r_t_g_n.md:309,HuongDanChanDoanVaDieuTriMotSoBenhLyHuyetHoc_B_n_r_t_g_n.md,309,20,29. U LYMPHO HODGKIN,{}
HuongDanChanDoanVaDieuTriMotSoBenhLyHuyetHoc_B_n_r_t_g_n.md:310,HuongDanChanDoanVaDieuTriMotSoBenhLyHuyetHoc_B_n_r_t_g_n.md,310,821,"1. ĐẠI CƯƠNG U lympho ác tính là nhóm bệnh ác tính của tổ chức lympho, bao gồm 2 nhóm: U lympho Hodgkin (chiếm khoảng 20-30%) và u lympho không Hodgkin (70-80%). Nguyên nhân gây bệnh chưa rõ ràng. Tuy nhiên, nhiều nghiên cứu đưa ra một số yếu tố nguy cơ cao: Nhiễm EBV, suy giảm miễn dịch (sau ghép tạng, HIV…), bệnh tự miễn (viêm khớp dạng thấp, lupus ban đỏ hệ thống, sarcoidosis…) và yếu tố gia đình (nguy cơ mắc u lympho Hodgkin cao hơn 3 - 4 lần ở các cá thể có cùng quan hệ huyết thống với người bệnh này). 2. CHẨN ĐOÁN 2.1. Chẩn đoán xác định a. Lâm sàng - Biểu hiện lâm sàng không đặc hiệu và phù hợp với tình trạng nhiễm khuẩn hơn là bệnh lý ác tính. - Hạch to chiếm khoảng 70% người bệnh; thường gặp tại vùng cổ, nách, bẹn, trung thất và hạch ổ bụng. Số lượng hạch nhiều, mật độ chắc, thường không đau",{}
HuongDanChanDoanVaDieuTriMotSoBenhLyHuyetHoc_B_n_r_t_g_n.md:311,HuongDanChanDoanVaDieuTriMotSoBenhLyHuyetHoc_B_n_r_t_g_n.md,311,734,". - Hạch to chiếm khoảng 70% người bệnh; thường gặp tại vùng cổ, nách, bẹn, trung thất và hạch ổ bụng. Số lượng hạch nhiều, mật độ chắc, thường không đau. - Khối u trung thất hay gặp thứ hai nhưng hầu hết người bệnh không có biểu hiện lâm sàng hoặc biểu hiện không đặc hiệu như: Đau sau xương ức, ho, thở nông, hiếm gặp hơn là tràn dịch màng phổi, màng tim, chèn ép tĩnh mạch chủ trên... - Triệu chứng toàn thân khá thường gặp như: Ngứa, mệt mỏi, triệu chứng B (gồm có sốt, ra mồ hôi đêm, sút cân trên 10% trọng lượng cơ thể trong 6 tháng không giải thích được nguyên nhân). - Gan hoặc lách có thể to nhưng ít khi to nhiều. - Biểu hiện ban đầu ngoài hạch hiếm gặp. Nếu có thì vị trí hay gặp là: Phổi, gan, xương và tủy xương",{}
HuongDanChanDoanVaDieuTriMotSoBenhLyHuyetHoc_B_n_r_t_g_n.md:312,HuongDanChanDoanVaDieuTriMotSoBenhLyHuyetHoc_B_n_r_t_g_n.md,312,872,". - Gan hoặc lách có thể to nhưng ít khi to nhiều. - Biểu hiện ban đầu ngoài hạch hiếm gặp. Nếu có thì vị trí hay gặp là: Phổi, gan, xương và tủy xương. - Một vài hội chứng cận u hiếm gặp nhưng khá đặc hiệu như: Đau do rượu (đau xương hoặc ở vị trí hạch xảy ra sau vài phút sử dụng rượu dù với lượng nhỏ); tổn thương da (Mày đay, hồng ban, nốt ban đỏ, vết loét...); hội chứng thận hư do sự giải phóng các lymphokine như IL-3. - Bệnh lan tràn đầu tiên là các hạch kế cận (theo đường bạch huyết đặc biệt là ống ngực), sau đó là các cơ quan khác như lách, tủy xương. Ở giai đoạn muộn của bệnh, thường xuất hiện các biểu hiện chèn ép, xâm lấn của tổ chức lympho, u trung thất như: Hội chứng trung thất, chèn ép tĩnh mạch chủ trên, tràn dịch màng phổi...; có thể xuất hiện thiếu máu, nhiễm khuẩn hoặc xuất huyết. ngoctlv.kcb_Truong Le Van Ngoc_04/07/2022 08:49:53",{}
HuongDanChanDoanVaDieuTriMotSoBenhLyHuyetHoc_B_n_r_t_g_n.md:313,HuongDanChanDoanVaDieuTriMotSoBenhLyHuyetHoc_B_n_r_t_g_n.md,313,714,"b. Cận lâm sàng - Hạch đồ: Hạch tăng sinh, đa hình thái, ngoài dòng lympho còn gặp nhiều bạch cầu đoạn trung tính, bạch cầu đoạn ưa acid, tế bào plasmo, đại thực bào, tế bào xơ. Trong trường hợp điển hình có gặp tế bào Reed-Sternberg. - Mô bệnh học, hóa mô miễn dịch (hoặc đếm tế bào dòng chảy) hạch hoặc khối u thấy đảo lộn cáu trúc và dấu ấn tế bào Sternberg là tiêu chuẩn vàng chẩn đoán bệnh. - Xét nghiệm khác: + Tổng phân tích tế bào máu ngoại vi: Có thể có dấu hiệu thiếu máu. Một số người bệnh tăng bạch cầu trung tính, bạch cầu ưa acid; Số lượng tiểu cầu bình thường; + Tốc độ máu lắng và protein C phản ứng thường tăng; + LDH tăng trong khoảng 30% trường hợp, có thể tăng calci và giảm albumin",{}
HuongDanChanDoanVaDieuTriMotSoBenhLyHuyetHoc_B_n_r_t_g_n.md:314,HuongDanChanDoanVaDieuTriMotSoBenhLyHuyetHoc_B_n_r_t_g_n.md,314,543,". Beta 2 microglobulin thường tăng; + Các phương pháp chẩn đoán hình ảnh như siêu âm, X-quang, CT, MRI, PET, PET-CT giúp phát hiện hạch sâu, vị trí di căn khác và theo dõi sau điều trị; + Tủy đồ, sinh thiết tủy xương và nhuộm hóa mô miễn dịch giúp phát hiện u lympho xâm lấn tủy; + Xét nghiệm dấu ấn EBV trên mảnh sinh thiết hạch/tổ chức lympho bằng nhiều phương pháp: Hóa mô miễn dịch EBV màng (LMP1, LMP2), EBV kháng nguyên nhân (EBNA1; FISH RNA nhân của EBV (EBER); + Xét nghiệm di truyền có thể thấy đột biến gen như: TP53, PDL1, PDL2..",{}
HuongDanChanDoanVaDieuTriMotSoBenhLyHuyetHoc_B_n_r_t_g_n.md:315,HuongDanChanDoanVaDieuTriMotSoBenhLyHuyetHoc_B_n_r_t_g_n.md,315,726,". + Một số đột biến khác có thế phát hiện bằng kỹ thuật di truyền sinh học phân tử như: TP53, PDL1, PDL2...; + Xét nghiệm virus EBV, CMV IgG, IgM và đo tải lượng EBV, CMV để xác định nguyên nhân gây bệnh (mẫu máu); + Xét nghiệm virus: HBV, HCV, HIV với bệnh nhân vào viện lần đầu, trước can thiệp thủ thuật, truyền máu nhiều lần và trước điều trị các trường hợp phải dùng thuốc ảnh hưởng đến hệ miễn dịch như kháng CD20,…; + Xét nghiệm: Anti-HBc và anti-HBs nếu trường hợp HBsAg âm tính để có kế hoạch dự phòng thuốc kháng virus trước khi điều trị thuốc ức chế miễn dịch và hóa chất tránh virus tái hoạt động. 2.2. Chẩn đoán thể bệnh: WHO (2016) bổ sung thêm thể bệnh ngoctlv.kcb_Truong Le Van Ngoc_04/07/2022 08:49:53",{}
HuongDanChanDoanVaDieuTriMotSoBenhLyHuyetHoc_B_n_r_t_g_n.md:316,HuongDanChanDoanVaDieuTriMotSoBenhLyHuyetHoc_B_n_r_t_g_n.md,316,868,"Bảng 27. Chẩn đoán thể bệnh theo Tổ chức y tế thế giới - WHO (năm 2016) dựa vào mô bệnh học Thể bệnh Đặc điểm Cổ điển Giàu tế bào lympho Dạng nốt hoặc lan tỏa. Trên nền nhiều lympho bào (chủ yếu lympho B), rải rác tế bào Reed-Sternberg. Nghèo tế bào lympho Dạng sợi võng trông giống như sarcoma nhưng chứa nhiều tế bào R-S/ tế bào Hodgkin và nhiều dạng đa hình khác. Dạng xơ hóa lan tỏa chứa ít tế bào R-S/ tế bào Hodgkin nằm trên nền nghèo tế bào, bắt màu acid, dương tính với PAS. Hỗn hợp tế bào Nhiều tế bào Reed-Sternberg điển hình, tế bào dạng Hodgkin trên nền. Nền gồm nhiều lympho bào T, bạch cầu ưa acid, trung tính, tương bào và mô bào. Mô bào có thể tạo thành viêm hạt thưa. Xơ nốt Xơ phát triển chia cắt nhu mô hạch thành nhiều nốt, có nhiều tế bào Reed-Sternberg, tế bào dạng Hodgkin và biến thể dạng tế bào khuyết, có thể thấy hoại tử trung tâm",{}
HuongDanChanDoanVaDieuTriMotSoBenhLyHuyetHoc_B_n_r_t_g_n.md:317,HuongDanChanDoanVaDieuTriMotSoBenhLyHuyetHoc_B_n_r_t_g_n.md,317,636,". Xơ nốt Xơ phát triển chia cắt nhu mô hạch thành nhiều nốt, có nhiều tế bào Reed-Sternberg, tế bào dạng Hodgkin và biến thể dạng tế bào khuyết, có thể thấy hoại tử trung tâm. Mới Dạng nốt, ưu thế tế bào lympho Gặp chủ yếu biến thể dạng lympho-histocytic - có nhân chia thùy (tế bào L-H, tế bào bỏng ngô). Tế bào nền chủ yếu lymphocyte T nhỏ và mô bào. Không có bạch cầu trung tính hoặc ưa acid. Hiếm gặp tương bào. Có thể gặp xơ hóa. 2.3. Chẩn đoán giai đoạn Cho đến nay, chẩn đoán giai đoạn của u lympho Hodgkin vẫn dựa theo các tiêu chuẩn của Ann Arbor, năm 1971 (bảng 28). Bảng 28. Chẩn đoán giai đoạn của u lympho Hodgkin",{}
HuongDanChanDoanVaDieuTriMotSoBenhLyHuyetHoc_B_n_r_t_g_n.md:318,HuongDanChanDoanVaDieuTriMotSoBenhLyHuyetHoc_B_n_r_t_g_n.md,318,730,"Giai đoạn Biểu hiện I Tổn thương một vùng hạch hoặc một vị trí ngoài hạch (IE). II Tổn thương hai vùng hạch trở lên trên cùng một phía cơ hoành. Có thể bao gồm cả lách (IIS), vị trí ngoài hạch (IIE) hoặc cả hai (IIES) nhưng vẫn nằm một phía cơ hoành. III Tổn thương nằm hai phía cơ hoành. Có thể tổn thương ở lách (IIIS), hoặc vị trí ngoài hạch (IIIE), hoặc cả hai (IIIES). IV Tổn thương lan tỏa rải rác nhiều tạng hoặc mô ngoài hạch (như: Tủy xương, gan, phổi…), có kèm hoặc không kèm tổn thương hạch. - B là khi có biểu hiện: Sốt, ra mồ hôi đêm, sút cân trên 10% trọng lượng cơ thể trong 6 tháng. - A là khi không có các triệu chứng trên. 2.4. Chẩn đoán phân biệt ngoctlv.kcb_Truong Le Van Ngoc_04/07/2022 08:49:53",{}
HuongDanChanDoanVaDieuTriMotSoBenhLyHuyetHoc_B_n_r_t_g_n.md:319,HuongDanChanDoanVaDieuTriMotSoBenhLyHuyetHoc_B_n_r_t_g_n.md,319,802,"- U lympho không Hodgkin: Trên hạch đồ và sinh thiết hạch có hình ảnh đồng nhất về mặt hình thái, không tìm thấy tế bào Reed-Sternberg hoặc các biến thể. - Hạch tăng sinh phản ứng: Hạch to, thường đau. Hạch diễn biến cấp nhưng lành tính và trở lại bình thường sau khi khỏi bệnh chính. - Hạch lao: Thường gặp chuỗi hạch dọc cơ ức đòn chũm, không đau, diễn biến mềm dần, vỡ và chảy ra chất bã đậu. Xét nghiệm hạch thấy tổn thương đặc hiệu: tế bào bán liên, tế bào khổng lồ Langerhans, chất hoại tử bã đậu. - Ung thư di căn hạch: Xét nghiệm tế bào và mô bệnh học hạch thấy tế bào ung thư: kích thước lớn, nhân to, mịn, thường có nhiều hạt nhân, nguyên sinh chất rộng, đôi khi có hốc chế tiết, thường đứng thành đám. Đa số trường hợp có thể phát hiện được cơ quan ung thư nguyên phát. 3. ĐIỀU TRỊ 3.1",{}
HuongDanChanDoanVaDieuTriMotSoBenhLyHuyetHoc_B_n_r_t_g_n.md:320,HuongDanChanDoanVaDieuTriMotSoBenhLyHuyetHoc_B_n_r_t_g_n.md,320,754,". Đa số trường hợp có thể phát hiện được cơ quan ung thư nguyên phát. 3. ĐIỀU TRỊ 3.1. Điều trị với trường hợp mới chẩn đoán - Đa hóa trị liệu: Lựa chọn phác đồ hàng đầu dựa trên giai đoạn bệnh, có hoặc không có khối trung thất, số lượng vị trí tổn thường (hạch và ngoài hạch, máu lắng). Các phác đồ có thể là: ABVD, BEACOPP esc (escalated), Stanford V, MOPP, Brentuximab vedotin (theo NCCN - National Comprehensive Cancer Network, 1.2020). - Trường hợp u lympho Hodgkin dạng nốt, ưu thế lymphocyte: Sử dụng phác đồ CHOP, ABVD, EPOCH, CVP kết hợp Rituximab. - Xạ trị: + Kết hợp với hóa chất trong trường hợp giai đoạn I, II và đặc biệt khi có khối u; + Xạ trị đơn độc: Ít dùng. Không sử dụng với u lympho Hodgkin dạng nốt, ưu thế lymphocyte. 3.2",{}
HuongDanChanDoanVaDieuTriMotSoBenhLyHuyetHoc_B_n_r_t_g_n.md:321,HuongDanChanDoanVaDieuTriMotSoBenhLyHuyetHoc_B_n_r_t_g_n.md,321,841,". Không sử dụng với u lympho Hodgkin dạng nốt, ưu thế lymphocyte. 3.2. Với trường hợp không lui bệnh hoặc tái phát - Đánh giá lui bệnh hoặc tái phát dựa trên: Lâm sàng (hạch to, hội chứng B) và thang điểm Deauville trên PET/ CT, PET (theo NCCN - National Comprehensive Cancer Network, 1.2020). - Phải sinh thiết hạch làm lại chẩn đoán. - Sử dụng phác đồ đa hóa trị hàng hai như: + Brentuximab vedotin; + Brentuximab vedotin + Bendamustin; + Bendamustin + carboplastin + etoposid; + C-MOPP (cyclophosphamid, vincristin, procarbazine, prednisone); + DHAP (dexamethasone, cisplatin, high-dose cytarabine); + ESHAP (etoposide, methylprednisonlone, high-dose cytarabine, cisplatin); + GCD (gemcitabine, carboplastin, dexamethasone); + GVD (gemcitabine, vinorelbine, liposomal doxorubicin); ngoctlv.kcb_Truong Le Van Ngoc_04/07/2022 08:49:53",{}
HuongDanChanDoanVaDieuTriMotSoBenhLyHuyetHoc_B_n_r_t_g_n.md:322,HuongDanChanDoanVaDieuTriMotSoBenhLyHuyetHoc_B_n_r_t_g_n.md,322,707,"+ GEMOX (gemcitabine, Oxaliplatin); + ICE (ifosfamid, carboplastin, etoposid); + IGEV (ifosfamid, gemcitabine, vinorelbine); + MINE (etoposide, ifosfamid, mesna, mitoxantrone); + Kết hợp với một số thuốc như: bendamustine, everolimus, lenalidomide, pembrolizumab. Với u lympho Hodgkin dạng nốt, ưu thế lymphocyte tái phát, dùng Rituximab kết hợp với các phác đồ hàng 2. - Cân nhắc điều trị bằng phương pháp ghép tế bào gốc tạo máu. 3.3. Phác đồ cụ thể của đa hóa trị liệu hàng đầu - ABVD

Ngày Liều Đường dung Ngày Doxorubicin 25mg/m2 Truyền TM 1, 14 hoặc 15 Bleomycin 10mg/m2 Truyền TM 1, 14 hoặc 15 Vinblastin 6mg/m2 Truyền TM 1, 14 hoặc 15 Dacarbazine 375mg/m2 Truyền TM 1, 14 hoặc 15 - BEACOPP",{}
HuongDanChanDoanVaDieuTriMotSoBenhLyHuyetHoc_B_n_r_t_g_n.md:323,HuongDanChanDoanVaDieuTriMotSoBenhLyHuyetHoc_B_n_r_t_g_n.md,323,854,"Thuốc Liều Đường dùng Ngày Cyclophosphamid 650mg/ m2 Truyền TM Doxorubicin 25mg/m2 Truyền TM Etoposide 100mg/m2 Truyền TM 1→3 Procarbazine 100mg/m2 Uống 1→7 Methylprednisolone 40mg/m2 Uống/ TM 1→14 Vincristine 1,4mg/m2 Truyền TM Bleomycin 10mg/m2 Truyền TM - Stanford V

Thuốc Liều Đường dùng Ngày 1 trong các tuần Doxorubicin 25mg/m2 Truyền TM Tuần 1,3,5,7,9,11. Vinblastin 6mg/m2 Truyền TM Tuần 1,3,5,7,9,11. Nitrogen mustard 6mg/m2 Truyền TM Tuần 1,5,9 Vincristine 1,4mg/m2 Truyền TM Tuần 2,4,6,8,10,12 Bleomycin 5mg/m2 Truyền TM Tuần 2,4,6,8,10,12 Etoposide 60mg/m2 Truyền TM Tuần 3, 7,11 Methylprednisolone 40mg/m2 Uống/ TM Hàng ngày liên tục trong 12 tuần ngoctlv.kcb_Truong Le Van Ngoc_04/07/2022 08:49:53

+ Vinblastin giảm xuống 4 mg/m2 trong mũi thứ 2, 3 và 1 mg/m2 trong tuần 10- 12; + Methylprednisolone giảm liều dần trong 12 tuần. - MOPP",{}
HuongDanChanDoanVaDieuTriMotSoBenhLyHuyetHoc_B_n_r_t_g_n.md:324,HuongDanChanDoanVaDieuTriMotSoBenhLyHuyetHoc_B_n_r_t_g_n.md,324,829,"Thuốc Liều Đường dùng Ngày Nitrogen mustard 6mg/m2 Truyền TM 1,8 Vincristine 1.4mg/m2 Truyền TM 1,8 Procarbazin 100mg/m2 Uống 1→14 Methylprednisolone 40mg/m2 Uống/ TM 1→14, chỉ ở chu kỳ 1 và 4. Chú ý: - Với các phác đồ ABVD, BEACOPP, MOPP sử dụng 4-6 đợt. Trong đó: 3 đợt đầu có thể dùng cách nhau từ 14-21 ngày; 3 đợt tiếp theo cách nhau 21-28 ngày; Thời gian cách bao nhiêu phụ thuộc vào lâm sàng (hạch, toàn trạng…) và xét nghiệm về chức năng gan, thận, tim mạch và đặc biệt là tủy sinh máu. - Phác đồ Stanford V sử dụng 3 đợt vào ngày đầu tiên của mỗi tuần. - Trì hoãn điều trị khi máu ngoại vi có số lượng bạch cầu đoạn trung tính < 1 G/L hoặc số lượng tiểu cầu < 100G/L. - Các phác đồ CHOP, EPOCH, CVP kết hợp Rituximab (tham khảo bài u lympho không Hodgkin). 3.4. Phác đồ cụ thể của đa hóa trị liệu hàng hai - GCD",{}
HuongDanChanDoanVaDieuTriMotSoBenhLyHuyetHoc_B_n_r_t_g_n.md:325,HuongDanChanDoanVaDieuTriMotSoBenhLyHuyetHoc_B_n_r_t_g_n.md,325,797,"Thuốc Liều Đường dùng Ngày Gemcitabine 1000 mg/m2 Truyền TM 1,8 Carboplatin AUC 5 Truyền TM Dexamethasone 40 mg/ngày uống 1→4 Chu kỳ 21 ngày, sử dụng 4 chu kỳ - GVD

Thuốc Liều Đường dùng Ngày Gemcitabine 1000 mg/m2 Truyền TM 1,8 Vinorelbine 20 mg/m2 Truyền TM 1,8 Doxorubicin liposomal 15 mg/m2 Truyền TM 1,8 Chu kỳ 21 ngày, 2-6 chu kỳ. - IGEV ngoctlv.kcb_Truong Le Van Ngoc_04/07/2022 08:49:53

Thuốc Liều Đường dùng Ngày Gemcitabine 800 mg/m2 Truyền TM 1,4 Ifosfamide 2000 mg/m2 Truyền TM trong 2h 14 Vinorelbine 25 mg/m2 Truyền TM Prednisolone 100 mg/ngày Uống 14 Thuốc hỗ trợ: + 2 lít NaCl 0,9%/ ngày, ngày 1-4; + Mesna (Mesnex) 2.600 mg/m2, truyền TM, ngày 1-4; + Filgrastim (Neupogen): Có thể 5 mcg/kg, TDD 1 lần/ngày, ngày 7-12. Chu kỳ 21 ngày, sử dụng 4 chu kỳ. - Brentuximab Vedotin",{}
HuongDanChanDoanVaDieuTriMotSoBenhLyHuyetHoc_B_n_r_t_g_n.md:326,HuongDanChanDoanVaDieuTriMotSoBenhLyHuyetHoc_B_n_r_t_g_n.md,326,734,"Thuốc Liều Đường dùng Ngày Brentuximab 1,8 mg/kg Truyền TM trong 30 phút Chu kỳ 21 ngày, tiếp tục điều trị cho đến tối đa 16 chu kỳ, bệnh tiến triển hoặc không chịu được độc tố của thuốc. - Pembrolizumab

Thuốc Liều Đường dùng Ngày Pembrolizumab 200mg/ngày Truyền TM Chu kỳ 21 ngày, cho đến 24 tháng hoặc bệnh tiến triển, không chịu được độc tố của thuốc. - Bendamustine

Thuốc Liều Đường dùng Ngày Bendamustin 120mg/m2 Truyền TM 1,2 Chu kỳ 28 ngày, sử dụng 6 chu kỳ - Lenalidomide

Thuốc Liều Đường dùng Ngày Lenalidomide 25mg/ngày Uống 1 21 Chu kỳ 28 ngày - Everolimus

Thuốc Liều Đường dùng Ngày Everolimus 10mg/ngày Uống Hàng ngày 3.5. Trường hợp người già (≥ 60 tuổi) ngoctlv.kcb_Truong Le Van Ngoc_04/07/2022 08:49:53",{}
HuongDanChanDoanVaDieuTriMotSoBenhLyHuyetHoc_B_n_r_t_g_n.md:327,HuongDanChanDoanVaDieuTriMotSoBenhLyHuyetHoc_B_n_r_t_g_n.md,327,875,"Thuốc Liều Đường dùng Ngày Everolimus 10mg/ngày Uống Hàng ngày 3.5. Trường hợp người già (≥ 60 tuổi) ngoctlv.kcb_Truong Le Van Ngoc_04/07/2022 08:49:53

Phác đồ điều trị cụ thể phụ thuộc vào từng bệnh nhân, đặc biệt là các biểu hiện toàn thân và bệnh lý kèm theo. - Các phác đồ đa hóa trị có thể sử dụng như: ABVD/ AVD, CHOP, VEPEMB (vinblastine, cyclophosphamide, prednisolone, procarbazine, etoposide, mitoxantrone, bleomycine); PVAG (prednisolone,vinblastine, doxorubincin, gemcitabine). - Có thể kết hợp với xạ trị. - Trường hợp không lui bệnh hoặc tái phát, cân nhắc phác đồ hàng hai tùy theo cá thể. Có thể cân nhắc điều trị giảm nhẹ với các thuốc như: bendamustine, brentuximab. Phác đồ cụ thể: - PVAG

Thuốc Liều Đường dùng Ngày Prednisolone 40 mg/ngày Uống/ TM 1-5 Vinblastin 6 mg/m2 Truyền TM Doxorubicin 50 mg/m2 Truyền TM Gemcitabin 1.000 mg/ngày Truyền TM",{}
HuongDanChanDoanVaDieuTriMotSoBenhLyHuyetHoc_B_n_r_t_g_n.md:328,HuongDanChanDoanVaDieuTriMotSoBenhLyHuyetHoc_B_n_r_t_g_n.md,328,875,"4. XÉT NGHIỆM ĐÁNH GIÁ TRƯỚC VÀ TRONG QUÁ TRÌNH ĐIỀU TRỊ 4.1. Đánh giá trước điều trị Ngoài các xét nghiệm để chẩn đoán bệnh đã nêu ở trên, cần làm các xét nghiệm để đánh giá toàn trạng bệnh nhân trước điều trị, bao gồm: - Sinh hóa máu: Chức năng gan, thận, đường máu, điện giải đồ, protein, albumin, fe huyết thanh, ferritin. - Đông máu cơ bản vòng 1: Fibrinogen, PT, APTT, TT, D-Dimer. Nếu có bất thường làm các xét nghiệm chuyên sâu. - Tổng phân tích nước tiểu, tế bào nước tiểu. - Định nhóm hệ ABO, Rh bệnh nhân vào viện lần đầu và khi bệnh nhân có chỉ định truyền máu. - HBsAg, HCV Ab, HIV Ab, HBc Ab với bệnh nhân vào viện lần đầu và khi bệnh nhân có truyền máu nhiều lần. - EBV, CMV (IgG, IgM). Đo tải lượng EBV, CMV - Điện tâm đồ, siêu âm tim với bệnh nhân có chỉ định điều trị hóa chất. 4.2. Theo dõi trong điều trị - Tổng phân tích tế bào máu 2 lần/ tuần",{}
HuongDanChanDoanVaDieuTriMotSoBenhLyHuyetHoc_B_n_r_t_g_n.md:329,HuongDanChanDoanVaDieuTriMotSoBenhLyHuyetHoc_B_n_r_t_g_n.md,329,219,". Đo tải lượng EBV, CMV - Điện tâm đồ, siêu âm tim với bệnh nhân có chỉ định điều trị hóa chất. 4.2. Theo dõi trong điều trị - Tổng phân tích tế bào máu 2 lần/ tuần. ngoctlv.kcb_Truong Le Van Ngoc_04/07/2022 08:49:53",{}
HuongDanChanDoanVaDieuTriMotSoBenhLyHuyetHoc_B_n_r_t_g_n.md:330,HuongDanChanDoanVaDieuTriMotSoBenhLyHuyetHoc_B_n_r_t_g_n.md,330,880,"- Sinh hóa máu: Chức năng gan, thận, điện giải đồ 1 lần/ tuần. - Đông máu cơ bản 1 lần/ tuần. - Làm huyết tủy đồ, sinh thiết tủy xương sau mỗi 3 chu kì điều trị hóa chất nếu có xâm lấn tuỷ xương hoặc u lympho thể tuỷ. - Đánh giá đáp ứng sau 2-3 đợt điều trị bằng chẩn đoán hình ảnh: CT-scan, MRI, PET-CT. 4.3. Theo dõi sau điều trị - Các trường hợp đặc biệt như: Hạch to, sốt, gầy sút cân… phải tái khám ngay. - Tái khám: 3 tháng/ lần trong 2 năm đầu. Sau đó, 6 tháng/ lần trong 3 năm tiếp và theo dõi hàng năm. - Với mỗi lần tái khám: + Khám lâm sàng: Chú ý các triệu chứng lâm sàng, hạch to, hội chứng B; + Xét nghiệm: Tổng phân tích tế bào máu ngoại vi, sinh hóa máu (bao gồm LDH, chức năng gan, thận), máu lắng; Chức năng tuyến giáp nếu có xạ trị vùng trước đó. CT bụng ngực, MRI hoặc PET, PET/CT mỗi 6 tháng trong 2 năm đầu hoặc khi nghi ngờ bệnh tái phát/tiến triển",{}
HuongDanChanDoanVaDieuTriMotSoBenhLyHuyetHoc_B_n_r_t_g_n.md:331,HuongDanChanDoanVaDieuTriMotSoBenhLyHuyetHoc_B_n_r_t_g_n.md,331,184,". CT bụng ngực, MRI hoặc PET, PET/CT mỗi 6 tháng trong 2 năm đầu hoặc khi nghi ngờ bệnh tái phát/tiến triển. Làm lại sinh thiết khi xuất hiện hạch to trở lại hoặc có tổn thương mới.",{}
HuongDanChanDoanVaDieuTriMotSoBenhLyHuyetHoc_B_n_r_t_g_n.md:332,HuongDanChanDoanVaDieuTriMotSoBenhLyHuyetHoc_B_n_r_t_g_n.md,332,853,"1. Đỗ Trung Phấn (2008), “U lympho ác tính”, Tế bào gốc và bệnh lý tế bào gốc tạo máu, Nhà xuất bản y học, Tr 358-374. 2. Nguyễn Anh Trí (2004), “Điều trị bệnh Hodgkin”, Điều trị các bệnh ác tính cơ quan tao máu, Nhà xuất bản y học. Tr 15-21. 3. Hodgkin lymphoma - NCCN guidelines version 1.2020. 4. WHO classification of tumours of haematopoietic and lymphoid tissues 2008. 5. “Neoplasic lymphoid diseases”, William hematology 8th - 2010, chapter 99. 6. Jonathan Sive and David Linch (2011), “Hodgkin lymphoma”, Postgraduate hematology, 6th ed, chapter 34. 7. Richard S.Stein, David S. Morgan (2009), “Hodgkin Lymphoma”, Wintrobes clinical hematology 12th editition, 2313-2343. 8. Volker Diehl, Beate Klimm (2008), “Hodgkin lymphoma: Clinical manifestations, staging and therapy”, Hoffman: Hematology: Basic Principles and Practice, 5th ed, chapter 77",{}
HuongDanChanDoanVaDieuTriMotSoBenhLyHuyetHoc_B_n_r_t_g_n.md:333,HuongDanChanDoanVaDieuTriMotSoBenhLyHuyetHoc_B_n_r_t_g_n.md,333,227,". 8. Volker Diehl, Beate Klimm (2008), “Hodgkin lymphoma: Clinical manifestations, staging and therapy”, Hoffman: Hematology: Basic Principles and Practice, 5th ed, chapter 77. ngoctlv.kcb_Truong Le Van Ngoc_04/07/2022 08:49:53",{}
HuongDanChanDoanVaDieuTriMotSoBenhLyHuyetHoc_B_n_r_t_g_n.md:334,HuongDanChanDoanVaDieuTriMotSoBenhLyHuyetHoc_B_n_r_t_g_n.md,334,26,30. U LYMPHO KHÔNG HODGKIN,{}
HuongDanChanDoanVaDieuTriMotSoBenhLyHuyetHoc_B_n_r_t_g_n.md:335,HuongDanChanDoanVaDieuTriMotSoBenhLyHuyetHoc_B_n_r_t_g_n.md,335,858,"1. ĐẠI CƯƠNG U lympho không Hodgkin chiếm khoảng 70-80% bệnh u lympho-là nhóm bệnh ác tính của mô lympho, có thể biểu hiện tại hạch hoặc ngoài hạch. Nguyên nhân sinh bệnh chưa được chứng minh một cách rõ ràng. Cho đến nay, người ta chỉ đưa ra các giả thuyết: yếu tố nhiễm khuẩn: HIV, EBV, HTLV-1, HHV8…; yếu tố miễn dịch: Suy giảm miễn dịch bẩm sinh hay mắc phải HIV/AIDS, sau ghép tạng…; bệnh lý tự miễn; môi trường: Thuốc trừ sâu, dioxin, phóng xạ… 2. CHẨN ĐOÁN 2.1. Chẩn đoán xác định a. Lâm sàng - 60-100% người bệnh có hạch to, số lượng nhiều và không đau; thường gặp hạch ở vùng cổ, hố thượng đòn, nách, bẹn, có thể gặp hạch trung thất, hạch ổ bụng. - Tổn thương ngoài hạch tiên phát nghĩa là u xuất hiện đầu tiên, thậm chí là duy nhất ở ngoài các hạch lympho, chiếm khoảng 40% như: Dạ dày, amydal, hốc mắt, da... - Lách thường to độ I/II",{}
HuongDanChanDoanVaDieuTriMotSoBenhLyHuyetHoc_B_n_r_t_g_n.md:336,HuongDanChanDoanVaDieuTriMotSoBenhLyHuyetHoc_B_n_r_t_g_n.md,336,631,". - Lách thường to độ I/II. Tuy nhiên, trong u lympho thể lách hoặc giai đoạn muộn của bệnh, lách có thể to độ III/IV. - Gan to ít gặp hơn và thường kèm theo hạch to và/ hoặc lách to. - Khoảng < 25% trường hợp có triệu chứng “B” gồm: Sốt, ra mồ hôi đêm, sút cân trên 10% trọng lượng cơ thể trong 6 tháng không giải thích được nguyên nhân. - Có thể thiếu máu do xâm lấn tủy xương, tan máu tự miễn, cường lách hoặc hiếm hơn là do hiện tượng thực bào tế bào máu. - Giai đoạn muộn, thường có biểu hiện chèn ép, xâm lấn của mô lympho như: Hội chứng trung thất; liệt do chèn ép tủy sống; lồi mắt; tắc ruột nếu u ống tiêu hóa… b",{}
HuongDanChanDoanVaDieuTriMotSoBenhLyHuyetHoc_B_n_r_t_g_n.md:337,HuongDanChanDoanVaDieuTriMotSoBenhLyHuyetHoc_B_n_r_t_g_n.md,337,727,". - Giai đoạn muộn, thường có biểu hiện chèn ép, xâm lấn của mô lympho như: Hội chứng trung thất; liệt do chèn ép tủy sống; lồi mắt; tắc ruột nếu u ống tiêu hóa… b. Cận lâm sàng - Tế bào hạch: tăng sinh, khá đồng nhất, chủ yếu là lymphoblast hoặc prolymphocyte: Kích thước to, nhân lớn (có thể có hạt nhân, nhân chẻ, nhân chia, nhân quái), nguyên sinh chất hẹp, không tạo đám; ít gặp bạch cầu đoạn trung tính, bạch cầu đoạn ưa acid, tế bào plasmo, đại thực bào, tế bào xơ. - Mô bệnh học hạch hoặc khối u, kết hợp xét nghiệm miễn dịch (hóa mô miễn dịch hoặc đếm tế bào dòng chảy) và di truyền học là tiêu chuẩn vàng giúp chẩn đoán bệnh. - Xét nghiệm và thăm dò khác: ngoctlv.kcb_Truong Le Van Ngoc_04/07/2022 08:49:53",{}
HuongDanChanDoanVaDieuTriMotSoBenhLyHuyetHoc_B_n_r_t_g_n.md:338,HuongDanChanDoanVaDieuTriMotSoBenhLyHuyetHoc_B_n_r_t_g_n.md,338,478,"+ Tế bào máu ngoại vi (huyết đồ) có thể gặp giảm lượng huyết sắc tố, giảm số lượng tiểu cầu, số lượng bạch cầu có thể tăng hoặc giảm; + LDH tăng trong khoảng 30% trường hợp; tăng calci máu. Chức năng gan thận có thể có biểu hiện rối loạn. β2-microglobulin thường tăng. Định lượng các globulin miễn dịch có thể thay đổi (tùy từng trường hợp); + Các phương pháp hình ảnh: Siêu âm, X-quang, CT, MRI..., đặc biệt là PET, PET- CT giúp phát hiện các hạch sâu ở trung thất, ổ bụng..",{}
HuongDanChanDoanVaDieuTriMotSoBenhLyHuyetHoc_B_n_r_t_g_n.md:339,HuongDanChanDoanVaDieuTriMotSoBenhLyHuyetHoc_B_n_r_t_g_n.md,339,897,". các vị trí di căn khác và theo dõi sau điều trị; + Tủy đồ, sinh thiết tủy xương (có thể làm tại 2 vị trí) và nhuộm hóa mô miễn dịch có thể phát hiện u lympho xâm lấn tủy; + Xét nghiệm vi sinh có thể phát hiện Helicobacter Pylori trong ULKH tại dạ dày; + Xét nghiệm di truyền-sinh học phân tử: Tùy từng loại u lympho không Hodgkin; + Xét nghiệm điện di miễn dịch protein huyết thanh tùy loại u lympho Hodgkin; + Xét nghiệm vi khuẩn Helicobacter Pylori trong ULKH tại dạ dày; + Xét nghiệm virus EBV, CMV IgG, IgM và đo tải lượng EBV, CMV để xác định nguyên nhân gây bệnh; + Xét nghiệm virus: HBV, HCV, HIV với bệnh nhân vào viện lần đầu, trước can thiệp thủ thuật, truyền máu nhiều lần và trước điều trị các trường hợp phải dùng thuốc ảnh hưởng đến hệ miễn dịch như kháng CD20,…; + Xét nghiệm: Anti-HBc và anti-HBs nếu trường hợp HBsAg âm tính để có kế hoạch dự phòng thuốc kháng virus trước khi",{}
HuongDanChanDoanVaDieuTriMotSoBenhLyHuyetHoc_B_n_r_t_g_n.md:340,HuongDanChanDoanVaDieuTriMotSoBenhLyHuyetHoc_B_n_r_t_g_n.md,340,247,"phải dùng thuốc ảnh hưởng đến hệ miễn dịch như kháng CD20,…; + Xét nghiệm: Anti-HBc và anti-HBs nếu trường hợp HBsAg âm tính để có kế hoạch dự phòng thuốc kháng virus trước khi điều trị thuốc ức chế miễn dịch và hóa chất tránh virus tái hoạt động",{}
HuongDanChanDoanVaDieuTriMotSoBenhLyHuyetHoc_B_n_r_t_g_n.md:341,HuongDanChanDoanVaDieuTriMotSoBenhLyHuyetHoc_B_n_r_t_g_n.md,341,311,". 2.2. Chẩn đoán thể bệnh a. Xếp loại u lympho không Hodgkin theo Tổ chức y tế thế giới (WHO 2016) Dựa trên ứng dụng miễn dịch và di truyền học, Tổ chức y tế thế giới (WHO) đã đưa ra hệ thống xếp loại u lympho không Hodgkin mới năm 2016 (Xem bảng 29). Bảng 29. Xếp loại u lympho không Hodgkin theo WHO (2016)",{}
HuongDanChanDoanVaDieuTriMotSoBenhLyHuyetHoc_B_n_r_t_g_n.md:342,HuongDanChanDoanVaDieuTriMotSoBenhLyHuyetHoc_B_n_r_t_g_n.md,342,334,"Tế bào B Tế bào T U lympho/Lơ xê mi tiền B, không phân loại. U lympho/Lơ xê mi tiền B với bất thường di truyền đặc thù U lympho/Lơ xê mi lymphoblast tiền T U lympho/Lơ xê mi lymphoblast NK Tế bào B trưởng thành Lơ xê mi lympho kinh / u lympho tế bào nhỏ Tế bào T/NK trưởng thành ngoctlv.kcb_Truong Le Van Ngoc_04/07/2022 08:49:53",{}
HuongDanChanDoanVaDieuTriMotSoBenhLyHuyetHoc_B_n_r_t_g_n.md:343,HuongDanChanDoanVaDieuTriMotSoBenhLyHuyetHoc_B_n_r_t_g_n.md,343,872,"Tế bào B Tế bào T U lympho của tổ chức lympho niêm mạc U lympho tế bào T, EBV+ hệ thống ở trẻ (MALT) em U lympho vùng rìa tại hạch Lơ xê mi/ U lympho tế bào T người lớn U lympho vùng rìa tại lách U lympho tế bào T/NK ngoài hạch, thể Lơ xê mi/u lympho tại lách, không đặc hiệu. mũi U lympho tế bào áo nang U lympho tế bào T liên quan đến bệnh lý U lympho thể nang đường ruột U lympho thể nang type trẻ em U lympho tế bào T biểu mô đơn hình thái U lympho dạng lymphoplasmatic ở ruột U lympho trung tâm nang ở da tiên phát. U lympho tế bào T ở ruột không phân loại U lympho tế bào B lớn lan tỏa (DLBCL), U lympho tế bào T thể gan lách. không đặc hiệu U lympho tế bào T dạng panniculitis dưới U lympho tế bào B lớn với tái sắp xếp IRF4 da U lympho tế bào B lớn giàu tế bào T/mô bào Mycois fungoides DLBCL tiên phát ở thần kinh trung ương. DLBCL tiên phát ở da, thể chân",{}
HuongDanChanDoanVaDieuTriMotSoBenhLyHuyetHoc_B_n_r_t_g_n.md:344,HuongDanChanDoanVaDieuTriMotSoBenhLyHuyetHoc_B_n_r_t_g_n.md,344,865,". DLBCL tiên phát ở da, thể chân. Sérazy syndrome U lympho tế bào T gamma/delta ở da tiên DLBCL EBV dương tính, không đặc hiệu phát DLBCL liên quan đến viêm mãn tính. U lympho tế bào T ngoại vi, không đặc U lympho tế bào B lớn ở trung thất tiên phát. hiệu U lympho tế bào B lớn nội mạch U lympho lympho T nguyên bào miễn U lympho tế bào B lớn ALK+ dịch mạch U lympho lan tỏa tiên phát U lympho tế bào lớn kém biệt hóa, ALK- U lympho nguyên tương bào U lympho tế bào lớn kém biệt hóa, ALK+ Rối loạn tăng sinh lympho liên quan HHV8 U lympho tế bào T dạng nang U lympho thể Burkitt U lympho tế bào T ngoại vi tại hạch với U lympho thể Burkitt với đột biến 11q dạng tế bào T hỗ trợ nang U lympho B tiến triển U lympho tế bào lớn kém biệt hóa ALK- U lympho tế bào B không phân loại, với đặc liên quan cấy ghép ngực trưng trung gian DLBCL và bệnh Hodgkin cổ điển 2.3",{}
HuongDanChanDoanVaDieuTriMotSoBenhLyHuyetHoc_B_n_r_t_g_n.md:345,HuongDanChanDoanVaDieuTriMotSoBenhLyHuyetHoc_B_n_r_t_g_n.md,345,173,". Chẩn đoán giai đoạn - Cho đến nay, chẩn đoán giai đoạn chủ yếu vẫn dựa theo các tiêu chuẩn của Ann Arbor (năm 1971). ngoctlv.kcb_Truong Le Van Ngoc_04/07/2022 08:49:53",{}
HuongDanChanDoanVaDieuTriMotSoBenhLyHuyetHoc_B_n_r_t_g_n.md:346,HuongDanChanDoanVaDieuTriMotSoBenhLyHuyetHoc_B_n_r_t_g_n.md,346,666,"Giai đoạn Biểu hiện I Tổn thương một vùng hạch hoặc một vị trí ngoài hạch (IE). II Tổn thương hai vùng hạch trở lên trên cùng một phía cơ hoành. Có thể bao gồm cả lách (IIS), vị trí ngoài hạch (IIE) hoặc cả hai (IIES) nhưng vẫn nằm một phía cơ hoành. III Tổn thương nằm hai phía cơ hoành. Có thể tổn thương ở lách (IIIS), hoặc vị trí ngoài hạch (IIIE), hoặc cả hai (IIIES). IV Tổn thương lan tỏa rải rác nhiều tạng hoặc mô ngoài hạch (như: Tủy xương, gan, phổi…), có kèm hoặc không kèm tổn thương hạch. - B là khi có biểu hiện triệu chứng “B”: Sốt, ra mồ hôi đêm, sút cân trên 10% trọng lượng cơ thể trong 6 tháng. - A là khi không có các triệu chứng trên",{}
HuongDanChanDoanVaDieuTriMotSoBenhLyHuyetHoc_B_n_r_t_g_n.md:347,HuongDanChanDoanVaDieuTriMotSoBenhLyHuyetHoc_B_n_r_t_g_n.md,347,825,". - B là khi có biểu hiện triệu chứng “B”: Sốt, ra mồ hôi đêm, sút cân trên 10% trọng lượng cơ thể trong 6 tháng. - A là khi không có các triệu chứng trên. - Một số thể có chẩn đoán giai đoạn riêng như: + ULKH ở đường tiêu hóa theo xếp loại của Lugano; + ULKH tế bào lớn kém biệt hóa liên quan cấy ghép ngực theo xếp loại TNM (NCCN 1.2020); + Mycois fungoides, Sérazy syndrome theo xếp loại TNMB (NCCN 1.2020). 2.4. Chẩn đoán phân biệt - U lympho Hodgkin: Trên hạch đồ và sinh thiết hạch tìm thấy tế bào Reed- Sternberg hoặc các biến thể. - Hạch tăng sinh phản ứng: Hạch to, thường đau, ở gần nơi tổn thương. Hạch to diễn biến cấp nhưng lành tính và trở lại bình thường sau khi khỏi bệnh chính. - Hạch lao: Thường gặp hạch dọc cơ ức đòn chũm, thành chuỗi, không đau, nếu kéo dài thường vỡ và chất bã đậu chảy ra ngoài",{}
HuongDanChanDoanVaDieuTriMotSoBenhLyHuyetHoc_B_n_r_t_g_n.md:348,HuongDanChanDoanVaDieuTriMotSoBenhLyHuyetHoc_B_n_r_t_g_n.md,348,779,". - Hạch lao: Thường gặp hạch dọc cơ ức đòn chũm, thành chuỗi, không đau, nếu kéo dài thường vỡ và chất bã đậu chảy ra ngoài. Hạch đồ và sinh thiết hạch thường thấy tổn thương gồm: Tế bào bán liên, tế bào khổng lồ Langerhans, chất hoại tử bã đậu. - Hạch ung thư di căn: Trên hạch đồ và sinh thiết hạch thường thấy các tế bào ung thư: kích thước lớn, nhân to, mịn, thường có nhiều hạt nhân, nguyên sinh chất rộng, đôi khi có hốc chế tiết, thường đứng thành đám. Đa số trường hợp phát hiện được cơ quan ung thư nguyên phát. 3. ĐIỀU TRỊ. 3.1. Điều trị với từng thể bệnh a. U lympho thể nang Lựa chọn điều trị tùy thuộc vào tuổi, giai đoạn bệnh, tiên lượng bệnh và lựa chọn điều trị tiếp theo như có hoặc không có ghép tủy. ngoctlv.kcb_Truong Le Van Ngoc_04/07/2022 08:49:53",{}
HuongDanChanDoanVaDieuTriMotSoBenhLyHuyetHoc_B_n_r_t_g_n.md:349,HuongDanChanDoanVaDieuTriMotSoBenhLyHuyetHoc_B_n_r_t_g_n.md,349,857,"Trường hợp mới chẩn đoán: + Theo dõi sát bệnh nhân: khi không có chỉ định hóa trị; + Xạ trị: Giai đoạn I, II không có khối u hoặc kết hợp hóa trị ở giai đoạn I,II kèm có khối u; + Hóa trị: Chỉ định điều trị khi có 1 trong các tiêu chuẩn GELF-1998:  Có hạch hoặc tổn thương ngoài hạch có kích thước > 7cm;  Có ít nhất 3 hạch với mỗi hạch có kích thước > 3cm;  Có hội chứng B;  Lách to;  Tràn dịch lan tỏa hoặc tràn dịch màng bụng;  Giảm tế bào máu (BC < 1 G/L, và/hoặc TC <100 G/L). Các phác đồ hóa trị: - Lựa chọn hàng đầu: + Bendamustine + Rituximab; + Bendamustine + Obinutuzumab; + R-CHOP (Rituximab, cyclophosphamide, doxorubicine, vincristine, prednisone); + CHOP + Obinutuzumab; + R-CVP (Rituximab, cyclophosphamide, vincristine, prednisone); + CVP + Obinutuzumab; + Rituximab 375mg/m2 hàng tuần, trong 4 tuần; + Lenalidomide + Rituximab",{}
HuongDanChanDoanVaDieuTriMotSoBenhLyHuyetHoc_B_n_r_t_g_n.md:350,HuongDanChanDoanVaDieuTriMotSoBenhLyHuyetHoc_B_n_r_t_g_n.md,350,679,". - Lựa chọn hàng đầu cho người già (> 60 tuổi) hoặc thể trạng yếu: + Rituximab 375mg/m2 hàng tuần, trong 4 tuần; + Tác nhân alkyl hóa như: Chlorambucil, cyclophosphamide + Rituximab; + Phương pháp miễn dịch phóng xạ. Trường hợp không lui bệnh, tái phát: - Đánh giá lui bệnh hoặc tái phát dựa trên: Lâm sàng (hạch to, hội chứng B) và thang điểm Lugano trên PET/CT, PET (theo NCCN - National Comprehensive Cancer Network, 1.2020). - Phải sinh thiết hạch làm lại chẩn đoán. - Sử dụng phác đồ đa hóa trị hàng hai như: + Lenalidomide + Rituximab; + Bendamustine + Obinutuzumab; hoặc Rituximab; + Phương pháp miễn dịch phóng xạ; ngoctlv.kcb_Truong Le Van Ngoc_04/07/2022 08:49:53",{}
HuongDanChanDoanVaDieuTriMotSoBenhLyHuyetHoc_B_n_r_t_g_n.md:351,HuongDanChanDoanVaDieuTriMotSoBenhLyHuyetHoc_B_n_r_t_g_n.md,351,884,"+ Copanlisib; + RFND (Rituximab, Fludarabine, Mitoxantrone, dexamethasone). Ghi chú: + Cân nhắc ghép tế bào gốc tạo máu; + Trường hợp chuyển dạng u lympho khác thì sử dụng phác đồ theo thể bệnh; + Điều trị bổ trợ và chăm sóc. Điều trị duy trì: - Rituximab 375mg/m2, 8 tuần/lần, tổng 12 lần. - Obinutuzumab 1.000mg, 8 tuần/lần, tổng 12 lần. - Nếu điều trị khởi đầu bằng Rituximab đơn thuần thì duy trì Rituximab 375mg/m2, 8 tuần/lần, tổng 12 lần. - Miễn dịch phóng xạ. b. U lympho vùng rìa Lựa chọn điều trị tùy thuộc vào tuổi, giai đoạn bệnh, tiên lượng bệnh và lựa chọn điều trị tiếp theo như có hoặc không có ghép tế bào gốc tạo máu. Trường hợp mới chẩn đoán - Theo dõi sát bệnh nhân: Khi không có chỉ định hóa trị. - Hóa trị: Chỉ định điều trị khi có 1 trong các dấu hiệu, triệu chứng đe dọa chức năng các cơ quan, giảm các dòng tế bào máu ngoại vi, có khối u, bệnh tiến triển",{}
HuongDanChanDoanVaDieuTriMotSoBenhLyHuyetHoc_B_n_r_t_g_n.md:352,HuongDanChanDoanVaDieuTriMotSoBenhLyHuyetHoc_B_n_r_t_g_n.md,352,629,". - Hóa trị: Chỉ định điều trị khi có 1 trong các dấu hiệu, triệu chứng đe dọa chức năng các cơ quan, giảm các dòng tế bào máu ngoại vi, có khối u, bệnh tiến triển. + Lựa chọn hàng đầu:  Bendamustine + Rituximab;  R-CHOP (Rituximab, cyclophosphamide, doxorubicine, vincristine, prednisone);  R-CVP (Rituximab, cyclophosphamide, vincristine, prednisone);  Rituximab 375mg/m2 hàng tuần, trong 4 tuần. + Lựa chọn hàng đầu cho người già (> 60 tuổi) hoặc thể trạng yếu:  Rituximab 375mg/m2 hàng tuần, trong 4 tuần;  Tác nhân alkyl hóa như: chlorambucil, cyclophosphamide + Rituximab. - Xạ trị: Đơn thuần hoặc kết hợp hóa trị",{}
HuongDanChanDoanVaDieuTriMotSoBenhLyHuyetHoc_B_n_r_t_g_n.md:353,HuongDanChanDoanVaDieuTriMotSoBenhLyHuyetHoc_B_n_r_t_g_n.md,353,371,". - Xạ trị: Đơn thuần hoặc kết hợp hóa trị. - Một số phương pháp điều trị khác: + Cắt dạ dày khi có chảy máu cấp tính; + Phẫu thuật cắt khi ULKH thể MALT khu trú ở cơ quan xác định như: phổi, tuyến giáp, tuyến vú...; + Điều trị kháng sinh diệt Helicobacter Pylori nếu dương tính; + Cắt lách với ULKH vùng rìa tại lách; ngoctlv.kcb_Truong Le Van Ngoc_04/07/2022 08:49:53",{}
HuongDanChanDoanVaDieuTriMotSoBenhLyHuyetHoc_B_n_r_t_g_n.md:354,HuongDanChanDoanVaDieuTriMotSoBenhLyHuyetHoc_B_n_r_t_g_n.md,354,871,"+ Điều trị viêm gan C nếu có chỉ định trước khi điều trị hóa chất. - Trường hợp không lui bệnh, tái phát: + Đánh giá lui bệnh hoặc tái phát dựa trên: Lâm sàng (hạch to, hội chứng B) và thang điểm Lugano trên PET/CT, PET (theo NCCN - National Comprehensive Cancer Network, 1.2020); + Phải sinh thiết hạch làm lại chẩn đoán; + Sử dụng phác đồ đa hóa trị hàng hai như:  Lenalidomide + Rituximab;  Bendamustine + Obinutuzumab;  RFND (Rituximab, Fludarabine, Mitoxantrone, dexamethasone);  Ibrutinib;  Fludarabine + Rituximab. + Cân nhắc ghép tế bào gốc tạo máu; + Trường hợp chuyển dạng thì sử dụng phác đồ theo thể bệnh; + Điều trị bổ trợ và chăm sóc. - Điều trị duy trì: + Rituximab 375mg/m2, 8 tuần/lần, tổng 12 lần; + Obinutuzumab 1000mg, 8 tuần/lần, tổng 12 lần; + Nếu điều trị khởi đầu bằng Rituximab đơn thuần thì duy trì liều 375mg/m2, 8 tuần/lần x 12 lần. c",{}
HuongDanChanDoanVaDieuTriMotSoBenhLyHuyetHoc_B_n_r_t_g_n.md:355,HuongDanChanDoanVaDieuTriMotSoBenhLyHuyetHoc_B_n_r_t_g_n.md,355,724,". c. U lympho tế bào áo nang Lựa chọn điều trị tùy thuộc vào giai đoạn bệnh, tuổi và lựa chọn điều trị tiếp theo có hoặc không có ghép tế bào gốc tạo máu. Trường hợp mới chẩn đoán: - Hóa trị: Điều trị cảm ứng. + Phác đồ tấn công:  CALGB: Đợt 1, 2, 2.5: Rituximab + Methotrexate + CHOP (điều trị đợt 2.5 kết quả sinh thiết tủy xương trước đợt 3 có xâm lấn > 15% tế bào u lympho); Đợt 3: Etoposide, Cytarabine, Rituximab; Đợt 4: duy trì Rituximab;  Hyper CVAD + Rituximab;  NORDIC;  R-DHAP: Rituximab, Cytarabine, cisplastin, dexamethasone;  R-CHOP/R-DHAP luân phiên;  R-CHOP/RICE (Rituximab, ifosfamide, carboplastin, etoposide) liên tiếp. + Phác đồ ít tấn công hơn: ngoctlv.kcb_Truong Le Van Ngoc_04/07/2022 08:49:53",{}
HuongDanChanDoanVaDieuTriMotSoBenhLyHuyetHoc_B_n_r_t_g_n.md:356,HuongDanChanDoanVaDieuTriMotSoBenhLyHuyetHoc_B_n_r_t_g_n.md,356,880," Bendamustin + Rituximab;  VR-CAP (Bortezomib, Rtuximab, Cyclophosphmid, Doxorubicin, Prednisone);  R-CHOP;  Lenalidomide + Rituximab;  Rituximab + Ibrutinib. Trường hợp không lui bệnh hoặc tái phát: - Đánh giá lui bệnh hoặc tái phát dựa trên: Lâm sàng (hạch to, hội chứng B) và thang điểm Lugano trên PET/CT, PET (theo NCCN - National Comprehensive Cancer Network, 1.2020). - Phải sinh thiết hạch làm lại chẩn đoán. - Hóa trị: Sử dụng phác đồ đa hóa trị hàng hai như: + Acalabrutinib; + Bendamustine + Rituximab; + Bendamustine + Rituximab + Bortezomib; + Rituximab + Bortezomib; + FC (Fludarabine, Cyclophosphamid) + Rituximab; + Ibrutinib; + Ibrutinib + Lenalidomide + Rituximab; + Lenalidomide + Rituximab; + PEPC (Prednisone, Etoposide, Procarbazine, Cyclophosphamide) + Rituximab; - Ghép tế bào gốc tạo máu. - Trường hợp chuyển dạng thì sử dụng phác đồ theo thể bệnh",{}
HuongDanChanDoanVaDieuTriMotSoBenhLyHuyetHoc_B_n_r_t_g_n.md:357,HuongDanChanDoanVaDieuTriMotSoBenhLyHuyetHoc_B_n_r_t_g_n.md,357,583,". - Trường hợp chuyển dạng thì sử dụng phác đồ theo thể bệnh. - Điều trị bổ trợ và chăm sóc. Điều trị duy trì: Rituximab 375mg/m2, 8 tuần/lần x 12 lần. d. U lympho tế bào B lớn Lựa chọn phác đồ điều trị tùy thuộc vào thể bệnh, giai đoạn bệnh, tuổi, tiên lượng bệnh theo IPI và lựa chọn điều trị tiếp theo như ghép tế bào gốc tạo máu. Trường hợp mới chẩn đoán - Hóa trị: + Phác đồ đa hóa trị liệu hàng đầu như:  R-CHOP (chu kỳ 14 hoặc 21);  R-EPOCH (Rituximab, Etoposide, Prednisone, Vincristine, Cyclophosphamide, Doxorubicine). ngoctlv.kcb_Truong Le Van Ngoc_04/07/2022 08:49:53",{}
HuongDanChanDoanVaDieuTriMotSoBenhLyHuyetHoc_B_n_r_t_g_n.md:358,HuongDanChanDoanVaDieuTriMotSoBenhLyHuyetHoc_B_n_r_t_g_n.md,358,809,"+ Phác đồ đa hóa trị với trường hợp có suy tim, bệnh lý tim mạch:  R-CEPP (Rituximab, Etoposide, Prednisone, Procarbazine, Cyclophosphamide);  R-CDOP (Rituximab, Prednisone, Vincristine, Cyclophosphamide, Liposomal Doxorubicine);  DA-EPOCH-R (Rituximab, Etoposide, Prednisone, Vincristine, Cyclophosphamide, Doxorubicine);  R-CROP (Rituximab, Etoposide, Prednisone, Vincristine, Cyclophosphamide);  R-GCVP (Rituximab, Gemcitabine, Prednisone, Vincristine, Cyclophosphamide). + Phác đồ đa hóa trị với trường hợp ULKH tế bào B tiến triển (Double hit, tripble hit):  DA-EPOCH-R;  R-Hyper-CVAD;  R-CODOX-M/R-IVAC (Rituximab, Cyclophosphamide, Vincristine, Doxorubicine, methotrexat/ Ifosfamide, Etoposide, cytarabine). + Phác đồ đa hóa trị cho bệnh nhân > 80 tuổi.  R-mini-CHOP;  R-GCVP;  Lenalidimide",{}
HuongDanChanDoanVaDieuTriMotSoBenhLyHuyetHoc_B_n_r_t_g_n.md:359,HuongDanChanDoanVaDieuTriMotSoBenhLyHuyetHoc_B_n_r_t_g_n.md,359,450,". + Phác đồ đa hóa trị cho bệnh nhân > 80 tuổi.  R-mini-CHOP;  R-GCVP;  Lenalidimide. - Xạ trị có thể sử dụng kết hợp hóa trị với giai đoạn I, II hoặc xạ trị vùng khi tổn thương khu trú. Trường hợp không lui bệnh hoặc tái phát: - Đánh giá lui bệnh hoặc tái phát dựa trên: Lâm sàng (hạch to, hội chứng B) và thang điểm Lugano trên PET/CT, PET (theo NCCN - National Comprehensive Cancer Network, 1.2020). - Phải sinh thiết hạch làm lại chẩn đoán",{}
HuongDanChanDoanVaDieuTriMotSoBenhLyHuyetHoc_B_n_r_t_g_n.md:360,HuongDanChanDoanVaDieuTriMotSoBenhLyHuyetHoc_B_n_r_t_g_n.md,360,575,". - Phải sinh thiết hạch làm lại chẩn đoán. - Hóa trị: + Sử dụng phác đồ đa hóa trị hàng hai với trường hợp có chỉ định ghép tế bào gốc tạo máu:  DHAP (Dexamethasone, Cisplastin, Cytarabine) + Rituximab;  ESHAP (Etoposide, Methylprednisone, Cytarabine, Cisplastin) + Rituximab;  GDP (Gemcitabine, Dexamethasone, Cisplastin/Carboplastin) + Rituximab;  GemOx (Gemcitabine, Oxaliplatin) + Rituximab;  ICE (Ifosfamide, Carboplastin, Etoposide) + Rituximab;  MINE (Mesna, Ifosfamide, Mitoxantrone, Etoposide) + Rituximab. ngoctlv.kcb_Truong Le Van Ngoc_04/07/2022 08:49:53",{}
HuongDanChanDoanVaDieuTriMotSoBenhLyHuyetHoc_B_n_r_t_g_n.md:361,HuongDanChanDoanVaDieuTriMotSoBenhLyHuyetHoc_B_n_r_t_g_n.md,361,870,"+ Sử dụng phác đồ đa hóa trị hàng hai với trường hợp không có chỉ định ghép tế bào gốc tạo máu:  Bendamustine + Rituximab;  Brentuximab với trường hợp có CD30+;  CEPP (Cyclophosphamide, Etoposide, Vincristine, Procarbazine)+ Rituximab;  CEOP (Cyclophosphamide, Etoposide, Vincristine, Prednisone)+ Rituximab;  DA-EPOCH + Rituximab;  GDP (Gemcitabine, Dexamethasone, Carboplatin) + Rituximab;  GVD (Gemcitabine, vinorelbine + Dexamethasone) + Rituximab;  Lenalidomide + Rituximab. - Ghép tế bào gốc tạo máu nếu có chỉ định. - Sử dụng tế bào lympho T chứa thụ thể kháng nguyên dạng dạng khảm (CAR - T cell therapy): Axicabtagene ciloleucel. - Điều trị bổ trợ và chăm sóc. đ. Burkitt lymphoma (u lympho Burkitt) Lựa chọn điều trị tùy thuộc vào thể bệnh, giai đoạn bệnh, tuổi, tiên lượng bệnh theo IPI và lựa chọn điều trị tiếp theo như có hoặc không có ghép tủy",{}
HuongDanChanDoanVaDieuTriMotSoBenhLyHuyetHoc_B_n_r_t_g_n.md:362,HuongDanChanDoanVaDieuTriMotSoBenhLyHuyetHoc_B_n_r_t_g_n.md,362,849,". Trường hợp mới chẩn đoán - Hóa trị: Phác đồ đa hóa trị liệu hàng đầu. + CALGB 10002; + CODOX-M (Cyclophosphamide, Doxorubicin, Vincristine) tiếp sau đó Methotrexate liều cao) + Rituximab. Với nhóm nguy cơ cao, CODOX-M kế tiếp IVAC (Ifosfamide, Cytarabine, Doxorubicin); + EPOCH + Rituximab; + Hyper-CVAD, kế tiếp bằng Methotrexat liều cao và Cytarabine + Rituximab. Trường hợp không lui bệnh hoặc tái phát - Đánh giá lui bệnh hoặc tái phát dựa trên: Lâm sàng (hạch to, hội chứng B) và thang điểm Lugano trên PET/CT, PET (theo NCCN - National Comprehensive Cancer Network, 1.2020). - Phải sinh thiết hạch làm lại chẩn đoán. - Phác đồ đa hóa trị liệu hàng hai: + EPOCH + Rituximab; + R-ICE (Rituximab, Ifosfamide, Carboplastin, Etoposide); + R-IVAC (Rituximab, Ifosfamide, Cytarabin, Etoposide); ngoctlv.kcb_Truong Le Van Ngoc_04/07/2022 08:49:53",{}
HuongDanChanDoanVaDieuTriMotSoBenhLyHuyetHoc_B_n_r_t_g_n.md:363,HuongDanChanDoanVaDieuTriMotSoBenhLyHuyetHoc_B_n_r_t_g_n.md,363,801,"+ R-GDP (Rituximab, Gemcitabine, Dexamethasone, Cisplastin); + Cytarabine liều cao + Rituximab. - Ghép tế bào gốc tạo máu. - Điều trị bổ trợ và chăm sóc. e. U lympho nguyên tương bào (lymphoplasmacytic lymphoma) Điều trị ban đầu - Nhóm thuốc không độc với TBG gồm: + Bortezomib ± Rituximab; + Bortezomib/Dexamethasone; + Bortezomib/Dexamethasone/Rituximab; + R - CHOP; + Ibrutinib; + Rituximab; + Rituximab/ cyclophosphamide/ prednisone (Dexamethasone); + Thalidomide ± Rituximab. - Nhóm thuốc độc với TBG và có thể làm chuyển dạng: + Bendamustin ± Rituximab; + Chlorambucin; + Fludarabin ± Rituximab; + Fludarabin/ Cyclophosphamide/ Rituximab. - Ghép tế bào gốc tạo máu: Được chỉ định trong những trường hợp thích hợp: + Hóa chất liều cao và ghép tế bào gốc tạo máu; + Ghép tế bào gốc đồng loài. f",{}
HuongDanChanDoanVaDieuTriMotSoBenhLyHuyetHoc_B_n_r_t_g_n.md:364,HuongDanChanDoanVaDieuTriMotSoBenhLyHuyetHoc_B_n_r_t_g_n.md,364,651,". - Ghép tế bào gốc tạo máu: Được chỉ định trong những trường hợp thích hợp: + Hóa chất liều cao và ghép tế bào gốc tạo máu; + Ghép tế bào gốc đồng loài. f. U lympho tế bào T Lựa chọn điều trị tùy thuộc vào thể bệnh, giai đoạn bệnh, tuổi, tiên lượng bệnh theo IPI, PIT (với u lympho tế bào T ngoại vi) và lựa chọn điều trị tiếp theo như có hoặc không có ghép tủy. Trường hợp mới chẩn đoán - Hóa trị: Phác đồ đa hóa trị liệu hàng đầu. + CHOP; + CHOP-E; + Dose-adjusted EPOCH; + CHOP, sau đó là IVE (Ifosfamide, Etoposide, Epirubicin); + Hyper-CVAD. - Xạ trị. Trường hợp tái phát hoặc không lui bệnh ngoctlv.kcb_Truong Le Van Ngoc_04/07/2022 08:49:53",{}
HuongDanChanDoanVaDieuTriMotSoBenhLyHuyetHoc_B_n_r_t_g_n.md:365,HuongDanChanDoanVaDieuTriMotSoBenhLyHuyetHoc_B_n_r_t_g_n.md,365,496,"- Đánh giá lui bệnh hoặc tái phát dựa trên: Lâm sàng (hạch to, hội chứng B) và thang điểm Lugano trên PET/CT, PET (theo NCCN - National Comprehensive Cancer Network, 1.2020). - Phải sinh thiết hạch làm lại chẩn đoán. - Phác đồ đa hóa trị liệu hàng hai với trường hợp có chỉ định ghép tế bào gốc tạo máu.

gốc:

+ Brentuximab với trường hợp có CD30+; + Pralatrexate; + DHAP; + ESHAP; + GDP; + GemOx; + ICE. + GVD - Phác đồ đa hóa trị liệu hàng hai với trường hợp không có chỉ định ghép tế bào",{}
HuongDanChanDoanVaDieuTriMotSoBenhLyHuyetHoc_B_n_r_t_g_n.md:366,HuongDanChanDoanVaDieuTriMotSoBenhLyHuyetHoc_B_n_r_t_g_n.md,366,574,"+ Brentuximab với trường hợp có CD30+; + Pralatrexate; + Bendamustine; + Bortezomib; + Lenalidomide; - Xạ trị. - Ghép tế bào gốc tạo máu. - Điều trị bổ trợ và chăm sóc. g. Mycosis Fungoides, Hội chứng Sezary - Điều trị trực tiếp trên da: Steroids, PUVA, nb-UVB hoặc mechlorethamine, xạ trị tại chỗ liều khuyến cáo 20-24 Gy. - Điều trị hệ thống: + Retinoid; + Interferon (alpha, gama); + Methotrexate; + Brentuximab Vedotin; + Gemcitabin; + Liposomal doxorubicin; + Pralatrexate liều thấp hoặc liều chuẩn; + Chlorambucin; ngoctlv.kcb_Truong Le Van Ngoc_04/07/2022 08:49:53",{}
HuongDanChanDoanVaDieuTriMotSoBenhLyHuyetHoc_B_n_r_t_g_n.md:367,HuongDanChanDoanVaDieuTriMotSoBenhLyHuyetHoc_B_n_r_t_g_n.md,367,831,"+ Cyclophosphamide; + Pembrolizumab; + Bortezomib. - Điều trị kết hợp ở da và điều trị hệ thống. h. U lympho tế bào T/NK hốc mũi - Các phác đồ hóa chất kết hợp: + Modified - SMILE trong 4 - 6 chu kỳ trong giai đoạn tiến triển; + VIPD (Etoposide, Ifosfamide, Cisplatin, Dexamethasone). - Điều trị đồng thời xạ trị và hóa trị liệu: + Xạ trị 50 Gy và 3 chu kỳ DeVIC (Dexamethasone, Etoposide, Ifosfamide, Carboplatin); + Xạ trị 40 - 52.8 Gy và 3 chu kỳ VIPD (Etoposide, Ifosfamide, Cisplatin, Dexamethasone). - Điều trị hóa trị và xạ trị nối tiếp: Trong giai đoạn I, II điều trị 2 - 4 đợt Modified- SMILE sau đó xạ trị 45-50,4 Gy. - Điều trị hóa trị và xạ trị xen kẽ: P-GEMOX 2 chu kỳ sau đó xạ trị 56Gy sau đó lại điều trị P-GEMOX 2-4 chu kỳ. - Chỉ điều trị bằng xạ trị. - Ghép tế bào gốc tạo máu. 3.2. Một số trường hợp đặc biệt a",{}
HuongDanChanDoanVaDieuTriMotSoBenhLyHuyetHoc_B_n_r_t_g_n.md:368,HuongDanChanDoanVaDieuTriMotSoBenhLyHuyetHoc_B_n_r_t_g_n.md,368,427,". - Chỉ điều trị bằng xạ trị. - Ghép tế bào gốc tạo máu. 3.2. Một số trường hợp đặc biệt a. Điều trị u lympho thần kinh trung ương nguyên phát - Không dùng phác đồ CHOP. - Sử dụng Methotrexate liều cao đơn trị liệu hoặc kết hợp cùng Cytarabin hoặc Temozolomide, hoặc với procarbazin và Vincristin. Liều Methotrexate 3,5 - 8g/m2. Nếu CD 20 (+), kết hợp cùng Rituximab 2 tuần/chu kỳ x 6- 8 chu kỳ. - Có thể kết hợp xạ trị. b",{}
HuongDanChanDoanVaDieuTriMotSoBenhLyHuyetHoc_B_n_r_t_g_n.md:369,HuongDanChanDoanVaDieuTriMotSoBenhLyHuyetHoc_B_n_r_t_g_n.md,369,840,". Liều Methotrexate 3,5 - 8g/m2. Nếu CD 20 (+), kết hợp cùng Rituximab 2 tuần/chu kỳ x 6- 8 chu kỳ. - Có thể kết hợp xạ trị. b. Điều trị hoặc dự phòng thâm nhiễm thần kinh trung ương - Các thể bệnh cần dự phòng thâm nhiễm thần kinh trung ương: U lympho tế bào B lớn lan tỏa (tại các vị trí: Mắt, thận và thượng thận, vùng sọ và mặt, bệnh nhân có gây tê ngoài màng cứng, u lympho tại tinh hoàn, vú); double hit; tripple hit; u lympho tế bào B lớn lan tỏa có điểm CNS - IPI cao, u lympho có liên quan với nhiễm HIV; u lympho tế bào B tại trung thất nguyên phát; u lympho tế bào áo nang, u lympho Burkit, anaplastic large cell lymphoma, lymphoblastic lymphoma... - Các thuốc sử dụng trong điều trị dự phòng thâm nhiễm thần kinh trung ương: Tiêm tủy sống dự phòng hoặc truyền tĩnh mạch Methotrexate, liều ≥ 3g/m2, truyền TM trong 4 - 6h. c",{}
HuongDanChanDoanVaDieuTriMotSoBenhLyHuyetHoc_B_n_r_t_g_n.md:370,HuongDanChanDoanVaDieuTriMotSoBenhLyHuyetHoc_B_n_r_t_g_n.md,370,280,". - Các thuốc sử dụng trong điều trị dự phòng thâm nhiễm thần kinh trung ương: Tiêm tủy sống dự phòng hoặc truyền tĩnh mạch Methotrexate, liều ≥ 3g/m2, truyền TM trong 4 - 6h. c. U lympho không Hodgkin trên người bệnh HIV/AIDS ngoctlv.kcb_Truong Le Van Ngoc_04/07/2022 08:49:53",{}
HuongDanChanDoanVaDieuTriMotSoBenhLyHuyetHoc_B_n_r_t_g_n.md:371,HuongDanChanDoanVaDieuTriMotSoBenhLyHuyetHoc_B_n_r_t_g_n.md,371,669,"Sử dụng phác đồ hóa trị liệu tương tự kèm G-CSF, tiêm thuốc nội tủy. Nếu CD20(+), có thể dùng rituximab (trừ khi CD4 < 100/μl). 3.3. Các phác đồ cụ thể - CHOP

Thuốc Liều Đường dùng Ngày Cyclophosphamid 750mg/m2 da Truyền tĩnh mạch Doxorubicin 50mg/m2 da Truyền/tiêm tĩnh mạch Vincristin 1,4mg/m2 da (max 2mg) Tiêm/truyền tĩnh mạch Methylprednisolone 45mg/m2 da Uống/ TM 1→5 Có thể kết hợp với tiêm tủy sống: Methotrexat 12,5 mg, ngày 1 (khi có thâm nhiễm thần kinh trung ương). - CVP

Thuốc Liều Đường dùng Ngày Cyclophosphamid 750mg/m2 da Truyền tĩnh mạch Vincristin 1,4mg/m2 da (Max 2mg) Tiêm/truyền tĩnh mạch Methylprednisolone 45mg/m2 da Uống/ TM 1-5

- EPOCH",{}
HuongDanChanDoanVaDieuTriMotSoBenhLyHuyetHoc_B_n_r_t_g_n.md:372,HuongDanChanDoanVaDieuTriMotSoBenhLyHuyetHoc_B_n_r_t_g_n.md,372,871,"- EPOCH

Thuốc Liều Đường dùng Ngày Etoposid 50mg/m2 da Truyền tĩnh mạch 1-4 Vincristin 0,4mg/m2 da Tiêm/truyền tĩnh mạch 1-4 Doxorubicin 10mg/m2 da Truyền/tiêm tĩnh mạch 1-4 Cyclophosphamid 750mg/m2 da Truyền tĩnh mạch Methylprednisolone 60mg/m2 da Uống/ TM 1-6 - CHOP-E

Thuốc Liều Đường dùng Ngày Cyclophosphamid 750mg/m2 da Truyền tĩnh mạch Doxorubicin 50mg/m2 da Truyền/tiêm tĩnh mạch Vincristin 1,4mg/m2 da (max 2mg) Tiêm/truyền tĩnh mạch Methylprednisolone 45mg/m2 da Uống/ TM 1-5 Etoposid 100 mg/m2 da Truyền tĩnh mạch 1-3 ngoctlv.kcb_Truong Le Van Ngoc_04/07/2022 08:49:53

- CHOP-Bleo

Thuốc Liều Đường dùng Ngày Cyclophosphamid 750mg/m2 da Truyền tĩnh mạch Doxorubicin 50mg/m2 da Truyền/tiêm tĩnh mạch Vincristin 1,4mg/m2 da (max 2mg) Tiêm/truyền tĩnh mạch 1, 5 Methylprednisolone 45mg/m2 da Uống/ TM 1-5 Bleomycin 10 đơn vị/m2 da Truyền tĩnh mạch 1, 5 - FC",{}
HuongDanChanDoanVaDieuTriMotSoBenhLyHuyetHoc_B_n_r_t_g_n.md:373,HuongDanChanDoanVaDieuTriMotSoBenhLyHuyetHoc_B_n_r_t_g_n.md,373,806,"Thuốc Liều Đường dùng Ngày Fludarabin 25mg/m2 da Truyền tĩnh mạch 1-3 Cyclophosphamid 250 mg/m2 da Truyền tĩnh mạch 1-3 - DHAP

Thuốc Liều Đường dùng Ngày Cisplatin 100mg/m2 da Truyền tĩnh mạch chậm trong 24 giờ Cytarabine 2g/m2 da/12 giờ Truyền tĩnh mạch trong 3 giờ, 2 lần/ngày Dexamethasone 40 mg Uống hoặc truyền tĩnh mạch 1-4 + Nhỏ mắt bằng dexamethasone trước và sau dùng cytarabine liều cao. + Điều trị 3 đợt, mỗi đợt cách nhau 28 ngày. - ESHAP

Thuốc Liều Đường dùng Ngày Cisplatin 25mg/m2 da Truyền tĩnh mạch liên tục 1-4 Etoposid 40mg/m2 da Truyền tĩnh mạch trong 1 giờ 1-4 Cytarabine 2g/m2 da Truyền tĩnh mạch trong 3 giờ + Nhỏ mắt bằng dexamethasone trước và sau khi dùng cytarabine liều cao. + Bổ sung kali và magie trước và sau truyền. + Điều tri 3-6 đợt, mỗi đợt cách nhau 28 ngày. - ICE",{}
HuongDanChanDoanVaDieuTriMotSoBenhLyHuyetHoc_B_n_r_t_g_n.md:374,HuongDanChanDoanVaDieuTriMotSoBenhLyHuyetHoc_B_n_r_t_g_n.md,374,771,"Thuốc Liều Đường dùng Ngày Ifosfamide 5g/m2 da Truyền tĩnh mạch liên tục 24 giờ Etoposid 100mg/m2 da Truyền tĩnh mạch trong 2 giờ 1-3 Carboplatin AUC 5 Truyền tĩnh mạch trong 1 giờ + Điều trị 3 đợt, mỗi đợt cách nhau 14 ngày. + Dùng mesna trước và sau truyền ifosfamid. ngoctlv.kcb_Truong Le Van Ngoc_04/07/2022 08:49:53

- Chlorambucil: 0,1-0,2mg/kg/ngày x 7-14 ngày, chu kỳ 28 ngày. Hoặc 0,4- 0,6mg/kg mỗi 2 tuần có thể kết hợp với prednisolone. - Bendamustin + Rituximab

Thuốc Liều Đường dùng Ngày Bendamustin 90/m2 Truyền TM 1, 2 Rituximab 375mg/m2 Truyền TM Chu kỳ 28 ngày, 6 - 8 chu kỳ. - Lenalidomide + Rituximab Thuốc Liều Đường dùng Ngày Lenalidomide 25mg/ngày Uống 1 - 21 Rituximab 375mg/m2 Truyền TM Chu kỳ 28 ngày, 12 chu kỳ. - Bendamustin + Obinutuzumab",{}
HuongDanChanDoanVaDieuTriMotSoBenhLyHuyetHoc_B_n_r_t_g_n.md:375,HuongDanChanDoanVaDieuTriMotSoBenhLyHuyetHoc_B_n_r_t_g_n.md,375,790,"Thuốc Liều Đường dùng Ngày Bendamustin 90/m2 Truyền TM 1,2 Obinutuzumab 1000 mg/ngày Truyền TM Chu kỳ 1: ngày 1,8,15 Chu kỳ 2- 6: ngày 1 Chu kỳ 28 ngày, 6 chu kỳ. - Bortezomib + Rituximab

Thuốc Liều Đường dùng Ngày Bortezomib 1,6mg/m2 TM 1, 8, 15, 22 Rituximab 375mg/m2 Truyền TM Chu kỳ 1: ngày 1, 8, 15, 22 Chu kỳ 2 và 3: ngày 1 Chu kỳ 35 ngày, sử dụng 3 chu kỳ. - Bortezomib đơn độc

Thuốc Liều Đường dùng Ngày Bortezomib 1,5mg/m2 TM 1, 4, 8, 11 Chu kỳ 28 ngày, 8 chu kỳ. - Bendamustin + Rituximab + Bortezomib

Thuốc Liều Đường dùng Ngày Bendamustin 90/m2 Truyền TM 1,4 Rituximab 375mg/m2 Truyền TM Bortezomib 1,3 mg/m2 Tiêm TM 1,4,8,11 Chu kỳ 28 ngày. ngoctlv.kcb_Truong Le Van Ngoc_04/07/2022 08:49:53

- VR - CAP (Bortezomib, Rituximab, Cyclophosphamide, Doxorubicin, Prednisone)",{}
HuongDanChanDoanVaDieuTriMotSoBenhLyHuyetHoc_B_n_r_t_g_n.md:376,HuongDanChanDoanVaDieuTriMotSoBenhLyHuyetHoc_B_n_r_t_g_n.md,376,755,"- VR - CAP (Bortezomib, Rituximab, Cyclophosphamide, Doxorubicin, Prednisone)

Thuốc Liều Đường dùng Ngày Bortezomib 1,3 mg/m2 Tiêm TM 1, 4, 8, 11 Rituximab 375mg/m2 Truyền TM Cyclophosphamide 750 mg/m2 Truyền TM Doxorubicin 5mg/m2 Truyền TM Prednisone 100mg/ngày Uống/ TM 1-5 Chu kỳ 21 ngày cho đến 8 chu kỳ. - RGCVP

Thuốc Liều dùng Đường dùng Ngày Rituximab 375mg/m2 Truyền TM Gemcitabine Chu kỳ 1: 750mg/m2 Chu kỳ 2: 875mg/m2 Chu kỳ 3 - 6: 1000mg/m2 1, 8 Cyclophosphamide 750 mg/m2 Truyền TM Vincristin 1,4mg/m2 Truyền TM Prednisone 100mg/ngày Uống/ TM 1- 5 Chu kỳ 21 ngày, 6 chu kỳ. - GDP

Thuốc Liều Đường dùng Ngày Gemcitabine 1000 mg/m2 Truyền TM 1,8 Dexamethasone 40 mg/ngày uống 1-4 Cisplatin 75mg/m2 Truyền TM Chu kỳ 21 ngày, 3 chu kỳ. - GVD",{}
HuongDanChanDoanVaDieuTriMotSoBenhLyHuyetHoc_B_n_r_t_g_n.md:377,HuongDanChanDoanVaDieuTriMotSoBenhLyHuyetHoc_B_n_r_t_g_n.md,377,833,"Thuốc Liều Đường dùng Ngày Gemcitabine 1000 mg/m2 Truyền TM 1,8 Dexamethasone 40 mg/ngày uống 1-4 Cisplatin 75mg/m2 Truyền TM Chu kỳ 21 ngày, 3 chu kỳ. - GVD

Thuốc Liều Đường dùng Ngày Gemcitabine 1000 mg/m2 Truyền TM 1, 8 Vinorelbine 20 mg/m2 Truyền TM 1, 8 Doxorubicin liposomal 15 mg/m2 Truyền TM 1, 8 Chu kỳ 21 ngày, 2 -6 chu kỳ. - P - GEMOX

Thuốc Liều Đường dùng Ngày Gemcitabine 1000 mg/m2 Truyền TM 1, 8 Asparaginase 6000 UI/m2 Truyền TM 1-7 Oxaliplatin 130 mg/m2 Truyền TM ngoctlv.kcb_Truong Le Van Ngoc_04/07/2022 08:49:53

Chu kỳ mỗi 3 tuần, ít nhất 2 chu kỳ, sau đó xạ trị. - DeVIC

Thuốc Liều Đường dùng Ngày Dexamethasone 40mg/ngày Truyền TM 1-3 Etoposide 67 - 100 mg/m2 Truyền TM 1-7 Ifosfamide 1000 mg/m2 1500mg/m2 Truyền TM 1-3 Carboplatin 200 mg/m2 300mg/m2 Truyền TM Chu kỳ 21 ngày trong 3 chu kỳ. - AspMetDex",{}
HuongDanChanDoanVaDieuTriMotSoBenhLyHuyetHoc_B_n_r_t_g_n.md:378,HuongDanChanDoanVaDieuTriMotSoBenhLyHuyetHoc_B_n_r_t_g_n.md,378,268,"Thuốc Liều Đường dùng Ngày Asparaginase 6000 UI/m2 Truyền TM 2, 4, 6, 8 Methotrexate 3000 mg/m2 > 70t: 2000mg/m2 Truyền TM Dexamethasone 40 mg/ngày > 70t: 20mg/ngày Truyền TM 1 - 4 Chu kỳ 21 ngày trong 3 chu kỳ. - VIPD (Etoposid, Ifosfamide, Cisplatin, Dexamethasone)",{}
HuongDanChanDoanVaDieuTriMotSoBenhLyHuyetHoc_B_n_r_t_g_n.md:379,HuongDanChanDoanVaDieuTriMotSoBenhLyHuyetHoc_B_n_r_t_g_n.md,379,809,"Thuốc Liều Đường dùng Ngày Dexamethasone 40mg/ngày Truyền TM hoặc uống 1 - 4 Etoposide 100 mg/m2 Truyền TM trong 90 phút 1 - 3 Ifosfamide 1200 mg/m2 Truyền TM trong 60 phút 1 - 3 Cispaltin 33 mg/m2 Truyền TM trong 60 phút 1 - 3 Chu kỳ 21 ngày, sử dụng 3 chu kỳ. Thuốc hỗ trợ: - Mesna 240 mg/m2, truyền TM ngày 1 - 3. - G - CSF khi có giảm bạch cầu trung tính độ 3 hoặc 4. Chú ý: - Các phác đồ gồm CHOP, CVP, EPOCH, CHOP-E, CHOP-Bleo, FC có thể dùng đến 9 đợt. Trong đó: 3 đợt đầu có thể dùng cách nhau từ 14-21 ngày; 3 đợt tiếp theo cách nhau 21-30 ngày; thời gian cách bao nhiêu phụ thuộc vào lâm sàng (hạch, toàn trạng… và xét nghiệm về chức năng gan, thận và đặc biệt là tủy sinh máu). - Trì hoãn điều trị khi máu ngoại vi có số lượng bạch cầu đoạn trung tính < 1 G/L hoặc số lượng tiểu cầu < 100G/L",{}
HuongDanChanDoanVaDieuTriMotSoBenhLyHuyetHoc_B_n_r_t_g_n.md:380,HuongDanChanDoanVaDieuTriMotSoBenhLyHuyetHoc_B_n_r_t_g_n.md,380,245,. - Trì hoãn điều trị khi máu ngoại vi có số lượng bạch cầu đoạn trung tính < 1 G/L hoặc số lượng tiểu cầu < 100G/L. - Đánh giá đáp ứng điều trị (theo NCCN 7.2017) sau 3 đợt để tiếp tục duy trì ngoctlv.kcb_Truong Le Van Ngoc_04/07/2022 08:49:53,{}
HuongDanChanDoanVaDieuTriMotSoBenhLyHuyetHoc_B_n_r_t_g_n.md:381,HuongDanChanDoanVaDieuTriMotSoBenhLyHuyetHoc_B_n_r_t_g_n.md,381,835,"hoặc chuyển phác đồ điều trị. - Rituximab 1.400mg/m2 tiêm dưới da trong 5 phút, bắt đâu từ liệu trình thứ 2, được sử dụng cho các bệnh nhân u lympho không Hodgkin tế bào B/ CD 20 (+). 4. XÉT NGHIỆM ĐÁNH GIÁ TRƯỚC VÀ TRONG QUÁ TRÌNH ĐIỀU TRỊ 4.1. Đánh giá trước điều trị Ngoài các xét nghiệm để chẩn đoán bệnh đã nêu ở trên, cần làm các xét nghiệm để đánh giá toàn trạng bệnh nhân trước điều trị, bao gồm: - Sinh hóa máu: Chức năng gan, thận, đường máu, điện giải đồ, protein, albumin, Fe huyết thanh, ferritin, định lượng các Ig, Free Kappa, Free Lambda đối với u lympho tế bào B. - Đông máu cơ bản vòng 1: Fibrinogen, PT, APTT, TT, D-Dimer, nếu có bất thường làm các xét nghiệm chuyên sâu. - Tổng phân tích nước tiểu, tế bào nước tiểu. - Định nhóm hệ ABO, Rh bệnh nhân vào viện lần đầu và khi bệnh nhân có chỉ định truyền máu",{}
HuongDanChanDoanVaDieuTriMotSoBenhLyHuyetHoc_B_n_r_t_g_n.md:382,HuongDanChanDoanVaDieuTriMotSoBenhLyHuyetHoc_B_n_r_t_g_n.md,382,880,". - Tổng phân tích nước tiểu, tế bào nước tiểu. - Định nhóm hệ ABO, Rh bệnh nhân vào viện lần đầu và khi bệnh nhân có chỉ định truyền máu. - Xét nghiệm virus: HBV, HCV, HIV với bệnh nhân vào viện lần đầu, trước can thiệp thủ thuật, truyền máu nhiều lần và trước điều trị các trường hợp phải dùng thuốc ảnh hưởng đến hệ miễn dịch như kháng CD20,… - Xét nghiệm: Anti-HBc và anti-HBs nếu trường hợp HBsAg âm tính để có kế hoạch dự phòng thuốc kháng virus trước khi điều trị thuốc ức chế miễn dịch và hóa chất tránh virus tái hoạt động. - EBV, CMV (IgG, IgM). Đo tải lượng EBV, CMV - Điện tâm đồ, siêu âm tim với bệnh nhân có chỉ định điều trị hóa chất. - Điện di protein, điện di miễn dịch huyết thanh với các thể bệnh Lymphoplasmacytic lymphoma 4.2. Theo dõi trong điều trị - Tổng phân tích tế bào máu 2 lần/ tuần. - Sinh hóa máu: Chức năng gan, thận, điện giải đồ 1 lần/ tuần",{}
HuongDanChanDoanVaDieuTriMotSoBenhLyHuyetHoc_B_n_r_t_g_n.md:383,HuongDanChanDoanVaDieuTriMotSoBenhLyHuyetHoc_B_n_r_t_g_n.md,383,547,". Theo dõi trong điều trị - Tổng phân tích tế bào máu 2 lần/ tuần. - Sinh hóa máu: Chức năng gan, thận, điện giải đồ 1 lần/ tuần. - Đông máu cơ bản 1 lần/ tuần. - Làm huyết tủy đồ, sinh thiết tủy xương sau mỗi 3 chu kì điều trị hóa chất nếu có xâm lấn tuỷ xương hoặc u lympho thể tuỷ. - Đánh giá đáp ứng sau 2-3 đợt điều trị bằng chẩn đoán hình ảnh: CT-scan, MRI, PET-CT. 4.3. Theo dõi sau điều trị - Khi xuất hiện hạch to, sốt, gầy sút cân… phải tái khám ngay. - Với nhóm tiến triển nhanh: ngoctlv.kcb_Truong Le Van Ngoc_04/07/2022 08:49:53",{}
HuongDanChanDoanVaDieuTriMotSoBenhLyHuyetHoc_B_n_r_t_g_n.md:384,HuongDanChanDoanVaDieuTriMotSoBenhLyHuyetHoc_B_n_r_t_g_n.md,384,695,"+ Tái khám: 1 tháng/lần trong năm đầu, 3 tháng/lần trong năm thứ 2; + Sau đó 6 tháng/lần trong 3 năm tiếp; + Sau đó 1 năm/lần. - Với nhóm tiến triển chậm: + Tái khám: 3 tháng/lần trong năm đầu; + 4 tháng/lần trong năm thứ 2, 6 tháng/lần trong năm thứ 3; + Sau đó 1 năm/lần. - Với mỗi lần tái khám: + Khám lâm sàng: Chú ý các triệu chứng lâm sàng, hạch to, gan to, lách to; + Xét nghiệm: Tổng phân tích tế bào máu, sinh hóa máu (LDH, chức năng gan, thận), chức năng tuyến giáp nếu có xạ trị vùng trước đó; CT bụng ngực hoặc PET, PET/CT mỗi 6 tháng trong 2 năm đầu hoặc khi nghi ngờ bệnh tái phát/tiến triển. Làm lại chẩn đoán trong trường hợp bệnh tái phát, tiến triển không đáp ứng điều trị.",{}
HuongDanChanDoanVaDieuTriMotSoBenhLyHuyetHoc_B_n_r_t_g_n.md:385,HuongDanChanDoanVaDieuTriMotSoBenhLyHuyetHoc_B_n_r_t_g_n.md,385,859,"1. Đỗ Trung Phấn (2008), “U lympho ác tính”, Tế bào gốc và bệnh lý tế bào gốc tạo máu, Nhà xuất bản y học, Tr 358-374. 2. Nguyễn Anh Trí (2004), “Điều trị u lymph ác tính không Hodgkin”, Điều trị các bệnh ác tính cơ quan tạo máu, Nhà xuất bản y học. Tr 22-38. 3. Non Hodgkin lymphoma - NCCN guidelines 2.2020. 4. WHO classification of tumours of haematopoietic and lymphoid tissues 2008. 5. “Neoplasic lymphoid diseases”, William hematology 8th- 2010, chapter 92, 93, 94, 99, 100, 101, 102, 103, 104, 105, 106. 6. John P. Greer, Michael E. Williams (2009),“Non-Hodgkin Lymphoma in Adults”, Wintrobes clinical hematology 12th editition, 2145-2194. 7. John G. Gribben (2009), “Clinical manifestation, staging, and treatment of indolent non Hodgkin lymphoma”, Hoffman: Hematology: Basic Principles and Practice, 5th ed, chapter 79. 8. Kieron Dunleavy, Wyndham H",{}
HuongDanChanDoanVaDieuTriMotSoBenhLyHuyetHoc_B_n_r_t_g_n.md:386,HuongDanChanDoanVaDieuTriMotSoBenhLyHuyetHoc_B_n_r_t_g_n.md,386,232,". 8. Kieron Dunleavy, Wyndham H. Wilson (2009), “Diagnosis and treatment of aggressive non Hodgkin lymphoma”, Hoffman: Hematology: Basic Principles and Practice, 5th ed, chapter 80. ngoctlv.kcb_Truong Le Van Ngoc_04/07/2022 08:49:53",{}
HuongDanChanDoanVaDieuTriMotSoBenhLyHuyetHoc_B_n_r_t_g_n.md:387,HuongDanChanDoanVaDieuTriMotSoBenhLyHuyetHoc_B_n_r_t_g_n.md,387,29,31. U LYMPHO HODGKIN (TRẺ EM),{}
HuongDanChanDoanVaDieuTriMotSoBenhLyHuyetHoc_B_n_r_t_g_n.md:388,HuongDanChanDoanVaDieuTriMotSoBenhLyHuyetHoc_B_n_r_t_g_n.md,388,845,"1. ĐẠI CƯƠNG U lympho ác tính là nhóm bệnh ác tính của tổ chức lympho, bao gồm: U lympho Hodgkin (chiếm khoảng 20%-30%) và U lympho không Hodgkin (70%-80%). U lympho Hodgkin hiếm gặp ở trẻ em; nam có xu hướng mắc bệnh nhiều hơn nữ, nhạy cảm hơn với hóa trị liệu nên thường có phác đồ điều trị riêng nhằm giảm bớt độc tính. Căn nguyên và dịch tễ - Căn nguyên không rõ. - Chiếm 8,8% trong tất cả các bệnh ung thư ở trẻ em và thanh thiếu niên. - Tỷ lệ mới mắc hàng năm ở Hoa Kỳ là 12,1/ 1 triệu đối với trẻ em, 32/ 1 triệu đối với thanh thiếu niên 15 - 19 tuổi. - Liên quan tới Epstein-Barr virus (EBV). - Bệnh Hodgkin gia đình: Chiếm 4,5% trong tổng số ca Hodgkin. 2. CHẨN ĐOÁN 2.1. Chẩn đoán xác định a. Lâm sàng - Biểu hiện lâm sàng không đặc hiệu và phù hợp với tình trạng nhiễm khuẩn hơn là bệnh lý ác tính. - Hạch to chiếm khoảng 70%",{}
HuongDanChanDoanVaDieuTriMotSoBenhLyHuyetHoc_B_n_r_t_g_n.md:389,HuongDanChanDoanVaDieuTriMotSoBenhLyHuyetHoc_B_n_r_t_g_n.md,389,801,". CHẨN ĐOÁN 2.1. Chẩn đoán xác định a. Lâm sàng - Biểu hiện lâm sàng không đặc hiệu và phù hợp với tình trạng nhiễm khuẩn hơn là bệnh lý ác tính. - Hạch to chiếm khoảng 70%. Thường gặp tại vùng cổ, nách, bẹn, trung thất và hạch ổ bụng. Số lượng hạch nhiều, mật độ chắc, thường không đau. - Khối u trung thất hay gặp thứ hai nhưng hầu hết không có biểu hiện lâm sàng hoặc biểu hiện không đặc hiệu như: Đau sau xương ức, ho, thở nông, hiếm gặp hơn là tràn dịch màng phổi, màng tim, chèn ép tĩnh mạch chủ trên... - Triệu chứng toàn thân khá thường gặp như: Ngứa, mệt mỏi, triệu chứng B (gồm có sốt, ra mồ hôi đêm, sút cân trên 10% trọng lượng cơ thể trong 6 tháng không giải thích được nguyên nhân). - Gan hoặc lách có thể to nhưng ít khi to nhiều. - Biểu hiện ban đầu ngoài hạch hiếm gặp",{}
HuongDanChanDoanVaDieuTriMotSoBenhLyHuyetHoc_B_n_r_t_g_n.md:390,HuongDanChanDoanVaDieuTriMotSoBenhLyHuyetHoc_B_n_r_t_g_n.md,390,581,". - Gan hoặc lách có thể to nhưng ít khi to nhiều. - Biểu hiện ban đầu ngoài hạch hiếm gặp. - Một vài hội chứng cận u hiếm gặp nhưng khá đặc hiệu như: Tổn thương da (Mày đay, hồng ban, nốt ban đỏ, vết loét...); Hội chứng thận hư do sự giải phóng các lymphokine như IL-3. - Bệnh lan tràn đầu tiên là các hạch kế cận (theo đường bạch huyết đặc biệt là ống ngực), sau đó là các cơ quan khác như lách, tủy xương. Ở giai đoạn muộn của bệnh, thường xuất hiện các biểu hiện chèn ép, xâm lấn của tổ chức lympho, u trung thất như: ngoctlv.kcb_Truong Le Van Ngoc_04/07/2022 08:49:53",{}
HuongDanChanDoanVaDieuTriMotSoBenhLyHuyetHoc_B_n_r_t_g_n.md:391,HuongDanChanDoanVaDieuTriMotSoBenhLyHuyetHoc_B_n_r_t_g_n.md,391,204,"Hội chứng trung thất, chèn ép tĩnh mạch chủ trên, tràn dịch màng phổi...; có thể xuất hiện thiếu máu, nhiễm khuẩn hoặc xuất huyết. Bảng 30: Tỷ lệ các biểu hiện lâm sàng ở trẻ em bị U lympho Hodgkin",{}
HuongDanChanDoanVaDieuTriMotSoBenhLyHuyetHoc_B_n_r_t_g_n.md:392,HuongDanChanDoanVaDieuTriMotSoBenhLyHuyetHoc_B_n_r_t_g_n.md,392,668,"Biểu hiện lâm sàng Phần trăm Hạch to 90% Hạch trung thất + Thanh thiếu niên và Thanh niên 75% + Trẻ em dưới 10 tuổi 25% Gan- lách to 25% Triệu chứng B (Sụt cân, đổ mồ hôi trộm, sốt) 20% Ngứa 15% Triệu chứng phổi (ho, khó thở) 10% b. Cận lâm sàng - Hạch đồ: Hạch tăng sinh, đa hình thái, ngoài dòng lympho còn gặp nhiều bạch cầu đoạn trung tính, bạch cầu đoạn ưa acid, tế bào plasmo, đại thực bào, tế bào xơ. Trong trường hợp điển hình có gặp tế bào Reed-Sternberg. - Sinh thiết hạch hoặc tổ chức lympho nhằm làm xét nghiệm mô bệnh học kết hợp miễn dịch học (hóa mô miễn dịch hoặc đếm tế bào dòng chảy) và di truyền học là tiêu chuẩn vàng giúp chẩn đoán bệnh",{}
HuongDanChanDoanVaDieuTriMotSoBenhLyHuyetHoc_B_n_r_t_g_n.md:393,HuongDanChanDoanVaDieuTriMotSoBenhLyHuyetHoc_B_n_r_t_g_n.md,393,470,". - Xét nghiệm khác: + Tế bào máu ngoại vi (huyết đồ) có thể gặp giảm lượng huyết sắc tố, giảm số lượng tiểu cầu, số lượng bạch cầu có thể tăng hoặc giảm; + Tốc độ máu lắng và protein C phản ứng thường tăng; + LDH tăng trong khoảng 30% trường hợp, có thể tăng calci và giảm albumin. Beta 2 microglobulin thường tăng; + Các phương pháp chẩn đoán hình ảnh như siêu âm, X-quang, CT, PET, PET- CT, MRI giúp phát hiện hạch sâu, vị trí di căn khác và theo dõi sau điều trị",{}
HuongDanChanDoanVaDieuTriMotSoBenhLyHuyetHoc_B_n_r_t_g_n.md:394,HuongDanChanDoanVaDieuTriMotSoBenhLyHuyetHoc_B_n_r_t_g_n.md,394,455,". Điện tâm đồ, siêu âm tim trước khi điều trị hóa chất; + Xét nghiệm phát hiện virus: EBV, CMV, HIV, HBV, HCV; + Tủy đồ, sinh thiết tủy xương và nhuộm hóa mô miễn dịch giúp phát hiện u lympho xâm lấn tủy; + Xét nghiệm phát hiện dấu ấn EBV trên mảnh sinh thiết hạch/tổ chức lympho bằng nhiều phương pháp: Hóa mô miễn dịch EBV màng (LMP1, LMP2), EBV kháng nguyên nhân (EBNA1; FISH RNA nhân của EBV (EBER); ngoctlv.kcb_Truong Le Van Ngoc_04/07/2022 08:49:53",{}
HuongDanChanDoanVaDieuTriMotSoBenhLyHuyetHoc_B_n_r_t_g_n.md:395,HuongDanChanDoanVaDieuTriMotSoBenhLyHuyetHoc_B_n_r_t_g_n.md,395,196,"+ Một số đột biến khác có thế phát hiện bằng kỹ thuật di truyền sinh học phân tử như: TP53, PDL1, PDL2... 2.2. Chẩn đoán thể bệnh Bảng 31: Chẩn đoán thể bệnh U lympho Hodgkin theo WHO 2016",{}
HuongDanChanDoanVaDieuTriMotSoBenhLyHuyetHoc_B_n_r_t_g_n.md:396,HuongDanChanDoanVaDieuTriMotSoBenhLyHuyetHoc_B_n_r_t_g_n.md,396,549,"Thể bệnh Đặc điểm Cổ điển Giàu lymphocyte Dạng nốt hoặc lan tỏa. Trên nền nhiều lympho bào (chủ yếu lympho B), rải rác tế bào Reed-Sternberg. Nghèo lymphocyte Dạng sợi võng trông giống như sarcoma nhưng chứa nhiều tế bào R- S/ tế bào Hodgkin và nhiều dạng đa hình khác. Dạng xơ hóa lan tỏa chứa ít tế bào R-S/ tế bào Hodgkin nằm trên nền nghèo tế bào, bắt màu acid, dương tính với PAS. Hỗn hợp tế bào Nhiều tế bào Reed-Sternberg điển hình, tế bào dạng Hodgkin trên nền. Nền gồm nhiều lympho bào T, bạch cầu ưa acid, trung tính, tương bào và mô bào",{}
HuongDanChanDoanVaDieuTriMotSoBenhLyHuyetHoc_B_n_r_t_g_n.md:397,HuongDanChanDoanVaDieuTriMotSoBenhLyHuyetHoc_B_n_r_t_g_n.md,397,710,". Hỗn hợp tế bào Nhiều tế bào Reed-Sternberg điển hình, tế bào dạng Hodgkin trên nền. Nền gồm nhiều lympho bào T, bạch cầu ưa acid, trung tính, tương bào và mô bào. Mô bào có thể tạo thành viêm hạt thưa Xơ nốt Xơ phát triển chia cắt nhu mô hạch thành nhiều nốt, có nhiều tế bào Reed-Sternberg, tế bào dạng Hodgkin và biến thể dạng tế bào khuyết, có thể thấy hoại tử trung tâm Mới Dạng nốt, ưu thế lymphocyte Gặp chủ yếu biến thể dạng lympho-histocytic - có nhân chia thùy (tế bào L-H, tế bào bỏng ngô) Tế bào nền chủ yếu lymphocyte T nhỏ và mô bào. Không có bạch cầu trung tính hoặc ưa acid. Hiếm gặp tương bào. Có thể gặp xơ hóa Bảng 32: Tỷ lệ các thể bệnh mô bệnh học của U lympho Hodgkin theo tuổi",{}
HuongDanChanDoanVaDieuTriMotSoBenhLyHuyetHoc_B_n_r_t_g_n.md:398,HuongDanChanDoanVaDieuTriMotSoBenhLyHuyetHoc_B_n_r_t_g_n.md,398,409,"Tỷ lệ thể bệnh (%) Nhóm tuổi Giàu lymphocyte Nghèo lymphocyte Hỗn hợp tế bào Xơ nốt Dạng nốt, ưu thế lymphocyte < 10 tuổi 11- 16 tuổi ≥ 17 tuổi 2.3. Chẩn đoán giai đoạn Cho đến nay, chẩn đoán giai đoạn của U lympho Hodgkin vẫn dựa theo các tiêu chuẩn của Ann Arbor năm 2017. ngoctlv.kcb_Truong Le Van Ngoc_04/07/2022 08:49:53

Bảng 33: Chẩn đoán giai đoạn bệnh U lympho Hodgkin theo Ann Arbor, 1971.",{}
HuongDanChanDoanVaDieuTriMotSoBenhLyHuyetHoc_B_n_r_t_g_n.md:399,HuongDanChanDoanVaDieuTriMotSoBenhLyHuyetHoc_B_n_r_t_g_n.md,399,879,"Giai đoạn Biểu hiện I Tổn thương một vùng hạch hoặc một vị trí ngoài hạch (IE). II Tổn thương hai vùng hạch trở lên trên cùng một phía cơ hoành. Có thể bao gồm cả lách (IIS), vị trí ngoài hạch (IIE) hoặc cả hai (IIES) nhưng vẫn nằm một phía cơ hoành. III Tổn thương nằm hai phía cơ hoành. Có thể tổn thương ở lách (IIIS), hoặc vị trí ngoài hạch (IIIE), hoặc cả hai (IIIES). IV Tổn thương lan tỏa rải rác nhiều tạng hoặc mô ngoài hạch (như: Tủy xương, gan, phổi…), có kèm hoặc không kèm tổn thương hạch. - B là khi có biểu hiện: Sốt, ra mồ hôi đêm, sút cân > 10% trọng lượng cơ thể trong 6 tháng. - A là khi không có các triệu chứng trên. 2.4. Chẩn đoán phân biệt - U lympho không Hodgkin: Trên hạch đồ và sinh thiết hạch có hình ảnh đồng nhất về mặt hình thái, không tìm thấy tế bào Reed-Sternberg hoặc các biến thể. - Hạch tăng sinh phản ứng: Hạch to, thường đau",{}
HuongDanChanDoanVaDieuTriMotSoBenhLyHuyetHoc_B_n_r_t_g_n.md:400,HuongDanChanDoanVaDieuTriMotSoBenhLyHuyetHoc_B_n_r_t_g_n.md,400,883,". - Hạch tăng sinh phản ứng: Hạch to, thường đau. Hạch diễn biến cấp nhưng lành tính và trở lại bình thường sau khi khỏi bệnh chính. - Hạch lao: Thường gặp hạch dọc cơ ức đòn chũm, thành chuỗi, không đau và diễn biến theo trình tự: mềm dần, vỡ và chất bã đậu chảy ra ngoài. Hạch đồ và sinh thiết hạch thường thấy tổn thương đặc hiệu: tế bào bán liên, tế bào khổng lồ Langerhans, chất hoại tử bã đậu. - Hạch ung thư di căn: Trên hạch đồ và sinh thiết hạch thường thấy các tế bào ung thư: kích thước lớn, nhân to, mịn, thường có nhiều hạt nhân, nguyên sinh chất rộng, đôi khi có hốc chế tiết, thường đứng thành đám. Đa số trường hợp có thể phát hiện được cơ quan ung thư nguyên phát. 3. ĐIỀU TRỊ 3.1. Điều trị với trường hợp mới chẩn đoán Điều trị tiêu chuẩn bao gồm: Hóa trị liệu kết hợp xạ trị liều thấp vùng liên quan (low-dose involved field radiation therapy - LD-IFRT)",{}
HuongDanChanDoanVaDieuTriMotSoBenhLyHuyetHoc_B_n_r_t_g_n.md:401,HuongDanChanDoanVaDieuTriMotSoBenhLyHuyetHoc_B_n_r_t_g_n.md,401,253,". Liều xạ trị và hóa trị được xác định dựa vào các yếu tố tiên lượng và biểu hiện bệnh: Triệu chứng B, giai đoạn bệnh, có hoặc không có khối trung thất, số lượng vị trí tổn thường (hạch và ngoài hạch). ngoctlv.kcb_Truong Le Van Ngoc_04/07/2022 08:49:53",{}
HuongDanChanDoanVaDieuTriMotSoBenhLyHuyetHoc_B_n_r_t_g_n.md:402,HuongDanChanDoanVaDieuTriMotSoBenhLyHuyetHoc_B_n_r_t_g_n.md,402,800,"3.1.1. Hóa trị Các phác đồ đa hóa trị hạn chế số chu kỳ, giảm liều tích luỹ các chất alkylating và anthracyclines để tránh nguy cơ vô sinh, bệnh bạch cầu thứ phát và độc tính trên phổi. Một số phác đồ đa hóa trị liệu thường dùng: a. Phác đồ EuroNet-PHL C1 - Điều trị hàng 1: Với các bệnh nhân mới chẩn đoán. Bệnh nhân được xếp vào các phân nhóm điều trị: + Nhóm 1: Bệnh nhân giai đoạn I A/B và IIA; + Nhóm 2: Bệnh nhân giai đoạn IEA/B, IIEA, II B hoặc III A; + Nhóm 3: Bệnh nhân giai đoạn IIEB, IIIEA/B, III B hoặc IV A/B. - Điều trị hàng 2: Khi tái phát hoặc bệnh dai dẳng/ không lui bệnh. Tóm tắt các bước điều trị của phác đồ EuroNet- PHL C1 theo sơ đồ 6 và 7 như sau:

ngoctlv.kcb_Truong Le Van Ngoc_04/07/2022 08:49:53

Sơ đồ 6: Phác đồ điều trị hàng 1 U lympho Hodgkin theo phân nhóm bệnh",{}
HuongDanChanDoanVaDieuTriMotSoBenhLyHuyetHoc_B_n_r_t_g_n.md:403,HuongDanChanDoanVaDieuTriMotSoBenhLyHuyetHoc_B_n_r_t_g_n.md,403,868,"Sơ đồ 6: Phác đồ điều trị hàng 1 U lympho Hodgkin theo phân nhóm bệnh

Sơ đồ 7: Phác đồ điều trị hàng 2 U lympho Hodgkin b. Phác đồ của FriedmanD, Scharts, Hodgkin Lymphoma in The Lymphoid Neoplasms, 3rd edition, 2008 Chia 3 nhóm: - Nhóm nguy cơ thấp (IA, IIA): + COPP/ABV x 4 chu kỳ (chu kỳ 28 ngày) + LD-IFRT; + DBVE x 4 chu kỳ (chu kỳ 28 ngày) + LD-IFRT; + OEPA (nam) hoặc OPPA (nữ) x 2 chu kỳ (chu kỳ 28 ngày) + LD-IFRT. - Nguy cơ trung bình (Các trường hợp giai đoạn I, II không phân được vào nhóm giai đoạn sớm; IIIA, IVA): + COPP/ABV hybrid x 6 chu kỳ (chu kỳ 28 ngày) + LD-IFRT; + DBVE-PC x 3-5 chu kỳ (chu kỳ 21 ngày) + LD-IFRT; + OEPA (nam) hoặc OPPA (nữ) x 2 chu kỳ (chu kỳ 28 ngày) + COPP x 2 chu kỳ + LD-IFRT. - Nhóm nguy cơ cao (Giai đoạn IIIB, IVB); + DBVE-PC x 3-5 chu kỳ (chu kỳ 21 ngày) + LD-IFRT; ngoctlv.kcb_Truong Le Van Ngoc_04/07/2022 08:49:53",{}
HuongDanChanDoanVaDieuTriMotSoBenhLyHuyetHoc_B_n_r_t_g_n.md:404,HuongDanChanDoanVaDieuTriMotSoBenhLyHuyetHoc_B_n_r_t_g_n.md,404,834,"+ BEACOPP x 8 chu kỳ (chu kỳ 21 ngày) + LD-IFRT; + BEACOPP x 8 chu kỳ (chu kỳ 21 ngày) + ABVD x 2 chu kỳ (chu kỳ 28 ngày) + LD-IFRT; + OEPA (nam) hoặc OPPA (nữ) x 2 chu kỳ (chu kỳ 28 ngày) + COPP x 4 chu kỳ + LD-IFRT. c. Các phác đồ cụ thể - OEPA

Thuốc Liều Đường dùng Ngày Vincristine 1.5 mg/m2/ngày Tĩnh mạch 1,8,15 Etoposide 125 mg/m2/ngày Tĩnh mạch 3- 6 Prednisone 60 mg/m2/ngày Uống/ TM 1- 15 Doxorubicin 40 mg/m2/ngày Tĩnh mạch 1,15 - OPPA

Thuốc Liều Đường dùng Ngày Vincristine 1.5 mg/m2/ngày Tĩnh mạch 1,8,15 Procarbazine 100 mg/m2/ngày Uống 1- 15 Prednisone 60 mg/m2/ngày Uống/ TM 1- 15 Doxorubicin 40 mg/m2/ngày Tĩnh mạch 1, 15 - COPP

Thuốc Liều Đường dùng Ngày Procarbazine 100mg/m2 Uống 1→15 Cyclophosphamide 500mg/m2 Tĩnh mạch 1,8 Vincristine 1,5mg/m2 Tĩnh mạch 1,8 Prednisone 40 mg/m2 Uống/tĩnh mạch 1→15 - COPDAC",{}
HuongDanChanDoanVaDieuTriMotSoBenhLyHuyetHoc_B_n_r_t_g_n.md:405,HuongDanChanDoanVaDieuTriMotSoBenhLyHuyetHoc_B_n_r_t_g_n.md,405,628,"Thuốc Liều Đường dùng Ngày Dacarbazine 250mg/m2 Tĩnh mạch 1→3 Cyclophosphamide 500mg/m2 Tĩnh mạch 1,8 Vincristine 1,5mg/m2 Tĩnh mạch 1,8 Prednisone 40 mg/m2 Uống/tĩnh mạch 1-15 - ABVD

Thuốc Liều Đường dùng Ngày Doxorubicin 25mg/m2 Tĩnh mạch 1, 14 hoặc 15 Bleomycin 10mg/m2 Tĩnh mạch 1, 14 hoặc 15 ngoctlv.kcb_Truong Le Van Ngoc_04/07/2022 08:49:53

Vinblastin 6mg/m2 Tĩnh mạch 1, 14 hoặc 15 Dacarbazine 375mg/m2 Tĩnh mạch 1, 14 hoặc 15 - IEP

Thuốc Liều Đường dùng Ngày Ifosfamide 2000 mg/m2 Tĩnh mạch/22h 1-5 Mesna Mesna Bolus Tĩnh mạch/24h 1-7 Etoposide Tĩnh mạch/1- 2h 1-5 prednisolone Uống, chia 3 liều 1-5 - BEACOPP",{}
HuongDanChanDoanVaDieuTriMotSoBenhLyHuyetHoc_B_n_r_t_g_n.md:406,HuongDanChanDoanVaDieuTriMotSoBenhLyHuyetHoc_B_n_r_t_g_n.md,406,852,"Thuốc Liều Đường dùng Ngày Cyclophosphamid 650mg/m2 Tĩnh mạch Doxorubicin 25mg/m2 Tĩnh mạch Etoposide 100mg/m2 Tĩnh mạch 1→3 Procarbazine 100mg/m2 Uống 1→7 Prednisone 40mg/m2 Uống/ Tĩnh mạch 1→14 Vincristine 1.4mg/m2 Tĩnh mạch Bleomycin 10mg/m2 Tĩnh mạch - Các thuốc khác: + Brentuximab vedotin (chỉ với U lympho Hodgkin cổ điển) hoặc bendamustine; + ICE (ifosfamid, carboplastin, etoposid); + Kết hợp với một số thuốc như: Bendamustine, everolimus, lenalidomide, pembrolizumab… 3.1.2. Xạ trị - U lympho Hodgkin nhạy cảm với xạ trị. Hầu hết các bệnh nhân trẻ em và thanh thiếu niên bị U lympho Hodgkin đều được điều trị bằng Hóa trị theo nhóm nguy cơ có hoặc không kết hợp với Xạ trị liều thấp. Liều xạ trị chung là 15-25 Gy, điều chỉnh dựa vào tuổi, kích thước khối u/ hạch, các cơ quan liên quan và nguy cơ tác dụng phụ cấp tính hoặc dài hạn",{}
HuongDanChanDoanVaDieuTriMotSoBenhLyHuyetHoc_B_n_r_t_g_n.md:407,HuongDanChanDoanVaDieuTriMotSoBenhLyHuyetHoc_B_n_r_t_g_n.md,407,722,". Liều xạ trị chung là 15-25 Gy, điều chỉnh dựa vào tuổi, kích thước khối u/ hạch, các cơ quan liên quan và nguy cơ tác dụng phụ cấp tính hoặc dài hạn. - Xạ trị để điều trị (low-dose involved field radiation therapy - LD-IFRT, xạ trị liều thấp ở vùng liên quan) bao gồm các hạch bạch huyết ban đầu, xem xét bổ sung liên quan đến vị trí của bệnh (màng ngoài tim, thành ngực). Khi cần xạ trị xương chậu, cần chú ý đến buồng trứng và tinh hoàn. Nếu có thể, buồng trứng phải được di dời (di chuyển ngang theo xương chậu hoặc di chuyển về trung tâm phía sau tử cung), lý tưởng nhất là buồng trứng chỉ nên tiếp xúc dưới 3 Gy để bảo tồn khả năng sinh sản; tinh hoàn có thể ngoctlv.kcb_Truong Le Van Ngoc_04/07/2022 08:49:53",{}
HuongDanChanDoanVaDieuTriMotSoBenhLyHuyetHoc_B_n_r_t_g_n.md:408,HuongDanChanDoanVaDieuTriMotSoBenhLyHuyetHoc_B_n_r_t_g_n.md,408,887,"tiếp xúc từ 5 đến 10% liều dùng cho vùng chậu, liều này cũng có thể gây ra chứng vô sinh nam tùy thuộc vào tổng liều xạ trị khung chậu. Cần tập trung xạ trị ở những khu vực biểu hiện bệnh mà vẫn bảo vệ được mô bình thường. Xạ trị liều cao có thể gây ảnh hưởng chức năng các cơ quan và làm giảm hiệu quả của các phác đồ cứu vãn khi điều trị tái phát. - Xạ trị hàng ngày được thực hiện bằng cách sử dụng các trường trước và sau có trọng số bằng nhau với liều phân đoạn 1,5 - 1,8 Gy mỗi ngày, 5 lần một tuần. - Xạ trị đơn độc: Ít dùng. Không sử dụng với u lympho Hodgkin dạng nốt, ưu thế lymphocyte. 3.2. Với trường hợp không lui bệnh hoặc tái phát Đánh giá lui bệnh hoặc tái phát dựa trên: Lâm sàng (hạch to, hội chứng B) và thang điểm Deauville trên PET/CT, PET (theo NCCN - National Comprehensive Cancer Network, 1.2017). Tái phát thường xảy ra trong vòng 4 năm đầu sau điều trị",{}
HuongDanChanDoanVaDieuTriMotSoBenhLyHuyetHoc_B_n_r_t_g_n.md:409,HuongDanChanDoanVaDieuTriMotSoBenhLyHuyetHoc_B_n_r_t_g_n.md,409,887,". Tái phát thường xảy ra trong vòng 4 năm đầu sau điều trị. Sự hiện diện của các triệu chứng B và biểu hiện ngoài hạch tại thời điểm tái phát là những đặc điểm tiên lượng kém. Một nghiên cứu được tiến hành bởi Hiệp hội Ung thư và Huyết học Nhi khoa (GPOH) cho thấy kết quả sau: - Bệnh nhân tái phát sớm (trong khoảng 1- 3 tháng kể từ khi kết thúc điều trị) có tỷ lệ sống sót sau 10 năm (EFS) là 55% và tỷ lệ sống chung (OS) là 78%. - Bệnh nhân tái phát muộn (xảy ra muộn hơn 12 tháng kể từ khi kết thúc điều trị) có EFS và OS 10 năm lần lượt là 86% và 90%. - Bệnh nhân có yếu tố tiên lượng tốt khi chẩn đoán (giai đoạn IA hoặc giai đoạn IIA; không có khối u/hạch kích thước lớn; không có triệu chứng B), nếu tái phát giới hạn trong một khu vực có liên quan hạch ban đầu sau khi hóa trị và không xạ trị, nói chung có thể được cứu vãn bằng hóa trị theo phác đồ tái phát và LD-IFRT",{}
HuongDanChanDoanVaDieuTriMotSoBenhLyHuyetHoc_B_n_r_t_g_n.md:410,HuongDanChanDoanVaDieuTriMotSoBenhLyHuyetHoc_B_n_r_t_g_n.md,410,656,". Hiện tại vẫn chưa có phác đồ tái tấn công tiêu chuẩn cho U lympho Hodgkin tái phát, tuy nhiên có 2 lựa chọn khả năng chữa bệnh bao gồm: - Các liệu pháp hóa trị liệu thông thường và xạ trị LD-IFRT cho những bệnh nhân tái phát nguy cơ thấp. - Hóa trị tái tấn công và sau đó là ghép tế bào gốc tạo máu tự thân đối với những bệnh nhân nguy cơ cao hơn. Ghép tế bào gốc tự thân được ưu tiên sử dụng hơn ghép tế bào gốc đồng loại do tỷ lệ mắc bệnh và tử vong liên quan đến ghép đồng loài cao hơn. Sau khi ghép tế bào gốc tự thân, tỷ lệ sống dự kiến là 45 - 70% và tỷ lệ sống không tiến triển bệnh là 30 - 65%. ngoctlv.kcb_Truong Le Van Ngoc_04/07/2022 08:49:53",{}
HuongDanChanDoanVaDieuTriMotSoBenhLyHuyetHoc_B_n_r_t_g_n.md:411,HuongDanChanDoanVaDieuTriMotSoBenhLyHuyetHoc_B_n_r_t_g_n.md,411,855,"Cũng có thể lựa chọn ghép tế bào gốc đồng loài diệt tủy hoặc ghép giảm cường độ liều. Đối với những bệnh nhân ghép tế bào gốc tự thân thất bại hoặc không thể huy động đủ số lượng tế bào, có thể sử dụng ghép tế bào gốc đồng loài, tuy nhiên mức độ thành công khá thay đổi. Xạ trị thường được sử dụng sau khi hóa trị liệu liều cao và ghép tế bào gốc. Bệnh nhân được điều trị bằng ghép tế bào gốc có thể bị tái phát muộn nhất là 5 năm; các bệnh nhân này nên được theo dõi chặt chẽ để phát hiện tái phát cùng với các tác dụng phụ muộn. 4. TIÊN LƯỢNG - Các yếu tố tiên lượng xấu theo IPS-International Prognostic Score (NCCN 1.2017): + Albumin máu < 40 g/L; + Hemoglobin < 105 g/L; + Nam giới; + Giai đoạn bệnh (theo Ann Arbor): IV; + Số lượng bạch cầu máu ngoại vi > 15G/L; + Số lượng tế bào lympho máu ngoại vi < 0,6 G/L hoặc tỷ lệ tế bào lympho < 8%",{}
HuongDanChanDoanVaDieuTriMotSoBenhLyHuyetHoc_B_n_r_t_g_n.md:412,HuongDanChanDoanVaDieuTriMotSoBenhLyHuyetHoc_B_n_r_t_g_n.md,412,683,". - Một số yếu tố khác: + Thể bệnh: Thể nốt ưu thế lymphocyte cơ tiên lượng tốt hơn các thể cổ điển; + Nồng độ các markers huyết thanh: Yếu tố hoại tử u, CD30 hòa tan, beta 2 macroglobulin, IL-10 (tiên lượng xấu); nồng độ caspase 3 trong các tế bào Reed- Sternberg cao có tiên lượng tốt; + Đáp ứng ban đầu với hóa trị liệu: Đáp ứng sớm và PET âm tính sau 2 chu kỳ hóa trị liệu có tiên lượng tốt. 5. ĐÁNH GIÁ, THEO DÕI 5.1. Khi chẩn đoán và trước điều trị - Tiền sử, bệnh sử, lâm sàng. - Xét nghiệm: + Tổng phân tích tế bào máu, hồng cầu lưới máu. + Sinh hóa máu: Chức năng gan, thận, Axit Uric, LDH, điện giải đồ...; + Đông máu huyết tương: Fibrinogen, PT, APTT, TT, D-Dimer",{}
HuongDanChanDoanVaDieuTriMotSoBenhLyHuyetHoc_B_n_r_t_g_n.md:413,HuongDanChanDoanVaDieuTriMotSoBenhLyHuyetHoc_B_n_r_t_g_n.md,413,434,". + Sinh hóa máu: Chức năng gan, thận, Axit Uric, LDH, điện giải đồ...; + Đông máu huyết tương: Fibrinogen, PT, APTT, TT, D-Dimer. Bệnh nhân có kèm theo rối loạn đông máu cần làm thêm xét nghiệm: Nghiệm pháp rượu, Von-Kaulla, Đàn hồi cục máu đồ (ROTEM), Fibrin monomer; + Chẩn đoán hình ảnh: Xquang tim phổi, siêu âm ổ bụng, điện tâm đồ, siêu âm tim , CT scan, FDG - PET scan, MRI…; ngoctlv.kcb_Truong Le Van Ngoc_04/07/2022 08:49:53",{}
HuongDanChanDoanVaDieuTriMotSoBenhLyHuyetHoc_B_n_r_t_g_n.md:414,HuongDanChanDoanVaDieuTriMotSoBenhLyHuyetHoc_B_n_r_t_g_n.md,414,776,"+ Hạch đồ/ u đồ / lách đồ; + Sinh thiết hạch, sinh thiết khối u, sinh thiết lách… làm giải phẫu bệnh; + Hóa mô miễn dịch mảnh sinh thiết để chẩn đoán xác định, chẩn đoán thể bệnh (marker bệnh lý theo chỉ định của khoa Tế bào tổ chức học dựa trên định hướng từ lam nhuộm HE); + Xét nghiệm vi sinh: HIV, HBV, HCV...; + Huyết tủy đồ, sinh thiết tủy xương: đánh giá tình trạng tủy sinh máu, tình trạng xâm lấn tủy; + Công thức nhiễm sắc thể; + Gen bệnh; + Định nhóm máu hồng cầu: ABO, Rh(D); + Khám răng hàm mặt, tai mũi họng và các chuyên khoa khác(nếu bệnh nhân có biểu hiện bệnh lý ở các cơ quan khác) trước khi điều trị. 5.2. Trong quá trình điều trị - Tổng phân tích tế bào máu, hồng cầu lưới máu. - Sinh hóa máu: Chức năng gan, thận, Axit Uric, LDH, điện giải đồ..",{}
HuongDanChanDoanVaDieuTriMotSoBenhLyHuyetHoc_B_n_r_t_g_n.md:415,HuongDanChanDoanVaDieuTriMotSoBenhLyHuyetHoc_B_n_r_t_g_n.md,415,570,". 5.2. Trong quá trình điều trị - Tổng phân tích tế bào máu, hồng cầu lưới máu. - Sinh hóa máu: Chức năng gan, thận, Axit Uric, LDH, điện giải đồ... - Đông máu huyết tương: Fibrinogen, PT, APTT, TT, D-Dimer, nghiệm pháp rượu, Von-Kaulla, Đàn hồi cục máu đồ (ROTEM), Fibrin monomer... - Chẩn đoán hình ảnh: Xquang tim phổi, siêu âm ổ bụng, điện tâm đồ, siêu âm tim , CT scan, FDG - PET scan, MRI… trong quá trình điều trị (tùy theo phác đồ, ví dụ phác đồ EURONET- PHL- C1 yêu cầu đánh giá bằng PET-CT sau mỗi 2 đợt điều trị,...), kết thúc điều trị và trước khi xạ trị",{}
HuongDanChanDoanVaDieuTriMotSoBenhLyHuyetHoc_B_n_r_t_g_n.md:416,HuongDanChanDoanVaDieuTriMotSoBenhLyHuyetHoc_B_n_r_t_g_n.md,416,872,". - Nếu có tổ chức hạch/ u mới xuất hiện hoặc ở vị trí cũ nhưng tăng kích thước hoặc có biểu hiện nghi ngờ tái phát/ không lui bệnh/ chuyển thể bệnh: Hạch đồ/ u đồ/ lách đồ, sinh thiết hạch, sinh thiết khối u làm giải phẫu bệnh lại và làm hóa mô miễn dịch (marker bệnh lý theo chỉ định của khoa Tế bào tổ chức học dựa trên định hướng từ lam nhuộm HE). - Xét nghiệm vi sinh: HIV, HBV, HCV... (nếu có truyền máu và chế phẩm: HBV mỗi 1 tháng, HCV, HIV mỗi 3 tháng). - Huyết tủy đồ, sinh thiết tủy xương, công thức nhiễm sắc thể, gen bệnh: Nghi ngờ tình trạng xâm lấn tủy, chuyển Lơ xê mi cấp... - Định nhóm máu hồng cầu: ABO, Rh(D) (mỗi khi có chỉ định truyền máu - Khám các chuyên khoa khác (răng hàm mặt, tai mũi họng...) nếu bệnh nhân có biểu hiện bệnh lý ở các cơ quan đó. - Theo dõi độc tính trên các cơ quan: đánh giá chuyên sâu chức năng tim, chức năng phổi..",{}
HuongDanChanDoanVaDieuTriMotSoBenhLyHuyetHoc_B_n_r_t_g_n.md:417,HuongDanChanDoanVaDieuTriMotSoBenhLyHuyetHoc_B_n_r_t_g_n.md,417,193,". - Theo dõi độc tính trên các cơ quan: đánh giá chuyên sâu chức năng tim, chức năng phổi... (siêu âm tim, điện tim, đo chức năng hô hấp...). ngoctlv.kcb_Truong Le Van Ngoc_04/07/2022 08:49:53",{}
HuongDanChanDoanVaDieuTriMotSoBenhLyHuyetHoc_B_n_r_t_g_n.md:418,HuongDanChanDoanVaDieuTriMotSoBenhLyHuyetHoc_B_n_r_t_g_n.md,418,883,"5.3. Theo dõi sau điều trị - Các trường hợp đặc biệt như: Hạch to, sốt, gầy sút cân… phải tái khám ngay. - Tái khám: 1- 3 tháng/ lần trong 2 năm đầu. Sau đó, 6 tháng/ lần trong 3 năm tiếp và theo dõi hàng năm. - Với mỗi lần tái khám: + Khám lâm sàng: Chú ý các triệu chứng lâm sàng, hạch to, hội chứng B; + Xét nghiệm: Tổng phân tích tế bào máu ngoại vi; Sinh hóa máu (bao gồm LDH, chức năng gan, thận, beta2-microglobulin, điện giải đồ...), máu lắng; Đông máu huyết tương; Chức năng tuyến giáp ( đặc biệt nếu có xạ trị vùng trước đó); Chức năng tim (siêu âm tim màu, siêu âm doppler , điện tâm đồ...), chức năng phổi (đo chức năng hô hấp, XQ phổi, CT phổi...),...; CT bụng ngực; PET, PET/CT mỗi 6 tháng trong 2 năm đầu, sau đó chụp khi có biểu hiện lâm sàng; Xét nghiệm tủy đồ ít nhất 2 năm/ lần; + Làm lại sinh thiết khi xuất hiện hạch to trở lại hoặc có tổn thương mới. 5.4",{}
HuongDanChanDoanVaDieuTriMotSoBenhLyHuyetHoc_B_n_r_t_g_n.md:419,HuongDanChanDoanVaDieuTriMotSoBenhLyHuyetHoc_B_n_r_t_g_n.md,419,628,". 5.4. Theo dõi di chứng lâu dài Nói chung, tất cả bệnh nhân nên được theo dõi sức khỏe suốt đời. Các xét nghiệm bao gồm: Xét nghiệm chức năng tuyến giáp cho bệnh nhân xạ trị vùng cổ, hormon sinh dục cho những bệnh nhân đã điều trị bằng tác nhân kiềm hóa hoặc xạ trị vùng chậu, đánh giá chức năng tim cho những bệnh nhân điều trị bằng anthracycline hoặc xạ trị lồng ngực, đánh giá chức năng phổi cho những bệnh nhân điều trị bằng với bleomycin hoặc xạ trị lồng ngực. Tần suất theo dõi phụ thuộc vào nhiều yếu tố như phác đồ đã điều trị, độ tuổi và giới tính của bệnh nhân. ngoctlv.kcb_Truong Le Van Ngoc_04/07/2022 08:49:53",{}
HuongDanChanDoanVaDieuTriMotSoBenhLyHuyetHoc_B_n_r_t_g_n.md:420,HuongDanChanDoanVaDieuTriMotSoBenhLyHuyetHoc_B_n_r_t_g_n.md,420,894,"1. Đỗ Trung Phấn (2008), “U lympho ác tính”, Tế bào gốc và bệnh lý tế bào gốc tạo máu, Nhà xuất bản y học, Tr 358-374. 2. Nguyễn Anh Trí (2004), “Điều trị bệnh Hodgkin”, Điều trị các bệnh ác tính cơ quan tao máu, Nhà xuất bản y học. Tr 15-21. 3. Hodgkin lymphoma - NCCN guidelines version 1.2017. 4. WHO classification of tumours of haematopoietic and lymphoid tissues 2008. 5. Debra L. Friedman, M.D., M.S. Manual of Pediatric Hematology and Oncology, Fifth Edition, Chapter19, p 599- 623. 6. Jonathan Sive and David Linch (2011), “Hodgkin lymphoma”, Postgraduate hematology, 6th ed, chapter 34. 7. Richard S.Stein, David S. Morgan (2009), “Hodgkin Lymphoma”, Wintrobes clinical hematology 12th editition, 2313-2343. 8. Volker Diehl, Beate Klimm (2008), “Hodgkin lymphoma: Clinical manifestations, staging and therapy”, Hoffman: Hematology: Basic Principles and Practice, 5th ed, chapter 77. 9",{}
HuongDanChanDoanVaDieuTriMotSoBenhLyHuyetHoc_B_n_r_t_g_n.md:421,HuongDanChanDoanVaDieuTriMotSoBenhLyHuyetHoc_B_n_r_t_g_n.md,421,508,". 8. Volker Diehl, Beate Klimm (2008), “Hodgkin lymphoma: Clinical manifestations, staging and therapy”, Hoffman: Hematology: Basic Principles and Practice, 5th ed, chapter 77. 9. Christine Mauz-Körholz et al (2015). Pediatric Hodgkin lymphoma. Journal of clinical oncology, Volume 33, p 2975-2985. 10. Dieter Körholz et al (2010). First international Inter-Group Study for classical Hodgkin’s Lymphoma in Children and Adolescents. EuroNet-PHL-C1, Version 3 ngoctlv.kcb_Truong Le Van Ngoc_04/07/2022 08:49:53",{}
HuongDanChanDoanVaDieuTriMotSoBenhLyHuyetHoc_B_n_r_t_g_n.md:422,HuongDanChanDoanVaDieuTriMotSoBenhLyHuyetHoc_B_n_r_t_g_n.md,422,35,32. U LYMPHO KHÔNG HODGKIN (TRẺ EM),{}
HuongDanChanDoanVaDieuTriMotSoBenhLyHuyetHoc_B_n_r_t_g_n.md:423,HuongDanChanDoanVaDieuTriMotSoBenhLyHuyetHoc_B_n_r_t_g_n.md,423,866,"1. ĐẠI CƯƠNG U lympho ác tính là nhóm bệnh của tổ chức lympho, bao gồm U lympho Hodgkin (chiếm khoảng 20%-30%) và U lympho không Hodgkin (70%-80%). U lympho không Hodgkin ở trẻ em thường khu trú ở các tổ chức lympho như hạch, mảng Peyer, lách, có thể xâm lấn tủy xương, nhưng ít gặp u lympho nguyên phát ở thần kinh trung ương và thể tủy. Tỷ lệ mắc bệnh: - U lympho không Hodgkin chiếm khoảng 8-10% các khối u ác tính ở trẻ em từ 5 - 19 tuổi. - Chiếm khoảng 60% của tất cả các u lympho ở trẻ em và thanh thiếu niên. - Đây là bệnh ác tính ở trẻ em phổ biến thứ ba với tỷ lệ mắc hàng năm là 750 - 800 mỗi năm ở trẻ em dưới 19 tuổi ở Hoa Kỳ. - Tỷ lệ bệnh ở trẻ em dưới 15 tuổi không thay đổi nhiều trong hai thập kỷ qua, nhưng ở thanh thiếu niên từ 15 -19 tuổi tỷ lệ này tăng lên 50%. Dịch tễ học: - Giới tính: Tỷ lệ nam: Nữ là 2,5: 1, ở độ tuổi 5-14 tỷ lệ này là 3:1",{}
HuongDanChanDoanVaDieuTriMotSoBenhLyHuyetHoc_B_n_r_t_g_n.md:424,HuongDanChanDoanVaDieuTriMotSoBenhLyHuyetHoc_B_n_r_t_g_n.md,424,264,". Dịch tễ học: - Giới tính: Tỷ lệ nam: Nữ là 2,5: 1, ở độ tuổi 5-14 tỷ lệ này là 3:1. - Tuổi: Tương đối giống nhau ở mọi lứa tuổi, nhưng đỉnh điểm ở độ tuổi 15-19, phần lớn là do sự gia tăng đáng kể tỷ lệ mắc U lympho tế bào B lớn lan tỏa (DLBCL) ở độ tuổi này",{}
HuongDanChanDoanVaDieuTriMotSoBenhLyHuyetHoc_B_n_r_t_g_n.md:425,HuongDanChanDoanVaDieuTriMotSoBenhLyHuyetHoc_B_n_r_t_g_n.md,425,899,". - Tuổi: Tương đối giống nhau ở mọi lứa tuổi, nhưng đỉnh điểm ở độ tuổi 15-19, phần lớn là do sự gia tăng đáng kể tỷ lệ mắc U lympho tế bào B lớn lan tỏa (DLBCL) ở độ tuổi này. - Các yếu tố nguy cơ: + Di truyền: Khiếm khuyết miễn dịch (thiếu gammaglobulin miễn dịch typ Bruton liên quan đến giới tính, hội chứng Bloom, hội chứng Wiskott- Aldrich, hội chứng tăng sinh lympho tự miễn ALPS và 1 số hội chứng suy giảm miễn dịch bẩm sinh khác); + Suy giảm miễn dịch sau ghép tủy xương (đặc biệt là sử dụng tủy diệt tế bào T), sau ghép tạng đặc; + Bệnh u nhú lympho ở trẻ em có thể hoặc tiến triển hoặc cùng tồn tại với u lympho tế bào lớn bất thục sản (anaplastic large cell lymphoma- ALCL); + Thuốc: Diphenylhydantoin, Infliximab và các thuốc ức chế miễn dịch khác; + Phóng xạ: Trẻ em được điều trị bằng hóa trị và xạ trị U lympho Hodgkin trước đó; + Virus: EBV, HIV, HTLV. 2. CHẨN ĐOÁN 2.1",{}
HuongDanChanDoanVaDieuTriMotSoBenhLyHuyetHoc_B_n_r_t_g_n.md:426,HuongDanChanDoanVaDieuTriMotSoBenhLyHuyetHoc_B_n_r_t_g_n.md,426,105,. 2. CHẨN ĐOÁN 2.1. Chẩn đoán xác định a. Lâm sàng ngoctlv.kcb_Truong Le Van Ngoc_04/07/2022 08:49:53,{}
HuongDanChanDoanVaDieuTriMotSoBenhLyHuyetHoc_B_n_r_t_g_n.md:427,HuongDanChanDoanVaDieuTriMotSoBenhLyHuyetHoc_B_n_r_t_g_n.md,427,799,"Biểu hiện lâm sàng của U lympho không Hodgkin ở trẻ em phụ thuộc chủ yếu vào thể bệnh và các vị trí tổn thương. Khoảng 70% trẻ em có bệnh ở giai đoạn tiến triển có biểu hiện ngoài hạch như đường tiêu hóa, tủy xương và hệ thần kinh trung ương. - Bụng: + Bệnh nhân mắc U lympho Burkitt (Burkitt lymphoma-BL) và U lympho tế bào B lớn lan tỏa thường có khối u nguyên phát ở bụng; + Khoảng 35% U lympho không Hodgkin ở trẻ em có khối u nguyên phát ở bụng, liên quan đến vùng hồi tràng, ruột thừa, đại tràng hoặc các vị trí liên quan; + Triệu chứng: Đau bụng, chướng bụng, buồn nôn và nôn, sờ thấy khối, co thắt, gan lách to, vàng da tắc mật, cổ trướng hoặc viêm phúc mạc. Có thể xảy ra chảy máu và thủng ruột, mặc dù hiếm; + U lympho là nguyên nhân thường gặp nhất gây lồng ruột ở trẻ trên 6 tuổi",{}
HuongDanChanDoanVaDieuTriMotSoBenhLyHuyetHoc_B_n_r_t_g_n.md:428,HuongDanChanDoanVaDieuTriMotSoBenhLyHuyetHoc_B_n_r_t_g_n.md,428,501,". Có thể xảy ra chảy máu và thủng ruột, mặc dù hiếm; + U lympho là nguyên nhân thường gặp nhất gây lồng ruột ở trẻ trên 6 tuổi. - Đầu và cổ: Biểu hiện bệnh ở vùng đầu và cổ chiếm 13% các trường hợp: Sưng hạch cổ, sưng tuyến mang tai, u xương hàm và phì đại amidan. Bệnh nhân có thể bị tắc nghẽn mũi, chảy nước mũi, khó nghe và liệt dây thần kinh sọ. U lympho Burkitt có tỷ lệ biểu hiện trên vùng mặt cổ cao hơn các thể khác, khoảng 50%-60%. - Trung thất: + Tỷ lệ có biểu hiện ở trung thất là 26%",{}
HuongDanChanDoanVaDieuTriMotSoBenhLyHuyetHoc_B_n_r_t_g_n.md:429,HuongDanChanDoanVaDieuTriMotSoBenhLyHuyetHoc_B_n_r_t_g_n.md,429,634,". U lympho Burkitt có tỷ lệ biểu hiện trên vùng mặt cổ cao hơn các thể khác, khoảng 50%-60%. - Trung thất: + Tỷ lệ có biểu hiện ở trung thất là 26%. Bệnh nhân có khối u trung thất lớn có thể có hội chứng trung thất trước xuất hiện với cổ bị lệch, phù cổ và mặt, khó thở rõ rệt, khó thở khi nằm, chóng mặt, nhức đầu, khó thở, chảy máu cam, thay đổi trạng thái tâm thần; + Lymphoblastic lymphoma (LL): Thường biểu hiện với một khối trong lồng ngực hoặc trung thất cùng với sự lây lan đến các vị trí khác như tủy xương, màng não và tuyến sinh dục. U lympho Burkitt và Anaplastic large cell lymphoma ít có biểu hiện ở trung thất hơn",{}
HuongDanChanDoanVaDieuTriMotSoBenhLyHuyetHoc_B_n_r_t_g_n.md:430,HuongDanChanDoanVaDieuTriMotSoBenhLyHuyetHoc_B_n_r_t_g_n.md,430,829,". U lympho Burkitt và Anaplastic large cell lymphoma ít có biểu hiện ở trung thất hơn. U lympho tế bào B trung thất nguyên phát (Primary mediastinal B-cell lymphoma - PMBL) hiện đang được WHO phân loại là một dưới nhóm của U lympho tế bào B lớn lan tỏa, mặc dù có nhiều dữ liệu cho thấy rằng đây là 1 thể riêng biệt mang cả đặc điểm lâm sàng, hình thái tế bào học và di truyền của cả U lympho Hodgkin và không Hodgkin. U lympho tế bào B trung thất nguyên phát thường biểu hiện ở thanh thiếu niên và thanh niên, tiên lượng xấu hơn các thể khác; + Các khối u trung thất có thể gây ra tràn dịch màng phổi, màng tim do xâm lấn hoặc chèn ép. - Tủy xương: Cả Burkitt lymphoma và Lymphoblastic lymphoma đều có xu hướng thâm nhiễm đến tủy xương hơn so với anaplastic large cell lymphoma và U lympho không Hodgkin tế bào B lớn lan tỏa",{}
HuongDanChanDoanVaDieuTriMotSoBenhLyHuyetHoc_B_n_r_t_g_n.md:431,HuongDanChanDoanVaDieuTriMotSoBenhLyHuyetHoc_B_n_r_t_g_n.md,431,211,". Bệnh nhân Burkitt lymphoma có tiên lượng xấu hơn đáng kể nếu đã xâm lấn tủy xương, tuy nhiên trong Lymphoblastic lymphoma không có sự khác biệt về tiên lượng. ngoctlv.kcb_Truong Le Van Ngoc_04/07/2022 08:49:53",{}
HuongDanChanDoanVaDieuTriMotSoBenhLyHuyetHoc_B_n_r_t_g_n.md:432,HuongDanChanDoanVaDieuTriMotSoBenhLyHuyetHoc_B_n_r_t_g_n.md,432,666,"- Hệ thần kinh trung ương: Cũng như xâm lấn tủy, U lympho Burkitt và Lymphoblastic lymphoma cũng thường có biểu hiện ở thần kinh trung ương. Trong U lympho không Hodgkin tế bào B lớn lan tỏa hoặc anaplastic large cell lymphoma, điều này rất hiếm. Biểu hiện ở hệ thần kinh trung ương có tiên lượng rất xấu. - Các vị trí khác: U lympho nguyên phát ở các vị trí khác (11%) bao gồm da và mô dưới da, hốc mắt, tuyến giáp, xương (có hoặc không tăng calci máu), thận, ngoài màng cứng, vú và tuyến sinh dục. - Các triệu chứng toàn thân: Sốt và sụt cân tương đối hiếm gặp ngoại trừ trong anaplastic large cell lymphoma. Sụt cân cũng có thể xảy ra thứ phát sau tắc ruột. b",{}
HuongDanChanDoanVaDieuTriMotSoBenhLyHuyetHoc_B_n_r_t_g_n.md:433,HuongDanChanDoanVaDieuTriMotSoBenhLyHuyetHoc_B_n_r_t_g_n.md,433,899,". - Các triệu chứng toàn thân: Sốt và sụt cân tương đối hiếm gặp ngoại trừ trong anaplastic large cell lymphoma. Sụt cân cũng có thể xảy ra thứ phát sau tắc ruột. b. Cận lâm sàng - Hạch đồ: Hạch tăng sinh, khá đồng nhất, chủ yếu là lymphoblast hoặc prolymphocyte: Kích thước to, nhân lớn (có thể có hạt nhân, nhân chẻ, nhân chia, nhân quái), nguyên sinh chất hẹp, không tạo đám; ít gặp bạch cầu đoạn trung tính, bạch cầu đoạn ưa acid, plasmocyte, đại thực bào, tế bào xơ. - Sinh thiết hạch hoặc tổ chức lympho nhằm làm xét nghiệm mô bệnh học kết hợp miễn dịch học (hóa mô miễn dịch hoặc đếm tế bào dòng chảy) và di truyền học là tiêu chuẩn vàng giúp chẩn đoán bệnh. - Xét nghiệm khác: + Tổng phân tích tế bào máu ngoại vi (huyết đồ) có thể gặp giảm lượng huyết sắc tố, giảm số lượng tiểu cầu, số lượng bạch cầu có thể tăng hoặc giảm; + LDH tăng trong khoảng 30% trường hợp; tăng calci máu",{}
HuongDanChanDoanVaDieuTriMotSoBenhLyHuyetHoc_B_n_r_t_g_n.md:434,HuongDanChanDoanVaDieuTriMotSoBenhLyHuyetHoc_B_n_r_t_g_n.md,434,676,". Chức năng gan thận có thể có biểu hiện rối loạn. Beta 2 microglobulin thường tăng; + Các phương pháp chẩn đoán hình ảnh: Siêu âm, X-quang, CT, MRI..., đặc biệt là PET, PET-CT giúp phát hiện các hạch sâu như hạch trung thất, hạch ổ bụng... các vị trí di căn khác và theo dõi sau điều trị; + Tủy đồ, sinh thiết tủy xương (có thể làm tại 2 vị trí) và nhuộm hóa mô miễn dịch nhằm phát hiện u lympho xâm lấn tủy; + Xét nghiệm di truyền: Phát hiện bất thường tùy từng thể bệnh; + Xét nghiệm điện di miễn dịch phát hiện thay đổi protein huyết thanh tùy thể bệnh; + Xét nghiệm vi khuẩn Helicobacter Pylori trong U lympho không Hodgkin tại dạ dày; + Xét nghiệm viêm gan B, C. 2.2",{}
HuongDanChanDoanVaDieuTriMotSoBenhLyHuyetHoc_B_n_r_t_g_n.md:435,HuongDanChanDoanVaDieuTriMotSoBenhLyHuyetHoc_B_n_r_t_g_n.md,435,501,". 2.2. Chẩn đoán thể bệnh Xếp loại u lympho không Hodgkin theo Tổ chức y tế thế giới (WHO 2016) - Phân loại của Tổ chức y tế Thế giới năm 2016 đã bổ sung thêm các điểm: Cập nhật các tiêu chuẩn chẩn đoán với thể u lympho đã có như: U lympho dạng lymphoplasmatic…; Cập nhật, thay đổi tên gọi một số thể như: U lympho tế bào B nguy cơ cao với MYC+ và BCL2+ và/hoặc BCL6+…; Bổ sung các thể mới như: U lympho tế bào B lớn với tái sắp xếp IRF4… ngoctlv.kcb_Truong Le Van Ngoc_04/07/2022 08:49:53",{}
HuongDanChanDoanVaDieuTriMotSoBenhLyHuyetHoc_B_n_r_t_g_n.md:436,HuongDanChanDoanVaDieuTriMotSoBenhLyHuyetHoc_B_n_r_t_g_n.md,436,222,- Bảng xếp loại U lympho không Hodgkin theo WHO 2016 ở trẻ em cũng tương tự như ở người lớn và được trình bày ở bài U lympho không Hodkin người lớn. 2.3. Chẩn đoán giai đoạn Bảng 34: Chẩn đoán giai đoạn theo Ann Arbor.,{}
HuongDanChanDoanVaDieuTriMotSoBenhLyHuyetHoc_B_n_r_t_g_n.md:437,HuongDanChanDoanVaDieuTriMotSoBenhLyHuyetHoc_B_n_r_t_g_n.md,437,731,"Giai đoạn Biểu hiện I Tổn thương một vùng hạch hoặc một vị trí ngoài hạch (IE). II Tổn thương hai vùng hạch trở lên trên cùng một phía cơ hoành. Có thể bao gồm cả lách (IIS), vị trí ngoài hạch (IIE) hoặc cả hai (IIES) nhưng vẫn nằm một phía cơ hoành. III Tổn thương nằm hai phía cơ hoành. Có thể tổn thương ở lách (IIIS), hoặc vị trí ngoài hạch (IIIE), hoặc cả hai (IIIES). IV Tổn thương lan tỏa rải rác nhiều tạng hoặc mô ngoài hạch (như: Tủy xương, gan, phổi…), có kèm hoặc không kèm tổn thương hạch. - B là khi có biểu hiện triệu chứng “B”: Sốt, ra mồ hôi đêm, sút cân trên 10% trọng lượng cơ thể trong 6 tháng. - A là khi không có các triệu chứng trên. Bảng 35: Chẩn đoán giai đoạn theo Murphy (nghiên cứu St’Jude)",{}
HuongDanChanDoanVaDieuTriMotSoBenhLyHuyetHoc_B_n_r_t_g_n.md:438,HuongDanChanDoanVaDieuTriMotSoBenhLyHuyetHoc_B_n_r_t_g_n.md,438,893,"Giai đoạn Tiêu chuẩn I - Một khối u duy nhất ngoài hạch hoặc một vị trí hạch duy nhất không bao gồm hạch trung thất và hạch ổ bụng II - Một khối u duy nhất ngoài hạch cộng thêm các hạch vùng ở cùng bên cơ hoành. - Hai hay nhiều hạch cùng bên cơ hoành. - Hai khối u ngoài hạch có hay không có hạch cùng bên cơ hoành. - U đường tiêu hóa, thường ở vị trí iléocaecale (gốc hồi manh tràng), có hoặc không có các hạch mạc treo có thể cắt bỏ được. III - Hai khối u ngoài hạch ở mỗi bên cơ hoành có sự tham gia của hai hay nhiều hạch ở hai bên cơ hoành. - Các khối u ở ngực (trung thất, phổi, tuyến ức) - Tất cả các khối u lan rộng ở bụng và không thể phẫu thuật được. - Tất cả các khối u gần xương sống hay ngoài màng cứng IV - Xâm lấn não, dịch não tủy hay tủy xương. Bảng 36: Chẩn đoán giai đoạn theo FAB ((French- American- Bristish) cho DLBCL, BL, BLL ( Burkitt- like lymphoma) trẻ em .",{}
HuongDanChanDoanVaDieuTriMotSoBenhLyHuyetHoc_B_n_r_t_g_n.md:439,HuongDanChanDoanVaDieuTriMotSoBenhLyHuyetHoc_B_n_r_t_g_n.md,439,122,Nhóm A: giai đoạn I và II theo Murphy (tổn thương đã cắt bỏ hoàn toàn). ngoctlv.kcb_Truong Le Van Ngoc_04/07/2022 08:49:53,{}
HuongDanChanDoanVaDieuTriMotSoBenhLyHuyetHoc_B_n_r_t_g_n.md:440,HuongDanChanDoanVaDieuTriMotSoBenhLyHuyetHoc_B_n_r_t_g_n.md,440,817,"2.4. Chẩn đoán phân biệt - U lympho Hodgkin: Trên hạch đồ và sinh thiết hạch tìm thấy tế bào Reed- Sternberg hoặc các biến thể. - Hạch tăng sinh phản ứng: Hạch to, thường đau, ở gần nơi tổn thương. Hạch to diễn biến cấp nhưng lành tính và trở lại bình thường sau khi khỏi bệnh chính. - Hạch lao: Thường gặp chuỗi hạch dọc cơ ức đòn chũm, không đau, nếu kéo dài thường vỡ và chảy chất bã đậu. Hạch đồ và sinh thiết hạch thường thấy tổn thương gồm: tế bào bán liên, tế bào khổng lồ Langerhans, chất hoại tử bã đậu. - Hạch ung thư di căn: Trên hạch đồ và sinh thiết hạch thường thấy các tế bào ung thư: kích thước lớn, nhân to, mịn, thường có nhiều hạt nhân, nguyên sinh chất rộng, đôi khi có hốc chế tiết, thường đứng thành đám. Đa số trường hợp có thể phát hiện được cơ quan ung thư nguyên phát. 3. ĐIỀU TRỊ 3.1",{}
HuongDanChanDoanVaDieuTriMotSoBenhLyHuyetHoc_B_n_r_t_g_n.md:441,HuongDanChanDoanVaDieuTriMotSoBenhLyHuyetHoc_B_n_r_t_g_n.md,441,694,". Đa số trường hợp có thể phát hiện được cơ quan ung thư nguyên phát. 3. ĐIỀU TRỊ 3.1. Điều trị cấp cứu Ba biểu hiện lâm sàng cần được chú ý ngay lập tức bao gồm: - Hội chứng tĩnh mạch chủ trên thứ phát sau một khối trung thất lớn cản trở lưu lượng máu. - Chèn ép đường hô hấp. - Hội chứng ly giải khối u. 3.2. Hóa trị Phác đồ điều trị được chia thành các nhóm sau: a. Lymphoblastic lymphoma (LL): Bệnh cục bộ và tiến triển được điều trị giống nhau. b. U lympho Hodgkin dòng B (Burkitt lymphoma-BL), u lympho giống Burkitt (Burkitt - like lymphoma - BLL) và u lympho tế bào B lớn lan tỏa (DLCL). - Nguy cơ thấp. - Nguy cơ trung gian. - Nguy cơ cao (CNS hoặc liên quan đến tủy xương). c",{}
HuongDanChanDoanVaDieuTriMotSoBenhLyHuyetHoc_B_n_r_t_g_n.md:442,HuongDanChanDoanVaDieuTriMotSoBenhLyHuyetHoc_B_n_r_t_g_n.md,442,622,. - Nguy cơ thấp. - Nguy cơ trung gian. - Nguy cơ cao (CNS hoặc liên quan đến tủy xương). c. Anaplastic large cell lymphoma Nhóm B: Tất cả các bệnh nhân không đủ điều kiện tham gia Nhóm A hoặc Nhóm C Nhóm C: Bất kỳ sự tham gia nào của CNS ** và/hoặc liên quan đến tủy xương (≥ 25% blast) ** CNS: Khi có bất kì 1 hay nhiều dấu hiệu sau: - Hiện diện tế bào blast L3 trong dịch não tủy - Tổn thương một hoặc nhiều cặp thần kinh sọ (không do khối u ngoài sọ) - Có dấu hiệu lâm sàng của chèn ép tủy sống - U nội sọ khu trú - Giãn khoang dưới màng cứng (sọ não/tủy sống) ngoctlv.kcb_Truong Le Van Ngoc_04/07/2022 08:49:53,{}
HuongDanChanDoanVaDieuTriMotSoBenhLyHuyetHoc_B_n_r_t_g_n.md:443,HuongDanChanDoanVaDieuTriMotSoBenhLyHuyetHoc_B_n_r_t_g_n.md,443,326,"- Giai đoạn thấp. - Giai đoạn tiến triển. 3.3. Phác đồ điều trị với từng nhóm bệnh a. Lymphoblastic lymphoma - Đối tượng áp dụng: + Lymphoblastic lymphoma dòng tế bào B hoặc T. + Bệnh khu trú hoặc tiến triển. Phác đồ BFM-NHL Sơ đồ chung: Tuần 19 21

ngoctlv.kcb_Truong Le Van Ngoc_04/07/2022 08:49:53

Thuốc cụ thể:",{}
HuongDanChanDoanVaDieuTriMotSoBenhLyHuyetHoc_B_n_r_t_g_n.md:444,HuongDanChanDoanVaDieuTriMotSoBenhLyHuyetHoc_B_n_r_t_g_n.md,444,899,"Thuốc Liều lượng Ngày dùng Tấn công Methylprednisone (uống) Vincristine (tĩnh mạch) Daunorubicin(tĩnh mạch/1h) Asparaginase (tĩnh mạch/ tiêm bắp) Cyclophosphamide(tĩnh mạch/1h) Cytarabine (tĩnh mạch) Mercaptopurine (uống) MTX (tiêm tủy sống) 60 mg/m2 1-28, giảm liều trong 9 ngày 1.5 mg/m2( tối đa 2mg) 8,15,22,29 30 mg/m2 8, 15, 22,29 10,000 UI /m2 12,15,18,21,24,27,30,33 1,000 mg/m2 36,64 75 mg/m2 38-41, 45- 48, 52- 55, 59- 62 60 mg/m2 36- 63 12 mg 1,15,29,45,59 Củng cố (phác đồ M) (sau pha Tấn công 2 tuần) Mercaptopurine (uống) 25 mg/m2 1-56 MTX (tĩnh mạch/24h) 5,000 mg/m2 8,22,36,50 MTX (tiêm tủy sống) 12 mg 8,22,36,50 Tái tấn công ( sau pha Phác đồ M 2 tuần) Dexamethasone (uống) Vincristine (tĩnh mạch) Doxorubicin (tĩnh mạch) Asparaginase (tĩnh mạch/ tiêm bắp) Cyclophosphamide (tĩnh mạch) Cytarabine (tĩnh mạch) Mercaptopurine (uống) MTX (tiêm tủy sống) 10 mg/m2 1-21, giảm liều trong",{}
HuongDanChanDoanVaDieuTriMotSoBenhLyHuyetHoc_B_n_r_t_g_n.md:445,HuongDanChanDoanVaDieuTriMotSoBenhLyHuyetHoc_B_n_r_t_g_n.md,445,517,"(tĩnh mạch) Asparaginase (tĩnh mạch/ tiêm bắp) Cyclophosphamide (tĩnh mạch) Cytarabine (tĩnh mạch) Mercaptopurine (uống) MTX (tiêm tủy sống) 10 mg/m2 1-21, giảm liều trong 9 ngày 1.5 mg/m2 (tối đa 2mg) 8,15,22,29 30 mg/m2 8,15,22,29 10,000UI/m2 8,11,15,18 1,000mg/m2 75 mg/m2 38- 41, 45- 48 60mg/m2 36- 49 12 mg 38, 45 Duy trì (sau Phác đồ M/ hoặc sau pha Tái tấn công 2 tuần) Mercaptopurine (uống) Methotrexate (uống) 50mg/m2/ngày 20 mg/m2/ngày Hàng ngày Hàng tuần ngoctlv.kcb_Truong Le Van Ngoc_04/07/2022 08:49:53",{}
HuongDanChanDoanVaDieuTriMotSoBenhLyHuyetHoc_B_n_r_t_g_n.md:446,HuongDanChanDoanVaDieuTriMotSoBenhLyHuyetHoc_B_n_r_t_g_n.md,446,714,"Lưu ý: - Bệnh nhân Lymphoblastic lymphoma khu trú: Điều trị Tấn công -> Củng cố -> Duy trì. - Bệnh nhân Lymphoblastic lymphoma tiến triển có thêm xạ trị màng não dự phòng và tái tấn công. - Ở ngày thứ 33, kích thước khối u giảm dưới 70% thì chuyển điều trị như Lơ xê mi lympho cấp nhóm nguy cơ cao. - Nếu sau giai đoạn tấn công, khối u vẫn còn thì phẫu thuật cắt bỏ. Nếu sau phẫu thuật vẫn còn tế bào u, điều trị như Lơ xê mi lympho cấp nhóm nguy cơ cao. - Truyền Methotrexat (MTX) và leucovorine (CF) rescue. + MTX: 5g/m2/24h, 10% tổng liều truyền trong 30 phút đầu, 90% tổng liều truyền trong 23,5 giờ còn lại; + CF rescue: 30mg/m2 IV giờ thứ 42, sau đó 6 liều 15mg/m2 mỗi 6h cho đến khi định lương MTX < 0,4µ𝑚",{}
HuongDanChanDoanVaDieuTriMotSoBenhLyHuyetHoc_B_n_r_t_g_n.md:447,HuongDanChanDoanVaDieuTriMotSoBenhLyHuyetHoc_B_n_r_t_g_n.md,447,513,". - Xạ trị sọ não (CRT): + Chỉ áp dụng cho bệnh nhân giai đoạn III và IV, không áp dụng trẻ dưới 1 tuổi; + Xạ trị dự phòng cho tất cả bệnh nhân không có thâm nhiễm TKTW với liều 12Gy; + Xạ trị điều trị (Bệnh nhân có thâm nhiễm TKTW) cho trẻ từ trên 1- 2 tuổi là 18Gy, trẻ lớn hơn là 24 Gy. Thời điểm: CRT ở pha 2 của Tái tấn công (tuần thứ 27- 29). - Trường hợp có thâm nhiễm tinh hoàn: Xạ trị tinh hoàn liều 20 Gy sau khi điều trị xong Giai đoạn củng cố (phác đồ M). - Liều Methotrexat tiêm tủy sống theo tuổi:",{}
HuongDanChanDoanVaDieuTriMotSoBenhLyHuyetHoc_B_n_r_t_g_n.md:448,HuongDanChanDoanVaDieuTriMotSoBenhLyHuyetHoc_B_n_r_t_g_n.md,448,870,"Tuổi Liều ( mg) > 3 tuổi 2-3 tuổi 1-2 tuổi Dưới 1 tuổi

b. U lympho không Hodgkin tế bào B (Burkitt lymphoma [BL], u lympho giống Burkitt [BLL] và u lympho tế bào lớn lan tỏa [DLCL]) ngoctlv.kcb_Truong Le Van Ngoc_04/07/2022 08:49:53

 Phác đồ LMB - BFM 2001: điều trị theo phân nhóm nguy cơ FAB như sau:

Nhóm Giai đoạn Phác đồ A - Giai đoạn I đã cắt khối u hoàn toàn - Giai đoạn II khôi u ổ bụng đã cắt bỏ hoàn toàn COPAD - COPAD B - Giai đoạn I chưa cắt bỏ hoàn toàn khối u - Giai đoạn II (ngoại trừ khối u ổ bụng giai đoạn II đã cắt bỏ hoàn toàn) - Giai đoạn III - Giai đoạn IV (không thâm nhiễm TKTW, tủy xương < 25% blast) COP - COPADM1 - COPADM2 - CYM1 - CYM2 C - Thâm nhiễm tủy và/hoặc thâm nhiễm não-màng não COP -COPADM1-COPADM2- CYVE1-CYVE2-M1-M2 -M3- M4 * Bệnh nhân có CNS (+) điều trị thêm methotrexat 8g/m2 và 3 liều tiêm hóa chất khoang nội tủy",{}
HuongDanChanDoanVaDieuTriMotSoBenhLyHuyetHoc_B_n_r_t_g_n.md:449,HuongDanChanDoanVaDieuTriMotSoBenhLyHuyetHoc_B_n_r_t_g_n.md,449,795," Các thuốc cụ thể:  Nhóm A: 2 đợt COPAD ( chu kỳ 21 ngày), đợt 2 bắt đầu khi số lượng tế bào máu hồi phục ( BCTT > 1,000/cm3 và TC >100,000/cm3 ). - COPAD:

Thuốc Liều lượng, đường dùng, ngày dùng Cyclophosphamide

Vincristine Methylprednisolone Doxorubicin G-CSF 250 mg/m2/ 12 giờ (500 mg/m2/ngày), tĩnh mạch, N1→N3. Hydrat hóa nên được duy trì với tốc độ 3000 ml /m2/ngày (125 ml/ m2/h) cho đến 12giờ sau liều cyclophosphamide cuối cùng. 2.0 mg/m2 (liều tối đa 2.0 mg), tĩnh mạch, ngày 1 và 6 60 mg/m2/ngày (chia làm 2 lần), đường uống/ tĩnh mạch, từ N1→ N5, sau đó giảm liều và ngưng trong 3 ngày 60 mg/m2, tĩnh mạch, truyền trong 6h giữa 2 liều cyclophosphamide 5 mcg/kg/ngày, dưới da, ngày thứ 7 cho đến khi BCTT > 3,000/mm3, ngoctlv.kcb_Truong Le Van Ngoc_04/07/2022 08:49:53

Nhóm B",{}
HuongDanChanDoanVaDieuTriMotSoBenhLyHuyetHoc_B_n_r_t_g_n.md:450,HuongDanChanDoanVaDieuTriMotSoBenhLyHuyetHoc_B_n_r_t_g_n.md,450,897,"Thuốc Liều lượng, đường dùng Ngày dùng Pha trước tấn công: COP Cyclophosphamide Vincristine Methylprednisolone Methotrexate, Hydrocortisone 300 mg/m2, tĩnh mạch 1.0 mg/m2 (tối đa 2.0 mg), tĩnh mạch 60 mg/m2/day (chia 3 liều), đường uông/tĩnh mạch 15mg, tiêm tủy sống* Ngày 1 Ngày 1 Ngày 1- 7 Ngày 1 Tấn công: 2 chu kỳ COPADM, COPADM1 được bắt đầu từ ngày thứ 8 của COP nếu không có chống chỉ định; COPADM2 bắt đầu khi tế bào máu ngoại vi hồi phục ( BCTT > 1 G/L, SLTC > 100 G/L), không nên bắt đầu trước ngày thứ 16 tính từ ngày đầu của COPADM1 và nên trì hoãn sau 48 giờ kể từ liều G- CSF cuối cùng COPADM 1&2 Vincristine Methylprednisolone 2.0 mg/m2 (tối đa 2.0 mg), tĩnh mạch 60 mg/m2/day (chia 3 liều), đường Ngày 1 Ngày 1- 5 uông/ tĩnh mạch Methotrexate 3 g/m2trong 3h, tĩnh mạch Ngày 1 (Axit folinic bắt đầu từ giờ 24 của MTX, 15 mg/m2 mỗi 6h, 12 liều) Cyclophosphamide 250 mg/m2/12 giờ (",{}
HuongDanChanDoanVaDieuTriMotSoBenhLyHuyetHoc_B_n_r_t_g_n.md:451,HuongDanChanDoanVaDieuTriMotSoBenhLyHuyetHoc_B_n_r_t_g_n.md,451,705,"1 Ngày 1- 5 uông/ tĩnh mạch Methotrexate 3 g/m2trong 3h, tĩnh mạch Ngày 1 (Axit folinic bắt đầu từ giờ 24 của MTX, 15 mg/m2 mỗi 6h, 12 liều) Cyclophosphamide 250 mg/m2/12 giờ ( tổng 6 liều), tĩnh Ngày 2- 4 mạch ( trong chu kỳ COPADM2 liều 500 mg/m2/12 giờ) Doxorubicin 60 mg/m2 (truyền trong 6 giờ), tĩnh Ngày 2, sau liều mạch cyclophosphamide đầu tiên Methotrexate & 15mg, tiêm tủy sống * Ngày 2,6 Hydrocortisone G-CSF 5 mcg/kg/ngày, tiêm dưới da ngày thứ 7 cho đến khi BCTT > 3,000 /mm3 CYM 1&2: CYM1 bắt đầu khi số lượng tế bào máu ngoại vi hồi phục sau COPADM2 (BCTT > 1,000/cm3 và TC >100,000/cm3); CYM2 bắt đầu khi số lượng tế bào máu ngoại vi hồi phục sau CYM1 (BCTT > 1,000/cm3 và TC >100,000/cm3)",{}
HuongDanChanDoanVaDieuTriMotSoBenhLyHuyetHoc_B_n_r_t_g_n.md:452,HuongDanChanDoanVaDieuTriMotSoBenhLyHuyetHoc_B_n_r_t_g_n.md,452,99,". Methotrexate 3 g/m2 trong 3h, tĩnh mạch Ngày 1 ngoctlv.kcb_Truong Le Van Ngoc_04/07/2022 08:49:53",{}
HuongDanChanDoanVaDieuTriMotSoBenhLyHuyetHoc_B_n_r_t_g_n.md:453,HuongDanChanDoanVaDieuTriMotSoBenhLyHuyetHoc_B_n_r_t_g_n.md,453,377,"Thuốc Liều lượng, đường dùng Ngày dùng (Axit folinic bắt đầu từ giờ 24 của MTX, 15 mg/m2 mỗi 6h, 12 liều) Cytarabine Methotrexate Cytarabine Hydrocortisone G-CSF 100 mg/m2/ngày, tĩnh mạch/ 24h 15 mg, tiêm tủy sông * 15 mg, tiêm tủy sông * 30 mg, tiêm tủy sông * 5 mcg/kg/ngày , tiêm dưới da Ngày 2-6 Ngày 2 Ngày 7 Ngày 2,7 ngày thứ 7 cho đến khi BCTT > 3,000 /mm3  Nhóm C**:",{}
HuongDanChanDoanVaDieuTriMotSoBenhLyHuyetHoc_B_n_r_t_g_n.md:454,HuongDanChanDoanVaDieuTriMotSoBenhLyHuyetHoc_B_n_r_t_g_n.md,454,420,"Thuốc Liều lượng, đường dùng Ngày dùng Pha trước tấn công: COP+ Cyclophosphamide Vincristine 300 mg/m2, tĩnh mạch 1.0 mg/m2 (tối đa 2.0 mg), tĩnh mạch Ngày 1 Ngày 1 Methylprednisolone 60 mg/m2, đường uống/ tĩnh mạch Ngày 1- 7 (giảm liều trong 3 ngày) Methotrexate 15mg, tiêm tủy sống* Ngày 1,3,5 Hydrocortisone 15mg, tiêm tủy sống* Ngày 1,3,5 Cytarabine 30mg, tiêm tủy sống* Ngày 1,3,5 Folinic acid 15mg/m2, đường uống",{}
HuongDanChanDoanVaDieuTriMotSoBenhLyHuyetHoc_B_n_r_t_g_n.md:455,HuongDanChanDoanVaDieuTriMotSoBenhLyHuyetHoc_B_n_r_t_g_n.md,455,730,". mỗi 12h Ngày 2,4 Tấn công: COPADM 1&2:, COPADM1 được bắt đầu từ ngày thứ 8 của COP nếu không có chống chỉ định; COPADM2 bắt đầu khi tế bào máu ngoại vi hồi phục ( BCTT > 1,000/cm3 và TC >100,000/cm3), không nên bắt đầu trước ngày thứ 16 tính từ ngày đầu của COPADM1 và nên trì hoãn sau 48 giờ kể từ liều G- CSF cuối cùng Vincristine 2.0 mg/m2 (tối đa 2.0mg), tĩnh mạch Ngày 1 Methylprednisolone 60 mg/m2ngày (chia 3 liều), đường Ngày 1- 5 (giảm dần uống/ tĩnh mạch liều trong 3 ngày) Methotrexate (HD) 8 g/m2, tĩnh mạch, trong 4 h Ngày 1 (Axit folinic bắt đầu từ giờ 24 của MTX, 15 mg/m2 mỗi 6h, 12 liều) Cyclophosphamide 250 mg/m2/12 giờ (500 mg/m2/ngày), Ngày 2- 4 tĩnh mạch ngoctlv.kcb_Truong Le Van Ngoc_04/07/2022 08:49:53",{}
HuongDanChanDoanVaDieuTriMotSoBenhLyHuyetHoc_B_n_r_t_g_n.md:456,HuongDanChanDoanVaDieuTriMotSoBenhLyHuyetHoc_B_n_r_t_g_n.md,456,895,"Thuốc Liều lượng, đường dùng Ngày dùng Doxorubicin 60 mg/m2, tĩnh mạch, trong 6h Ngày 2, sau liều cyclophosphamide đầu tiên Methotrexate Hydrocortisone Cytarabine G-CSF 15mg, tiêm tủy sống* 15mg, tiêm tủy sống* 30mg, tiêm tủy sống* 5 mcg/kg/ngày, tiêm dưới da Ngày 2,4, 6 Ngày 2,4, 6 Ngày 2,4, 6 ngày thứ 7 cho đến khi BCTT > 3,000 /mm3 COPADM 2 bắt đầu khi BCTT > 1,000/cm3 và TC > 100,000/cm3 Củng cố: CYVE 1&2: bắt đầu khi BCTT > 1,000/cm3 và TC > 100,000/cm3 Cytarabine 50 mg/m2/ngày, tĩnh mạch, liên tục trong Ngày 1-5 12 giờ (giờ 1- 12) Cytarabine 3000 mg/m2/ngày, tĩnh mạch, trong 3h Ngày 2-5 (giờ 13- 15) Etoposide 200 mg/m2/ngày, tĩnh mạch, trong 2h Ngày 2-5 (giờ 17- 19) G-CSF 5 mcg/kg/ngày, tiêm dưới da ngày thứ 7 cho đến khi BCTT> 3,000 /mm3 Duy trì: Khoảng cách giữa các đợt duy trì là 28 ngày Duy trì 1 (M1): bắt đầu khi BCTT > 1,000/cm3 và TC 100,000/cm3 Vincristine 2.0 mg/m2",{}
HuongDanChanDoanVaDieuTriMotSoBenhLyHuyetHoc_B_n_r_t_g_n.md:457,HuongDanChanDoanVaDieuTriMotSoBenhLyHuyetHoc_B_n_r_t_g_n.md,457,754,"ngày thứ 7 cho đến khi BCTT> 3,000 /mm3 Duy trì: Khoảng cách giữa các đợt duy trì là 28 ngày Duy trì 1 (M1): bắt đầu khi BCTT > 1,000/cm3 và TC 100,000/cm3 Vincristine 2.0 mg/m2 (tối đa 2.0 mg), tĩnh mạch Ngày 1 Methylprednisolone 60 mg/m2/ngày (chia 3 liều), đường Ngày 1- 5 (giảm dần uống/ tĩnh mạch liều trong 3 ngày) Methotrexate (HD) 8 g/m2, tĩnh mạch, trong 4h Ngày 1 (Axit folinic bắt đầu từ giờ 24 của MTX, 15 mg/m2 mỗi 6h, 12 liều) Cyclophosphamide 500 mg/m2/ngày, tĩnh mạch Ngày 2,3 Doxorubicin 60 mg/m2, tĩnh mạch, trong 6h Ngày 2, sau liều cyclophosphamide đầu tiên Methotrexate 15mg, tiêm tủy sống* Ngày 2 Hydrocortisone 15mg, tiêm tủy sống* Ngày 2 Cytarabine 30mg, tiêm tủy sống * Ngày 2 ngoctlv.kcb_Truong Le Van Ngoc_04/07/2022 08:49:53",{}
HuongDanChanDoanVaDieuTriMotSoBenhLyHuyetHoc_B_n_r_t_g_n.md:458,HuongDanChanDoanVaDieuTriMotSoBenhLyHuyetHoc_B_n_r_t_g_n.md,458,818,"Thuốc Liều lượng, đường dùng Ngày dùng Duy trì 2 (M2): bắt đầu khi BCTT > 1,000/cm3 và TC >100,000/ cm3 Cytarabine Etoposide 50 mg/m2, tiêm dưới da, mỗi 12 giờ 150 mg/m2/ngày, tĩnh mạch, trong 90 phút Ngày 1-5 Ngày 1-3 Duy trì (M3): bắt đầu khi BCTT > 1,000/cm3 và TC >100,000/cm3 Methylprednisolone 60 mg/m2/ngày, chia làm 2 lần/ngày, đường uống/tĩnh mạch Ngày 1-5 Vincristine 2.0 mg/m2 (tối đa 2.0 mg), tĩnh mạch Ngày 1 Cyclophosphamide 500 mg/m2/ngày, tĩnh mạch, trong 30 Ngày 1,2 phút. Doxorubicin 60 mg/m2 (tĩnh mạch, trong 6 giờ). Ngày 1, sau cyclophosphamide Duy trì 4( M4): bắt đầu khi BCTT > 1,000/cm3 và TC > 100,000/cm3 Cytarabine Etoposide 50 mg/m2/12 giờ, tiêm dưới da 150 mg/m2/ngày, tĩnh mạch, trong 90 phút Ngày 1-5 Ngày 1-3 * liều thay đổi theo tuổi Liều lượng tiêm hóa chất khoang nội tủy theo tuổi",{}
HuongDanChanDoanVaDieuTriMotSoBenhLyHuyetHoc_B_n_r_t_g_n.md:459,HuongDanChanDoanVaDieuTriMotSoBenhLyHuyetHoc_B_n_r_t_g_n.md,459,559,"Tuổi MTX HC Cytarabine < 1 tuổi 8 mg 8 mg 15 mg 1 tuổi 10 mg 10 mg 20 mg 2 tuổi 12 mg 12 mg 25 mg > 3 tuổi 15mg 15mg 30 mg ** Đối với nhóm C: ngoài hóa trị như trên, có thể thêm Rituximab vào pha Tấn công và Củng cố c. Anaplastic large cell lymphoma (ALCL)  Phân nhóm điều trị trong ALCL

Nhóm Giai đoạn Phác đồ I, II, đã phẫu thuật cắt bỏ vA – B- A II- chưa phẫu thuật, III vA- B- A-B- A- B IV hoặc xâm lấn nhiều xương vAA - BB- CC- AA- BB- CC  Phác đồ BFM- NHL 90: gồm các đợt ( course) như sau ngoctlv.kcb_Truong Le Van Ngoc_04/07/2022 08:49:53",{}
HuongDanChanDoanVaDieuTriMotSoBenhLyHuyetHoc_B_n_r_t_g_n.md:460,HuongDanChanDoanVaDieuTriMotSoBenhLyHuyetHoc_B_n_r_t_g_n.md,460,897,"Thuôc Liều lượng Ngày dùng Đợt điều trị giảm tế bào (Cytoreductive phase (course v)) Methylprednisone (uống/ tĩnh mạch) Cyclophosphamide, tĩnh mạch 30 mg/m2 200 mg/m2 1-5 1-5 Course A Dexamethasone (uống) 10 mg/m2 1-5 Ifosfamide (tĩnh mạch) 800mg/m2 1-5 Methotrexate (tĩnh mạch/ 24h) 500 mg/m2 Methotrexate (tiêm tủy sống*) 12 mg Cytarabine (tiêm tủy sống*) 30 mg Methylprednisolone (tiêm tủy sống*) 10 mg Cytarabine (tĩnh mạch/ 1h) 150 mg/m2/12h 4,5 Etoposide (tĩnh mạch/ 1h) 100 mg/m2 4,5 Course B Dexamethasone (uống) 10 mg/m2 1-5 Cyclophosphamide (tĩnh mạch/1h) 200 mg/m2 1-5 Methotrexate (tĩnh mạch/24h) 500 mg/m2 Methotrexate (tiêm tủy sống*) 12 mg Cytarabine (tiêm tủy sống*) 30 mg Methylprednisolone (tiêm tủy sống*) 10 mg Doxorubicin (tĩnh mạch/ 1h) 25 mg/m2 4,5 Course AA Dexamethasone (uống) 10 mg/m2 1-5 Ifosfamide (tĩnh mạch) 800 mg/m2 1-5 Vincristine (tĩnh mạch) 1,5mg/m2 (tối đa",{}
HuongDanChanDoanVaDieuTriMotSoBenhLyHuyetHoc_B_n_r_t_g_n.md:461,HuongDanChanDoanVaDieuTriMotSoBenhLyHuyetHoc_B_n_r_t_g_n.md,461,572,"tủy sống*) 10 mg Doxorubicin (tĩnh mạch/ 1h) 25 mg/m2 4,5 Course AA Dexamethasone (uống) 10 mg/m2 1-5 Ifosfamide (tĩnh mạch) 800 mg/m2 1-5 Vincristine (tĩnh mạch) 1,5mg/m2 (tối đa 2mg) Methotrexate (tĩnh mạch/24h) 5000 mg/m2 Methotrexate (tiêm tủy sống*) 6 mg 1,5 Cytarabine (tiêm tủy sống*) 15 mg 1,5 Methylprednisolone (tiêm tủy sống*) 5 mg 1,5 Etoposide (tĩnh mạch/1h) 100 mg/m2 4,5 Course BB Dexamethasone (uống) 10 mg/m2 1-5 Cyclophosphamide (tĩnh mạch/1h) 200 mg/m2 1-5 Vincristine (tĩnh mạch) 1,5mg/m2 (tối đa 2mg) ngoctlv.kcb_Truong Le Van Ngoc_04/07/2022 08:49:53",{}
HuongDanChanDoanVaDieuTriMotSoBenhLyHuyetHoc_B_n_r_t_g_n.md:462,HuongDanChanDoanVaDieuTriMotSoBenhLyHuyetHoc_B_n_r_t_g_n.md,462,559,"Thuôc Liều lượng Ngày dùng Methotrexate (tĩnh mạch/ 24h) 5000 mg/m2 Methotrexate (tiêm tủy sống*) 6 mg 1,5 Cytarabine (tiêm tủy sống*) 15 mg 1,5 Methylprednisolone (tiêm tủy sống*) 5 mg 1,5 Doxorubicin (tĩnh mạch/1h) 25 mg/m2 4,5 Course CC Dexamethasone (uống) 20 mg/m2 1-5 Vinblastine (tĩnh mạch) 6 mg/m2 Cytarabine (tĩnh mạch/3h) 2000 mg/m2/12h 1,2 Methotrexate (tiêm tủy sống*) 12 mg Cytarabine (tiêm tủy sống*) 30 mg Methylprednisolone (tiêm tủy sống*) 10 mg Etoposide (tĩnh mạch/1h) 150 mg/m2 3- 5 * Liều chỉnh theo tuổi Liều thuốc tiêm khoang nội tủy",{}
HuongDanChanDoanVaDieuTriMotSoBenhLyHuyetHoc_B_n_r_t_g_n.md:463,HuongDanChanDoanVaDieuTriMotSoBenhLyHuyetHoc_B_n_r_t_g_n.md,463,739,"Tuổi Course AA, BB Course A,B, CC MTX (mg) Ara-C (mg) Prednisolone (mg) MTX (mg) Ara-C (mg) Prednisolone (mg) < 1 tuổi 1-2 tuổi 2-3 tuổi ≥ 3 tuổi d.U lympho không Hodgkin tế bào T: có thể dùng phác đồ Macao, phác đồ AALL 0434 ( của Children’s Oncology Group)...  Phác đồ MACAO: gồm các đợt hóa chất như sau, đợt kế tiếp bắt đầu khi tế bào máu ngoại vi hồi phục ( BCTT > 1 G/L, SLTC > 100 G/L) Đợt 1

THUỐC LIỀU LƯỢNG, ĐƯỜNG DÙNG NGÀY DÙNG Methylprednisolone 60mg/m2, tĩnh mạch 1- 29 Vincristine 1,5mg/m2, tĩnh mạch (tối đa 2mg) 8,15,22,29 Cyclophosphamide 1g/m2, tĩnh mạch Daunorubicin 40mg/m2, tĩnh mạch 15,22,29 L-asparaginase 10 000UI/m2, tiêm bắp/ tĩnh mạch 16, 18,20,22,24,26 ngoctlv.kcb_Truong Le Van Ngoc_04/07/2022 08:49:53",{}
HuongDanChanDoanVaDieuTriMotSoBenhLyHuyetHoc_B_n_r_t_g_n.md:464,HuongDanChanDoanVaDieuTriMotSoBenhLyHuyetHoc_B_n_r_t_g_n.md,464,852,"Methotrexate 3g/m2, tĩnh mạch, truyền trong 3h (giải độc bằng acid folic) Methotrexate Hydrocortisol 8-15mg, tiêm tủy sông 8-15mg, tiêm tủy sống (liều lượng thay đổi theo tuổi) 1, 8, 15 Đợt 2 và đợt 3: bắt đầu khi số lượng BC trung tính trên 1000 và Tiểu cầu trên 100 000. Ngày thứ 15 có thể hoãn tới ngày thứ 22 trong trường hợp có suy tủy ( BC hạt dưới 500 và Tiểu cầu dưới 50 000) hoặc trong tình trạng lâm sàng không ổn định. THUỐC LIỀU LƯỢNG, ĐƯỜNG DÙNG NGÀY DÙNG Vincristine 1,5mg/m2, tĩnh mạch (tối đa 2mg) Cyclophosphamide 1g/m2, tĩnh mạch Cytarabin 75mg/m2, tĩnh mạch 2,3,4,5 và 8,9, 10,11 L-asparaginase 25 000 UI/m2 , tiêm bắp/tĩnh mạch 16, 23 Methotrexate 3g/m2, tĩnh mạch, truyền trong 3h (giải độc bằng acid folic) 1, 15 Methotrexate Hydrocortisol 8-15mg, tiêm tủy sống 8-15mg, tiêm tủy sống (Liều lượng thay đổi theo tuổi) 2, 16 Đợt 4",{}
HuongDanChanDoanVaDieuTriMotSoBenhLyHuyetHoc_B_n_r_t_g_n.md:465,HuongDanChanDoanVaDieuTriMotSoBenhLyHuyetHoc_B_n_r_t_g_n.md,465,877,"THUỐC LIỀU LƯỢNG, ĐƯỜNG DÙNG NGÀY DÙNG Mercaptopurin 50 mg/m2, uống 1-22 Methotrexate 3g/m2, tĩnh mạch/3h (giải độc bằng acid folic) 1, 15 Methotrexate Hydrocortisol 8-15mg, tiêm tủy sống 8-15mg, tiêm tủy sống (Liều lượng thay đổi theo tuổi) 2, 16 Đợt 5

THUỐC LIỀU LƯỢNG, ĐƯỜNG DÙNG NGÀY DÙNG Dexamethasone 6 mg/m2 , uống/ tĩnh mạch 1- 21 Vincristine 1,5mg/m2, tĩnh mạch (tối đa 2mg) 1, 8, 15 Adriamycine 40 mg/m2, tĩnh mạch 1, 8, 15 L-asparaginase 10 000 UI/m2, tiêm bắp/ tĩnh mạch 16, 18, 20 và 22, 24, 26 Cyclophosphamide 1000 mg/m2, tĩnh mạch Cytarabin 75mg/m2, tĩnh mạch/ tiêm dưới da 29, 30, 31, 32 và 36, 37, 38, ngoctlv.kcb_Truong Le Van Ngoc_04/07/2022 08:49:53

THUỐC LIỀU LƯỢNG, ĐƯỜNG DÙNG NGÀY DÙNG Methotrexate Hydrocortisol 8-15mg, tiêm tủy sống 8-15mg, tiêm tủy sống (Liều lượng thay đổi theo tuổi) 1, 29

Đợt 6: 6.1 : Phác đồ A vào tháng thứ 1, thứ 3 và thứ 5",{}
HuongDanChanDoanVaDieuTriMotSoBenhLyHuyetHoc_B_n_r_t_g_n.md:466,HuongDanChanDoanVaDieuTriMotSoBenhLyHuyetHoc_B_n_r_t_g_n.md,466,861,"Đợt 6: 6.1 : Phác đồ A vào tháng thứ 1, thứ 3 và thứ 5

THUỐC LIỀU LƯỢNG, ĐƯỜNG DÙNG NGÀY DÙNG Methotrexate 3g/m2, tĩnh mạch, truyền trong 3h (giải độc bằng acid folic) Vincristine 1,5mg/m2, tĩnh mạch, (tối đa 2mg) L-asparaginase 25 000 UI/m2, tiêm bắp/tĩnh mạch Mercaptopurin 50 mg/m2, uống 1-29 Methotrexate 25 mg/m2, uống 8, 15, 22 Methotrexate Hydrocortisol 8-15mg, tiêm tủy sống 8-15mg, tiêm tủy sống (Liều lượng thay đổi theo tuổi)

6.2 : Phác đồ B vào tháng thứ 2, thứ 4 và thứ 6

THUỐC LIỀU LƯỢNG, ĐƯỜNG DÙNG NGÀY DÙNG Methylprednisolone 40 mg/m2, uống/ tĩnh mạch 1-7 Cytarabine 50 mg/m2, tiêm dưới da/ tĩnh mạch 1-4 Mercaptopurin 50 mg/m2, uống 1-29 Methotrexate 25 mg/m2, uống 8, 15, 22

Đợt 7: ( điều trị duy trì)

THUỐC LIỀU LƯỢNG, ĐƯỜNG DÙNG NGÀY DÙNG Mercaptopurin 50 mg/m2/ ngày, uống Hàng ngày Methotrexate 25 mg/m2/tuần 1 lần , uống Tuần 1 lần",{}
HuongDanChanDoanVaDieuTriMotSoBenhLyHuyetHoc_B_n_r_t_g_n.md:467,HuongDanChanDoanVaDieuTriMotSoBenhLyHuyetHoc_B_n_r_t_g_n.md,467,872,"Đợt 7: ( điều trị duy trì)

THUỐC LIỀU LƯỢNG, ĐƯỜNG DÙNG NGÀY DÙNG Mercaptopurin 50 mg/m2/ ngày, uống Hàng ngày Methotrexate 25 mg/m2/tuần 1 lần , uống Tuần 1 lần

Thời gian điều trị duy trì: Giai đoạn điều trị duy trì bổ sung cho đợt điều trị để: Tổng thời gian điều trị của các giai đoạn I, II, III đủ 18 tháng hoặc tổng thời gian điều trị của các giai đoạn IV là 24 tháng ngoctlv.kcb_Truong Le Van Ngoc_04/07/2022 08:49:53

 Trong trường hợp bệnh giai đoạn IV có xân lấn não- màng não: - Tiêm tủy bằng 3 thuốc: MTX, ARAC, HSHC, liều theo lứa tuổi - Điều trị tái tấn công ( đợt 6): Phác đồ A: tháng 1,2,3 Phác đồ B: tháng 4,5,6 - Xạ trị thần kinh: 18 Gy tới C2, giữa tháng thứ 5 và thứ 6  Sử dụng Bactrim ( sulfamethoxazole - trimethoprim) để dự phòng viêm phổi do Pneumocystis carinii  Liều thuốc tiêm tủy sống theo lứa tuổi trong trưởng hợp xâm lấn não- màng não:",{}
HuongDanChanDoanVaDieuTriMotSoBenhLyHuyetHoc_B_n_r_t_g_n.md:468,HuongDanChanDoanVaDieuTriMotSoBenhLyHuyetHoc_B_n_r_t_g_n.md,468,823,"Tuổi Thuốc Liều lượng < 1 tuổi HSHC 8mg Methotrexate 8mg Aracytine ( Cytarabine) 15mg 1-2 tuổi HSHC 10mg Methotrexate 10mg Aracytine ( Cytarabine) 20mg 2- 3 tuổi HSHC 12mg Methotrexate 12mg Aracytine ( Cytarabine) 25mg >3 tuổi HSHC 15mg Methotrexate 15mg Aracytine ( Cytarabine) 30mg

 Phác đồ AALL 0434: gồm các đợt hóa chất như sau, đợt kế tiếp bắt đầu khi tế bào máu ngoại vi hồi phục ( BCTT > 0.75 G/L, SLTC > 75 G/L)  Nguy cơ thường Đợt 1

THUỐC LIỀU LƯỢNG, ĐƯỜNG DÙNG NGÀY DÙNG Vincristine 1,5mg/m2, tĩnh mạch (tối đa 2mg) 1, 8, 15, 22 Methylprednisone 60mg/m2, tĩnh mạch 1- d28 Daunorubicin 25 mg/m2, tĩnh mạch 1,8, 15, 22 L- asparaginase 6000 UI/m2, tiêm bắp/ tĩnh mạch (6 mũi) 4,6,8,10,12,14 Cytarabine 30- 70mg, tiêm tủy sống (Liều lượng thay đổi theo tuổi) ngoctlv.kcb_Truong Le Van Ngoc_04/07/2022 08:49:53",{}
HuongDanChanDoanVaDieuTriMotSoBenhLyHuyetHoc_B_n_r_t_g_n.md:469,HuongDanChanDoanVaDieuTriMotSoBenhLyHuyetHoc_B_n_r_t_g_n.md,469,879,"Methotrexate 8- 15mg, tiêm tủy sống (Liều lượng thay đổi theo tuổi) 8 , 29 Đợt 2

THUỐC LIỀU LƯỢNG, ĐƯỜNG DÙNG NGÀY DÙNG Intrathecal Methotrexate (IT MTX) 8- 15mg, Tiêm tủy sống (Liều lượng thay đổi theo tuổi) 1, 8, 15, 22 Cyclophosphamide 1000 mg/m2, tĩnh mạch 1, 29 Cytarabine 75mg/m2, tĩnh mạch/ dưới da 1-4, 8-11, 29-32, 36-39 Mercaptopurine 60 mg/m2, uống 1-14, 29-42 Vincristine 1,5mg/m2, tĩnh mạch (tối đa 2mg) 15, 22, 43, 50 L- asparaginase 2500 UI/m2, tiêm bắp/ tĩnh mạch 15, 17, 19, 21, 23, 25, 27, 29, 31 Đợt 3

THUỐC LIỀU LƯỢNG, ĐƯỜNG DÙNG NGÀY DÙNG Vincristine 1,5mg/m2, tĩnh mạch, (tối đa 2mg) 1, 11, 21, 31, 41 Methotrexate 100 mg/m2/liều, sau đó tăng 50 mg/m2/ mỗi liều sau , tĩnh mạch 1, 11, 21, 31, 41 L- asparaginase 6000 UI/m2 tiêm bắp/ tĩnh mạch ( 9 mũi) 2,4,6,8,10, 12,14,16,18 Methotrexate 8- 15mg, tiêm tủy sống (Liều lượng thay đổi theo tuổi) 1, 31 Đợt 4",{}
HuongDanChanDoanVaDieuTriMotSoBenhLyHuyetHoc_B_n_r_t_g_n.md:470,HuongDanChanDoanVaDieuTriMotSoBenhLyHuyetHoc_B_n_r_t_g_n.md,470,544,"THUỐC LIỀU LƯỢNG, ĐƯỜNG DÙNG NGÀY DÙNG Vincristine 1,5mg/m2, tĩnh mạch (tối đa 2mg) 1, 8, 15, 43, 50 Dexamethasone 10 mg/m2, uống/ tĩnh mạch 1-7,15-21 Doxorubicin 25 mg/m2, tĩnh mạch 1, 8, 15 L- asparaginase 6000 UI/m2, tiêm bắp/ tĩnh mạch 4,6,8,10,12,14 41,43,45,47,49, 51 Methotrexate 8- 15mg, tiêm tủy sống (Liều lượng thay đổi theo tuổi) 1, 29, 36 Cyclophosphamide 1000 mg/m2, tĩnh mạch Cytarabine (AraC) 75mg/m2, tĩnh mạch/ dưới da 29-32, 36-39 Mercaptopurine 60 mg/m2, uống 29- 42 ngoctlv.kcb_Truong Le Van Ngoc_04/07/2022 08:49:53

Đợt 5",{}
HuongDanChanDoanVaDieuTriMotSoBenhLyHuyetHoc_B_n_r_t_g_n.md:471,HuongDanChanDoanVaDieuTriMotSoBenhLyHuyetHoc_B_n_r_t_g_n.md,471,376,"Đợt 5

THUỐC LIỀU LƯỢNG, ĐƯỜNG DÙNG NGÀY DÙNG Vincristine 1,5mg/m2, tĩnh mạch, (tối đa 2mg) 1, 29, 57 Methylprednisone 40mg/m2, uống, chia 3 lần/ngày 1-5, 29-33, 57-61 Mercaptopurine 75mg/m2, uống 1-84 Methotrexate 25mg/m2/liều, uống, hàng tuần 8, 15, 22, 29, 36, 43, 50, 57, 64, 71,78 Methotrexate 8- 15mg, tiêm tủy sống (Liều lượng thay đổi theo tuổi) 1, 29 của 4 chu kỳ đầu",{}
HuongDanChanDoanVaDieuTriMotSoBenhLyHuyetHoc_B_n_r_t_g_n.md:472,HuongDanChanDoanVaDieuTriMotSoBenhLyHuyetHoc_B_n_r_t_g_n.md,472,754," Nguy cơ cao: Theo phác đồ này các trường hợp nguy cơ cao sẽ được điều trị với 1 số thuốc mới 3.4. Các phác đồ khác - Hiện nay có nhiều nhóm nghiên cứu đã đưa ra các phác đồ điều trị cho từng thể U lympho không Hodgkin có kết quả tốt, đưa lại tỷ lệ lui bệnh cao và kéo dài: + U lympho không Hodgkin dòng tế bào B: Điều trị như Lơ xê mi cấp dòng lympho tế bào B - phác đồ ANHL01P1/ COG...; + Anaplastic large cell lymphoma: International ALCL, ALCL 0311... - Một số phác đồ khác và một số thuốc mới đang được nghiên cứu (đa số áp dụng ở người lớn và trẻ lớn): CHOP, CHOPE, CVP, EPOCH, DHAP, ICE (có hoặc không kết hợp với Rituximab)... (xem phần điều trị U lumpho không Hodgkin người lớn). 3.5. Xạ trị Nói chung, xạ trị không được sử dụng rộng rãi",{}
HuongDanChanDoanVaDieuTriMotSoBenhLyHuyetHoc_B_n_r_t_g_n.md:473,HuongDanChanDoanVaDieuTriMotSoBenhLyHuyetHoc_B_n_r_t_g_n.md,473,825,". (xem phần điều trị U lumpho không Hodgkin người lớn). 3.5. Xạ trị Nói chung, xạ trị không được sử dụng rộng rãi. Xạ trị chỉ được chỉ định khi có các biến chứng cấp tính đe dọa tính mạng như hội chứng trung thất trước, hoặc trong phác đồ điều trị lymphoblastic lymphoma giai đoạn tiến triển có biểu hiện thâm nhiễm TKTW. Trong U lympho không Hodgkin dòng tế bào B có biểu hiện TKTW, xạ trị cũng không được sử dụng để điều trị hoặc dự phòng. 3.6. Điều trị bệnh tái phát Bệnh nhân tái phát có tiên lượng xấu, bất kể vị trí tái phát, mô học khối u, các yếu tố tiên lượng ban đầu, phác đồ điều trị trước đó, hoặc thời gian từ lúc chẩn đoán đến khi tái phát. Vì lý do này, việc lựa chọn phác đồ điều trị ban đầu sao cho có hiệu quả nhất là rất quan trọng. Bệnh nhân tái phát được điều trị lại để tạo ra sự lui bệnh",{}
HuongDanChanDoanVaDieuTriMotSoBenhLyHuyetHoc_B_n_r_t_g_n.md:474,HuongDanChanDoanVaDieuTriMotSoBenhLyHuyetHoc_B_n_r_t_g_n.md,474,507,". Vì lý do này, việc lựa chọn phác đồ điều trị ban đầu sao cho có hiệu quả nhất là rất quan trọng. Bệnh nhân tái phát được điều trị lại để tạo ra sự lui bệnh. Đối với lymphoblastic lymphoma và u lympho tế bào B, hóa trị liệu với ifosfamide, carboplatin và etoposide (VP-16) là một phác đồ điều trị cứu vãn để sau đó thu hoạch tế bào gốc tự thân. Việc bổ sung Rituximab ở những bệnh nhân U lympho tế bào B CD20 (+) có thể có hiệu quả để đạt được lui bệnh. ngoctlv.kcb_Truong Le Van Ngoc_04/07/2022 08:49:53",{}
HuongDanChanDoanVaDieuTriMotSoBenhLyHuyetHoc_B_n_r_t_g_n.md:475,HuongDanChanDoanVaDieuTriMotSoBenhLyHuyetHoc_B_n_r_t_g_n.md,475,880,"Thuốc: - Rituximab 375 mg/m2 IV, ngày 1 và 3 của Course 1 và 2; và ngày 1 của course 3 (nếu có). - Ifosfamide 3,000 mg/m2/ngày truyền tĩnh mạch trong 2 giờ trong 3 ngày (ngày 3,4,5), Mesna 600 mg/m2 IV truyền ngay cùng ifosfamide và giờ 3, 6, 9 and 12 sau ifosfamide. - Carboplatin 635 mg/m2 truyền tĩnh mạch trong 1 giờ vào ngày 3. - VP-16 100 mg/m2/ngày truyền tĩnh mạch trong 1 giờ vào ngày 3 (ngày 3,4,5). - Lặp lại chu kỳ thứ hai 3 tuần kể từ chu kỳ đầu tiên, sau đó đánh giá lại bằng phương pháp chẩn đoán hình ảnh: + Nếu lui bệnh hoàn toàn hoặc lui bệnh một phần rất tốt thì tiến hành củng cố bằng ghép tế bào gốc tạo máu; + Nếu có đáp ứng, có thể điều trị thêm chu kỳ thứ 3 trước khi ghép, sau đó ghép tế bào gốc tạo máu; + Nếu kháng trị, chỉ định liệu pháp thay thế. Sau khi lui bệnh hoàn toàn hoặc lui bệnh 1 phần rất tốt, phải củng cố bằng ghép tế bào gốc tạo máu",{}
HuongDanChanDoanVaDieuTriMotSoBenhLyHuyetHoc_B_n_r_t_g_n.md:476,HuongDanChanDoanVaDieuTriMotSoBenhLyHuyetHoc_B_n_r_t_g_n.md,476,841,". Sau khi lui bệnh hoàn toàn hoặc lui bệnh 1 phần rất tốt, phải củng cố bằng ghép tế bào gốc tạo máu. Bệnh nhân kháng hóa trị thường cũng không đáp ứng với ghép tế bào gốc tự thân. Bệnh nhân tái phát lần thứ hai có thể dùng các thuốc thay thế như Vinblastine (6 mg/m2/tuần trong 12 - 18 tháng) hoặc Cis-retinoic acid (1 mg/kg/ngày, uống chia thành 2 đến 3 lần trong 8 tuần), có hoặc không kèm interferon alpha (4.5 mega units (MU) tiêm dưới da cách ngày trong 8 tuần). Các thuốc này đã được báo cáo có thể duy trì lui bệnh ở một số bệnh nhân. Ghép tế bào gốc đồng loài về mặt lý thuyết là thích hợp hơn vì nhiều nghiên cứu chứng minh tỷ lệ tái phát thấp hơn đáng kể nhờ hiệu ứng mảnh ghép chống lymphoma. Ghép đồng loài có xu hướng cải thiện tỷ lệ sống sót so với cấy ghép tự thân; tuy nhiên, nguy cơ tử vong liên quan đến ghép cao hơn",{}
HuongDanChanDoanVaDieuTriMotSoBenhLyHuyetHoc_B_n_r_t_g_n.md:477,HuongDanChanDoanVaDieuTriMotSoBenhLyHuyetHoc_B_n_r_t_g_n.md,477,887,". Ghép đồng loài có xu hướng cải thiện tỷ lệ sống sót so với cấy ghép tự thân; tuy nhiên, nguy cơ tử vong liên quan đến ghép cao hơn. Tỷ lệ sống sót không mắc bệnh của ghép đồng loài dao động từ 24-68% và trong cấy ghép tự thân từ 22-46%. Phác đồ điều kiện hóa diệt tủy như CBV hoặc BEAM đã được sử dụng khi ghép tế bào gốc. Các phác đồ diệt tủy khác bao gồm chiếu xạ toàn thân, etoposide và cyclophosphamide. Sử dụng Interleukin-2 sau ghép có thể giảm tỷ lệ tái phát. Các phác đồ điều kiện hóa giảm liều với Busulfan và Fludarabine giúp giảm đáng kể tỷ lệ tử vong liên quan đến ghép và cải thiện kết quả lâu dài nói chung. 4. YẾU TỐ TIÊN LƯỢNG Tiên lượng phụ thuộc vào kết quả từng phác đồ điều trị. Ngoài ra có các chỉ số sau có vài trò tiên lượng bệnh ban đầu (khi chưa tái phát). 4.1. Thuận lợi: - Khu trú (giai đoạn I và II). - LDH thấp (dưới 500 hoặc hai lần mức bình thường)",{}
HuongDanChanDoanVaDieuTriMotSoBenhLyHuyetHoc_B_n_r_t_g_n.md:478,HuongDanChanDoanVaDieuTriMotSoBenhLyHuyetHoc_B_n_r_t_g_n.md,478,152,. 4.1. Thuận lợi: - Khu trú (giai đoạn I và II). - LDH thấp (dưới 500 hoặc hai lần mức bình thường). ngoctlv.kcb_Truong Le Van Ngoc_04/07/2022 08:49:53,{}
HuongDanChanDoanVaDieuTriMotSoBenhLyHuyetHoc_B_n_r_t_g_n.md:479,HuongDanChanDoanVaDieuTriMotSoBenhLyHuyetHoc_B_n_r_t_g_n.md,479,852,"- Anaplastic large cell lymphoma không có biểu hiện ở tạng (không có khối trung thất, gan/ lách hoặc da). 4.2. Không thuận lợi: - LDH cao (lớn hơn 500 hoặc gấp đôi mức bình thường). - U lympho không Hodgkin dòng tế bào B thâm nhiễm cả tủy xương và sọ não. - Đáp ứng kém với cyclophosphamide, vincristine, prednison (COP) trong điều trị U lympho không Hodgkin dòng tế bào B. - U lympho tế bào B trung thất nguyên phát. - Anaplastic large cell lymphoma có biểu hiện ở tạng (khối trung thất, gan/ lách hoặc da). - Biểu hiện bệnh tối thiểu ở tủy xương lúc chẩn đoán. 5. ĐÁNH GIÁ, THEO DÕI 5.1. Khi chẩn đoán và trước điều trị - Tiền sử, bệnh sử, lâm sàng. - Xét nghiệm: + Tổng phân tích tế bào máu, hồng cầu lưới máu; + Sinh hóa máu: Chức năng gan, thận, Axit Uric, LDH, điện giải đồ...; + Đông máu huyết tương: Fibrinogen, PT, APTT, TT, D-Dimer",{}
HuongDanChanDoanVaDieuTriMotSoBenhLyHuyetHoc_B_n_r_t_g_n.md:480,HuongDanChanDoanVaDieuTriMotSoBenhLyHuyetHoc_B_n_r_t_g_n.md,480,890,". Bệnh nhân có kèm theo rối loạn đông máu cần làm thêm xét nghiệm : nghiệm pháp rượu, Von-Kaulla, Đàn hồi cục máu đồ (ROTEM), Fibrin monomer; + Chẩn đoán hình ảnh: X-quang tim phổi, siêu âm ổ bụng, điện tâm đồ, siêu âm tim , CT scan, FDG - PET scan, MRI…; + Hạch đồ/ u đồ / lách đồ; + Sinh thiết hạch, sinh thiết khối u, sinh thiết lách… làm giải phẫu bệnh; + Hóa mô miễn dịch mảnh sinh thiết để chẩn đoán xác định, chẩn đoán thể bệnh (marker bệnh lý theo chỉ định của khoa Tế bào tổ chức học dựa trên định hướng từ lam nhuộm HE); + Xét nghiệm vi sinh: HIV, HBV, HCV...; + Huyết tủy đồ, sinh thiết tủy xương: Đánh giá tình trạng tủy sinh máu, tình trạng xâm lấn tủy; + Công thức nhiễm sắc thể; + Gen bệnh; + Định nhóm máu hồng cầu: ABO, Rh(D); + Khám răng hàm mặt, tai mũi họng và các chuyên khoa khác (nếu bệnh nhân có biểu hiện bệnh lý ở các cơ quan khác) trước khi điều trị . 5.2",{}
HuongDanChanDoanVaDieuTriMotSoBenhLyHuyetHoc_B_n_r_t_g_n.md:481,HuongDanChanDoanVaDieuTriMotSoBenhLyHuyetHoc_B_n_r_t_g_n.md,481,133,". 5.2. Trong quá trình điều trị - Tổng phân tích tế bào máu, hồng cầu lưới máu. ngoctlv.kcb_Truong Le Van Ngoc_04/07/2022 08:49:53",{}
HuongDanChanDoanVaDieuTriMotSoBenhLyHuyetHoc_B_n_r_t_g_n.md:482,HuongDanChanDoanVaDieuTriMotSoBenhLyHuyetHoc_B_n_r_t_g_n.md,482,847,"- Sinh hóa máu: Chức năng gan, thận, Axit Uric, LDH, điện giải đồ... - Đông máu huyết tương: Fibrinogen, PT, APTT, TT, D-Dimer, nghiệm pháp rượu, Von-Kaulla, Đàn hồi cục máu đồ (ROTEM), Fibrin monomer... - Chẩn đoán hình ảnh: Xquang tim phổi, siêu âm ổ bụng, điện tâm đồ, siêu âm tim, CT scan, FDG - PET scan, MRI… trong quá trình điều trị, kết thúc điều trị và trước khi xạ trị. - Nếu có tổ chức hạch/ u mới xuất hiện hoặc ở vị trí cũ nhưng tăng kích thước hoặc có biểu hiện nghi ngờ tái phát/ không lui bệnh/ chuyển thể bệnh: Hạch đồ/ u đồ/ lách đồ, sinh thiết hạch, sinh thiết khối u làm giải phẫu bệnh lại và làm hóa mô miễn dịch (marker bệnh lý theo chỉ định của khoa Tế bào- Tổ chức học dựa trên định hướng từ lam nhuộm HE). - Xét nghiệm vi sinh: HIV, HBV, HCV... (nếu có truyền máu và chế phẩm: HBV mỗi 1 tháng, HCV, HIV mỗi 3 tháng)",{}
HuongDanChanDoanVaDieuTriMotSoBenhLyHuyetHoc_B_n_r_t_g_n.md:483,HuongDanChanDoanVaDieuTriMotSoBenhLyHuyetHoc_B_n_r_t_g_n.md,483,782,". - Xét nghiệm vi sinh: HIV, HBV, HCV... (nếu có truyền máu và chế phẩm: HBV mỗi 1 tháng, HCV, HIV mỗi 3 tháng). - Huyết tủy đồ, sinh thiết tủy xương, công thức nhiễm sắc thể, gen bệnh: nghi ngờ tình trạng xâm lấn tủy, chuyển Lơ xê mi cấp... - Định nhóm máu hồng cầu: ABO, Rh(D) (mỗi khi có chỉ định truyền máu). - Khám các chuyên khoa khác (răng hàm mặt, tai mũi họng...) nếu bệnh nhân có biểu hiện bệnh lý ở các cơ quan đó. - Theo dõi độc tính trên các cơ quan: Đánh giá chuyên sâu chức năng tim, chức năng phổi... (siêu âm tim, điện tim, đo chức năng hô hấp...). 5.3. Theo dõi sau điều trị - Các trường hợp đặc biệt như: Hạch to, sốt, gầy sút cân… phải tái khám ngay. - Tái khám: 1- 3 tháng/ lần trong 2 năm đầu. Sau đó, 6 tháng/ lần trong 3 năm tiếp và theo dõi hàng năm",{}
HuongDanChanDoanVaDieuTriMotSoBenhLyHuyetHoc_B_n_r_t_g_n.md:484,HuongDanChanDoanVaDieuTriMotSoBenhLyHuyetHoc_B_n_r_t_g_n.md,484,867,". - Tái khám: 1- 3 tháng/ lần trong 2 năm đầu. Sau đó, 6 tháng/ lần trong 3 năm tiếp và theo dõi hàng năm. - Với mỗi lần tái khám: + Khám lâm sàng: Chú ý các triệu chứng lâm sàng, hạch to, hội chứng B; + Xét nghiệm: Tổng phân tích tế bào máu ngoại vi; Sinh hóa máu (bao gồm LDH, chức năng gan, thận, beta2-microglobulin, điện giải đồ...), máu lắng; Đông máu huyết tương; Chức năng tuyến giáp (đặc biệt nếu có xạ trị vùng trước đó); Chức năng tim (siêu âm tim màu, siêu âm doppler , điện tâm đồ...), chức năng phổi ( đo chức năng hô hấp, XQ phổi, CT phổi...)...; CT bụng ngực; PET, PET/CT mỗi 6 tháng trong 2 năm đầu, sau đó chụp khi có biểu hiện lâm sàng, Xét nghiệm tủy đồ ít nhất 2 năm/ lần; + Làm lại sinh thiết khi xuất hiện hạch to trở lại hoặc có tổn thương mới. 5.4. Theo dõi di chứng lâu dài Nói chung, tất cả bệnh nhân nên được theo dõi sức khỏe suốt đời",{}
HuongDanChanDoanVaDieuTriMotSoBenhLyHuyetHoc_B_n_r_t_g_n.md:485,HuongDanChanDoanVaDieuTriMotSoBenhLyHuyetHoc_B_n_r_t_g_n.md,485,246,". 5.4. Theo dõi di chứng lâu dài Nói chung, tất cả bệnh nhân nên được theo dõi sức khỏe suốt đời. Các xét nghiệm bao gồm: Xét nghiệm chức năng tuyến giáp cho bệnh nhân xạ trị vùng cổ, hormon sinh ngoctlv.kcb_Truong Le Van Ngoc_04/07/2022 08:49:53",{}
HuongDanChanDoanVaDieuTriMotSoBenhLyHuyetHoc_B_n_r_t_g_n.md:486,HuongDanChanDoanVaDieuTriMotSoBenhLyHuyetHoc_B_n_r_t_g_n.md,486,531,"dục cho những bệnh nhân đã điều trị bằng tác nhân kiềm hóa hoặc xạ trị vùng chậu, đánh giá chức năng tim cho những bệnh nhân điều trị bằng anthracycline hoặc xạ trị lồng ngực, đánh giá chức năng phổi cho những bệnh nhân xạ trị lồng ngực. Tần suất theo dõi phụ thuộc vào nhiều yếu tố như phác đồ đã điều trị, độ tuổi và giới tính của bệnh nhân. - Các trường hợp đặc biệt: Xuất hiện hạch to, sốt, gầy sút cân… phải tái khám ngay. ngoctlv.kcb_Truong Le Van Ngoc_04/07/2022 08:49:53

PHỤ LỤC Hướng dẫn dùng Methotrexat liều cao",{}
HuongDanChanDoanVaDieuTriMotSoBenhLyHuyetHoc_B_n_r_t_g_n.md:487,HuongDanChanDoanVaDieuTriMotSoBenhLyHuyetHoc_B_n_r_t_g_n.md,487,802," Lưu ý: - Tránh gây mê toàn thân trong 24 giờ trước đó. - Tránh các loại thuốc có thể thay thế MTX-albumin như các loại thuốc kháng viêm như NSAIDS, salicylat, sulfonamid, ketoconazolevà ciprofloxacin. - Tránh kết hợp với các thuốc gây độc cho thận. - Trong trường hợp dự phòng Bactrim, tạm hoãn ít nhất 48 giờ trước và 5 ngày sau khi MTX liều cao.  Cách dùng HD-MTX 3g/m2/3h và HD-MTX 8 g/ m2/4h: a. Kiềm hóa: - Dịch truyền 3 lít/m²/ngày với tỷ lệ 1/3 bicar 1.4 % và 2/3 dịch (2/3 G 5% và 1/3 NaCl 0.9%). - Thời gian kiềm hóa: 48h đối với HD-MTX 3g/m²/3h và 72h đối với HDMTX 8 g/m2/4h. - Kiềm hóa: bắt đầu trước 2h dùng HD-MTX, truyền tĩnh mạch bicarbonate 1.4% khoảng 125 ml/m²/h, duy trì nước tiểu 100 ml/m2 + /h, giữ pH nước tiểu > 7 trước khi bắt đầu MTX liều cao và suốt quá trình truyền MTX",{}
HuongDanChanDoanVaDieuTriMotSoBenhLyHuyetHoc_B_n_r_t_g_n.md:488,HuongDanChanDoanVaDieuTriMotSoBenhLyHuyetHoc_B_n_r_t_g_n.md,488,594,". Theo dõi pH nước tiểu/6h hay sau mỗi lần đi tiểu, nếu pH < 7, truyền tiếp bicarbonate (1 mEq / kg ở dạng viên nang, hoặc 6 ml / kg bicar 1.4% = 1ml/kg bicar 8.4%). - Xét nghiệm điện giải và creatinine hàng ngày trong trong suốt quá trình đa truyền, kiềm hóa. b. Thuốc giải Acid folic: - Liều dùng 15 mg/m2/lần cách mỗi 6h, có thể dùng đường uống hoặc tĩnh mạch. - Thời gian bắt đầu 24h sau dùng MTX, tiêm kênh tủy thực hiện trước khi sử dụng thuốc giải. - Tổng liều: 12 liều, tuy nhiên chỉnh liều thuốc giải theo nồng độ MTX ( xem phụ lục phác đồ FRALLE 2000).  Cách dùng HD-MTX TTM 24H:",{}
HuongDanChanDoanVaDieuTriMotSoBenhLyHuyetHoc_B_n_r_t_g_n.md:489,HuongDanChanDoanVaDieuTriMotSoBenhLyHuyetHoc_B_n_r_t_g_n.md,489,447,"a. Kiềm hóa: - Dịch truyền 3 lít/m²/ ngày với tỷ lệ 1/3 bicar 1,4 % và 2/3 dịch (2/3 G 5% và 1/3 NaCl 0,9%). - Thời gian kiềm hóa: liên tục 72h. - Kiềm hóa: bắt đầu trước 2h dùng HD-MTX, truyền tĩnh mạch bicarbonate 1,4% khoảng 125 ml/m²/h, duy trì nước tiểu 100 ml/m2 + /h, giữ pH nước tiểu > 7 trước khi bắt đầu MTX liều cao và suốt quá trình đi MTX. Theo dõi pH nước tiểu/6h hay sau mỗi lần đi ngoctlv.kcb_Truong Le Van Ngoc_04/07/2022 08:49:53",{}
HuongDanChanDoanVaDieuTriMotSoBenhLyHuyetHoc_B_n_r_t_g_n.md:490,HuongDanChanDoanVaDieuTriMotSoBenhLyHuyetHoc_B_n_r_t_g_n.md,490,786,"tiểu, nếu pH < 7 truyền tiếp bicarbonate (1 mEq/kg ở dạng viên nang, hoặc 6 ml/kg bicar 1,4% = 1ml / kg bicar 8,4%). - Điện giải đồ và creatinine hàng ngày trong trong suốt quá trình đa truyền, kiềm hóa. - MTX liều cao 8 g/m²/24h được sử dụng như sau: 1,6 g/m2 pha trong 100-250 mL G5% truyền tĩnh mạch trong 30 phút, sau đó 6.4 g/m² pha trong 500-1000 mL G5% truyền tĩnh mạch trong 23h30p (chỉnh liều theo cân nặng ở trẻ em, khoảng 125 ml/m2/h). b. Thuốc giải Acid folinic: - Liều dùng 15 mg/m²/lần cách mỗi 6h, có thể dùng đường uống (hay TMC hay TB). - Tổng liều: 12 liều, tuy nhiên chỉnh liều thuốc giải theo nồng độ MTX (xem phụ lục phác đồ FRALLE 2000). 1. Đỗ Trung Phấn (2008), “U lympho ác tính”, Tế bào gốc và bệnh lý tế bào gốc tạo máu, Nhà xuất bản y học, Tr 358-374. 2",{}
HuongDanChanDoanVaDieuTriMotSoBenhLyHuyetHoc_B_n_r_t_g_n.md:491,HuongDanChanDoanVaDieuTriMotSoBenhLyHuyetHoc_B_n_r_t_g_n.md,491,861,". 1. Đỗ Trung Phấn (2008), “U lympho ác tính”, Tế bào gốc và bệnh lý tế bào gốc tạo máu, Nhà xuất bản y học, Tr 358-374. 2. Nguyễn Anh Trí (2004), “Điều trị u lymph ác tính không Hodgkin”, Điều trị các bệnh ác tính cơ quan tạo máu, Nhà xuất bản y học. Tr 22-38. 3. Non Hodgkin lymphoma - NCCN guidelines 2.2013. 4. WHO classification of tumours of haematopoietic and lymphoid tissues 2008. 5. “Neoplasic lymphoid diseases”, William hematology 8th- 2010, chapter 92, 93, 94, 99, 100, 101, 102, 103, 104, 105, 106. 6. John P. Greer, Michael E. Williams (2009),“Non-Hodgkin Lymphoma in Adults”, Wintrobes clinical hematology 12th editition, 2145-2194. 7. John G. Gribben (2009), “Clinical manifestation, staging, and treatment of indolent non Hodgkin lymphoma”, Hoffman: Hematology: Basic Principles and Practice, 5th ed, chapter 79. 8. Kieron Dunleavy, Wyndham H",{}
HuongDanChanDoanVaDieuTriMotSoBenhLyHuyetHoc_B_n_r_t_g_n.md:492,HuongDanChanDoanVaDieuTriMotSoBenhLyHuyetHoc_B_n_r_t_g_n.md,492,708,". 8. Kieron Dunleavy, Wyndham H. Wilson (2009), “Diagnosis and treatment of aggressive non Hodgkin lymphoma”, Hoffman: Hematology: Basic Principles and Practice, 5th ed, chapter 80. 9. United Kingdom Children's Cancer Study Group (UKCCSG) UKCCSG FAB LMB 96 9601 protocol. 10. French LMT 96 Protocol. 11. CHILDREN’S ONCOLOGY GROUP AALL0434 Intensified Methotrexate, Nelarabine (Compound 506U78; IND # 52611) and Augmented BFM Therapy for Children and Young Adults with Newly Diagnosed T-cell Acute Lymphoblastic Leukemia (ALL) or T-cell Lymphoblastic Lymphoma. 12. Katherine A. Janeway, M.D.Manual of Pediatric Oncology & Hematology 5ed 2010, chapter 19, 20. ngoctlv.kcb_Truong Le Van Ngoc_04/07/2022 08:49:53",{}
HuongDanChanDoanVaDieuTriMotSoBenhLyHuyetHoc_B_n_r_t_g_n.md:493,HuongDanChanDoanVaDieuTriMotSoBenhLyHuyetHoc_B_n_r_t_g_n.md,493,56,33. LƠ XÊ MI LYMPHO MẠN (Bệnh bạch cầu mạn dòng lympho),{}
HuongDanChanDoanVaDieuTriMotSoBenhLyHuyetHoc_B_n_r_t_g_n.md:494,HuongDanChanDoanVaDieuTriMotSoBenhLyHuyetHoc_B_n_r_t_g_n.md,494,806,"1. ĐẠI CƯƠNG - Lơ xê mi lympho mạn (Chronic Lymphocytic Leukemia - CLL) là bệnh lý tăng sinh lympho ác tính đặc trưng bởi sự tích lũy các tế bào lympho B trưởng thành, kích thước nhỏ trong máu ngoại vi, tủy xương và hạch. Theo xếp loại của Tổ chức Y tế Thế giới (WHO-2016), lơ xê mi lympho mạn và u lympho tế bào nhỏ (small lymphocytic lymphoma) là 2 biểu hiện khác nhau của cùng một bệnh. - Bệnh gặp nhiều hơn ở châu Âu và Mỹ, ít gặp ở châu Á; chiếm khoảng 0,8% trong tổng số các bệnh ung thư nói chung. Tại Mỹ tỷ lệ mắc Lơ xê mi lympho mạn trung bình là 2,7/100.000 người, tỷ lệ này dao động từ < 1 đến 5,5/100.000 người trên toàn Thế giới. Bệnh hay gặp ở người lớn tuổi, nam nhiều hơn nữ (gấp khoảng 2,8 lần). 2. NGUYÊN NHÂN GÂY BỆNH Đến nay, chưa thấy yếu tố đơn độc nào là nguyên nhân gây bệnh",{}
HuongDanChanDoanVaDieuTriMotSoBenhLyHuyetHoc_B_n_r_t_g_n.md:495,HuongDanChanDoanVaDieuTriMotSoBenhLyHuyetHoc_B_n_r_t_g_n.md,495,836,". Bệnh hay gặp ở người lớn tuổi, nam nhiều hơn nữ (gấp khoảng 2,8 lần). 2. NGUYÊN NHÂN GÂY BỆNH Đến nay, chưa thấy yếu tố đơn độc nào là nguyên nhân gây bệnh. Các nghiên cứu cho rằng việc tiếp xúc lâu với các hóa chất nông nghiệp, chất độc màu da cam và làm việc lâu dài trong môi trường điện từ trường, nhiễm các virus viêm gan C, Epstein-Barr virus có thể làm tăng nguy cơ mắc bệnh. Đã có một vài báo cáo về các gia đình có nhiều người cùng mắc lơ xê mi lympho mạn. 3. TRIỆU CHỨNG 3.1. Lâm sàng - Có đến 25% người bệnh không có triệu chứng lúc chẩn đoán, thường được phát hiện tình cờ là tăng tế bào lympho trong máu ngoại vi không giải thích được. Một số khác chỉ có dấu hiệu mệt mỏi hoặc hạn chế hoạt động thể lực. Ở giai đoạn muộn, người bệnh có thể sụt cân, nhiễm trùng tái diễn, xuất huyết do giảm tiểu cầu và thiếu máu",{}
HuongDanChanDoanVaDieuTriMotSoBenhLyHuyetHoc_B_n_r_t_g_n.md:496,HuongDanChanDoanVaDieuTriMotSoBenhLyHuyetHoc_B_n_r_t_g_n.md,496,772,". Ở giai đoạn muộn, người bệnh có thể sụt cân, nhiễm trùng tái diễn, xuất huyết do giảm tiểu cầu và thiếu máu. - Trên 80% có hạch to, phần lớn ở vùng cổ, thượng đòn và nách; có thể từ một hạch rất nhỏ cho đến nhiều hạch lớn. Hạch không đau, không dính, mật độ chắc. Một tỷ lệ khá lớn có hạch ổ bụng có thể phát hiện được trên phim chụp cắt lớp vi tính. - Lách to ở 50% người bệnh, thường to nhẹ đến vừa. Đôi khi lách to có thể gây cường lách, dẫn đến thiếu máu và giảm tiểu cầu. - Ít gặp gan to và thâm nhiễm ngoài hạch, một số có biểu hiện viêm mũi mạn tính do thâm nhiễm các tế bào dòng lympho. Các triệu chứng tiến triển từ từ, mờ nhạt trong thời gian dài, người bệnh ít để ý. 3.2. Xét nghiệm a. Máu ngoại vi ngoctlv.kcb_Truong Le Van Ngoc_04/07/2022 08:49:53",{}
HuongDanChanDoanVaDieuTriMotSoBenhLyHuyetHoc_B_n_r_t_g_n.md:497,HuongDanChanDoanVaDieuTriMotSoBenhLyHuyetHoc_B_n_r_t_g_n.md,497,774,"- Tế bào lympho trên 5 G/L, hầu hết tăng trên 10 G/L, một số trên 100 G/L. Hình thái tế bào giống tế bào lympho trưởng thành, ngoài ra có thể có tế bào lympho kích thước lớn dạng tiền lympho nhưng không vượt quá 55% tổng số tế bào lympho. - Hemoglobin giảm, càng về sau càng rõ; hồng cầu bình sắc, kích thước bình thường; tiểu cầu lúc đầu có thể bình thường, về sau giảm dần; bạch cầu hạt giảm nặng. b. Tủy xương Dòng lympho chiếm trên 30% các tế bào có nhân trong tủy xương. Hình ảnh các tế bào lympho xâm lấn một phần hoặc toàn bộ mô tủy sinh máu. Ở giai đoạn muộn thường thấy kiểu xâm lấn lan tỏa. c. Hạch Cấu trúc hạch bị phá hủy bởi sự xâm lấn của các tế bào lympho nhỏ hình dạng như trong máu ngoại vi. Mô bệnh học hạch tương tự như u lympho độ ác tính thấp. d",{}
HuongDanChanDoanVaDieuTriMotSoBenhLyHuyetHoc_B_n_r_t_g_n.md:498,HuongDanChanDoanVaDieuTriMotSoBenhLyHuyetHoc_B_n_r_t_g_n.md,498,766,". c. Hạch Cấu trúc hạch bị phá hủy bởi sự xâm lấn của các tế bào lympho nhỏ hình dạng như trong máu ngoại vi. Mô bệnh học hạch tương tự như u lympho độ ác tính thấp. d. Xét nghiệm miễn dịch - Các tế bào lơ xê mi lympho mạn thường dương tính mạnh với CD5, CD19, CD23; dương tính yếu với CD20, CD79b, immunoglobulin bề mặt và một trong hai loại chuỗi nhẹ kappa hoặc lambda; âm tính với CD10, CD103. - Nghiệm pháp Coombs trực tiếp dương tính ở những người bệnh có biểu hiện hoặc tiềm ẩn nguy cơ tan máu tự miễn. - Có thể giảm nồng độ các globulin miễn dịch và suy giảm chức năng của tế bào T trong giai đoạn bệnh tiến triển. - Điện di protein huyết thanh có thể gặp hình ảnh tăng gamma globulin miễn dịch đơn dòng (khoảng 5% người bệnh) hoặc đa dòng (15%). đ",{}
HuongDanChanDoanVaDieuTriMotSoBenhLyHuyetHoc_B_n_r_t_g_n.md:499,HuongDanChanDoanVaDieuTriMotSoBenhLyHuyetHoc_B_n_r_t_g_n.md,499,888,". - Điện di protein huyết thanh có thể gặp hình ảnh tăng gamma globulin miễn dịch đơn dòng (khoảng 5% người bệnh) hoặc đa dòng (15%). đ. Một số bất thường di truyền tế bào trong Lơ xê mi lympho mạn - Nhóm tiên lượng tốt: Đột biến gen IGHV, del 13q; đột biến gen Rb, Mir-15a, Mir- 16-1. - Nhóm tiên lượng xấu: Trisomy 12, del 11q, del 17p, del 6q; đột biến gen TP53, ATM, mdm2. 4. CHẨN ĐOÁN 4.1. Chẩn đoán xác định Theo tiêu chuẩn của Viện Ung thư Quốc gia Hoa kỳ (NCCN phiên bản 3.2018), chẩn đoán CLL bao gồm 2 tiêu chuẩn sau: - Số lượng tế bào lympho B trưởng thành, kích thước nhỏ trong máu ngoại vi tăng > 5G/l, tỷ lệ prolymphocyte ≤ 55%. - Chứng minh được tính chất đơn dòng của lympho B trong máu ngoại vi bằng kỹ thuật flow cytometry (CD5+, CD19+, CD20+, CD23+, ZAP-70, CD10-, CD103-, chuỗi nhẹ Kappa hoặc Lambda). ngoctlv.kcb_Truong Le Van Ngoc_04/07/2022 08:49:53",{}
HuongDanChanDoanVaDieuTriMotSoBenhLyHuyetHoc_B_n_r_t_g_n.md:500,HuongDanChanDoanVaDieuTriMotSoBenhLyHuyetHoc_B_n_r_t_g_n.md,500,419,"4.2. Chẩn đoán giai đoạn Bảng 37. Giai đoạn theo Rai (1975)

Nguy cơ Giai đoạn Triệu chứng Thấp Tăng tế bào lympho Trung bình Tăng tế bào lympho và hạch to Tăng tế bào lympho và gan/lách to kèm theo hạch to hoặc không Cao Tăng tế bào lympho và Hb < 11 g/dL kèm theo gan, lách, hạch to hoặc không Tăng tế bào lympho và tiểu cầu < 100 G/L kèm theo gan, lách, hạch to hoặc không

Bảng 38. Giai đoạn theo Binet (1981)",{}
HuongDanChanDoanVaDieuTriMotSoBenhLyHuyetHoc_B_n_r_t_g_n.md:501,HuongDanChanDoanVaDieuTriMotSoBenhLyHuyetHoc_B_n_r_t_g_n.md,501,753,"Giai đoạn Triệu chứng A Hb ≥ 10 g/dL, Tiểu cầu ≥ 100 G/L, < 3 nhóm hạch to B Hb ≥ 10 g/dL, Tiểu cầu ≥ 100 G/L, ≥ 3 nhóm hạch to C Hb < 10 g/dL hoặc Tiểu cầu < 100 G/L bất kể gan lách hạch to hay không 4.3. Chẩn đoán phân biệt - U lympho tế bào nhỏ: Hạch to nhiều, lách to, tế bào lympho máu < 5 G/L, chẩn đoán xác định bằng sinh thiết và hóa mô miễn dịch mô hạch. - Tăng sinh lympho B đơn dòng: Tăng sinh lympho B máu ngoại vi nhưng < 5 G/L, không thiếu máu, không giảm tiểu cầu, hạch và lách không to. - Lơ xê mi tế bào tiền lympho B: Tỷ lệ tế bào tiền lympho B > 55% ở máu ngoại vi và tủy xương, hình thái tế bào lớn hơn, non hơn, có thể có hạt nhân. - Lơ xê mi tế bào tóc: Có tế bào “tóc” ở máu ngoại vi, CD5 âm tính, bạch cầu mono thường giảm",{}
HuongDanChanDoanVaDieuTriMotSoBenhLyHuyetHoc_B_n_r_t_g_n.md:502,HuongDanChanDoanVaDieuTriMotSoBenhLyHuyetHoc_B_n_r_t_g_n.md,502,879,". - Lơ xê mi tế bào tóc: Có tế bào “tóc” ở máu ngoại vi, CD5 âm tính, bạch cầu mono thường giảm. - U lympho tế bào lympho-plasmo: Tế bào lympho máu ngoại vi có thể bình thường hoặc tăng ít, sinh thiết hạch thấy tế bào lympho-plasmo, CD5 và CD23 âm tính. 5. ĐIỀU TRỊ 5.1. Điều trị bệnh chính - Với những người bệnh giai đoạn sớm, bệnh ổn định (Binet A, B và Rai 0, I, II không có biểu hiện tiến triển của bệnh) thì không cần thiết phải điều trị ngay, theo dõi các dấu hiệu lâm sàng và xét nghiệm 3 tháng một lần. - Chỉ định điều trị hóa chất với những người bệnh giai đoạn Binet A, B và Rai 0, I, II có dấu hiệu bệnh tiến triển; Binet C và Rai III, IV. - Biểu hiện tiến triển của bệnh gồm: Triệu chứng B, thiếu máu và giảm tiểu cầu do xâm lấn tủy xương, gan lách hạch to nhiều, thời gian tăng gấp đôi số lượng tế bào lympho ngoctlv.kcb_Truong Le Van Ngoc_04/07/2022 08:49:53",{}
HuongDanChanDoanVaDieuTriMotSoBenhLyHuyetHoc_B_n_r_t_g_n.md:503,HuongDanChanDoanVaDieuTriMotSoBenhLyHuyetHoc_B_n_r_t_g_n.md,503,870,"dưới 6 tháng (với người bệnh có số lượng tế bào lympho > 30 G/L), tan máu và giảm tiểu cầu miễn dịch đáp ứng kém với corticoid. 5.1.1. Bệnh nhân có đột biến TP53 và hoặc del(17p): dùng thuốc điều trị đích - Ibrutinib hoặc thuốc ức chế Bruton’s tyrosin kinase (BTK) khác đến khi bệnh tiến triển hoặc phải dừng thuốc do tác dụng phụ. - Ibrutinib hoặc thuốc ức chế BTK khác + rituximab đến khi bệnh tiến triển. 5.2.1. Bệnh nhân không có đột biến TP53 và del(17p) a. Không có đột biến IGHV: dùng thuốc điều trị đích - Ibrutinib hoặc thuốc ức chế BTK khác đến khi bệnh tiến triển hoặc phải dừng thuốc do tác dụng phụ. - Ibrutinib hoặc thuốc ức chế BTK khác + rituximab đến khi bệnh tiến triển. b. Có đột biến IGHV b1. Phác đồ cho người bệnh dưới 65 tuổi, chức năng tim gan thận bình thường (dùng một trong các phác đồ) - FCR (fludarabine + cyclophosphamide + rituximab)",{}
HuongDanChanDoanVaDieuTriMotSoBenhLyHuyetHoc_B_n_r_t_g_n.md:504,HuongDanChanDoanVaDieuTriMotSoBenhLyHuyetHoc_B_n_r_t_g_n.md,504,817,". b. Có đột biến IGHV b1. Phác đồ cho người bệnh dưới 65 tuổi, chức năng tim gan thận bình thường (dùng một trong các phác đồ) - FCR (fludarabine + cyclophosphamide + rituximab). - FCO (fludarabine + cyclophosphamide + obinutuzumab). - BR (bendamustine + rituximab). - BO (bendamustine + obinutuzumab). - Ibrutinib hoặc thuốc ức chế BTK khác. - Ibrutinib hoặc thuốc ức chế BTK khác + rituximab. Lưu ý: - Các phác đồ trên có thể dùng tối đa đến 6 đợt (tùy theo đáp ứng của từng người bệnh). Khoảng cách giữa 2 đợt điều trị thường là 28 ngày. - Khuyến cáo: Khi quyết định điều trị thì nên xác định rõ mục tiêu điều trị là gì (ví dụ để làm giảm số lượng bạch cầu lympho, hoặc để làm cho lách nhỏ lại…); sau khi giải quyết được mục tiêu đề ra thì có thể tạm ngừng và chuyển sang uống duy trì chlorambucil 2 mg/ngày. b2",{}
HuongDanChanDoanVaDieuTriMotSoBenhLyHuyetHoc_B_n_r_t_g_n.md:505,HuongDanChanDoanVaDieuTriMotSoBenhLyHuyetHoc_B_n_r_t_g_n.md,505,545,". b2. Phác đồ cho người bệnh trên 65 tuổi (dùng một trong các phác đồ) - BR (bendamustine + rituximab). - Chlorambucil + obinutuzumab trong 12 tháng. - Ibrutinib hoặc thuốc ức chế BTK khác. - Chlorambucil 2-4mg uống hàng ngày. Lưu ý: Có thể điều trị 2-3 đợt tùy thuộc vào đáp ứng lâm sàng và xét nghiệm của từng người bệnh (ví dụ lách và hạch nhỏ lại, số lượng bạch cầu lympho giảm xuống…); sau khi giải quyết được mục tiêu điều trị thì nên tạm ngừng và chuyển sang uống duy trì Chlorambucil. ngoctlv.kcb_Truong Le Van Ngoc_04/07/2022 08:49:53",{}
HuongDanChanDoanVaDieuTriMotSoBenhLyHuyetHoc_B_n_r_t_g_n.md:506,HuongDanChanDoanVaDieuTriMotSoBenhLyHuyetHoc_B_n_r_t_g_n.md,506,836,5.2. Điều trị bệnh tái phát/kháng thuốc a. Tái phát trong vòng 24-36 tháng từ khi điều trị hàng 1: - Nếu chưa điều trị thuốc ức chế BTK trước đó: Dùng thuốc ức chế BTK đơn trị hoặc phối hợp kháng thể đơn dòng kháng CD20. - Nếu không có bất thường del(17p) hoặc đột biến TP53: có thể dùng các hóa chất chưa được điều trị trước đó kết hợp kháng thể đơn dòng kháng CD20 (ví dụ nếu ban đầu điều trị FCR thì có thể chuyển BR hoặc ngược lại). - Cân nhắc ghép tế bào gốc đồng loài khi đạt lui bệnh. b. Tái phát sau 24-36 tháng từ khi điều trị hàng 1: - Nếu có bất thường del(17p) hoặc đột biến TP53: Dùng thuốc điều trị đích (ibrutinib hoặc thuốc ức chế BTK khác). - Nếu không có bất thường del(17p) hoặc đột biến TP53: Có thể dùng lại phác đồ hóa trị ban đầu kết hợp kháng thể đơn dòng kháng CD20. 5.3. Điều trị biến chứng a,{}
HuongDanChanDoanVaDieuTriMotSoBenhLyHuyetHoc_B_n_r_t_g_n.md:507,HuongDanChanDoanVaDieuTriMotSoBenhLyHuyetHoc_B_n_r_t_g_n.md,507,823,". - Nếu không có bất thường del(17p) hoặc đột biến TP53: Có thể dùng lại phác đồ hóa trị ban đầu kết hợp kháng thể đơn dòng kháng CD20. 5.3. Điều trị biến chứng a. Tan máu tự miễn và giảm tiểu cầu miễn dịch do xuất hiện tự kháng thể - Methylprednisolone: 2-4mg/ kg cân nặng/ ngày, giảm dần liều và dừng khi người bệnh không còn biểu hiện tan máu và giảm tiểu cầu miễn dịch. - Rituximab truyền tĩnh mạch 375mg/m2 da /tuần x 4 tuần. - Cắt lách nếu điều trị nội khoa không đáp ứng. b. Điều trị nhiễm trùng do suy giảm miễn dịch - Kháng sinh, chống nấm, kháng virus. - Có thể dự phòng bằng truyền globulin miễn dịch. 6. Các xét nghiệm chẩn đoán, đánh giá và theo dõi điều trị - Tổng phân tích tế bào máu ngoại vi, huyết tủy đồ, sinh thiết tủy xương. - Sinh hóa máu: Glucose, chức năng gan, thận, điện giải đồ..",{}
HuongDanChanDoanVaDieuTriMotSoBenhLyHuyetHoc_B_n_r_t_g_n.md:508,HuongDanChanDoanVaDieuTriMotSoBenhLyHuyetHoc_B_n_r_t_g_n.md,508,484,". - Sinh hóa máu: Glucose, chức năng gan, thận, điện giải đồ... - Đông máu toàn bộ, rotem… - Các xét nghiệm miễn dịch, di truyền: flowcytometry, nhiễm sắc thể, đột biến gen… - Vi sinh: Xét nghiệm virus, vi khuẩn, vi nấm, kháng sinh đồ… - Huyết thanh học nhóm máu. - Xét nghiệm tế bào và tổng phân tích nước tiểu. - Chẩn đoán hình ảnh, thăm dò chức năng. - Và các xét nghiệm khác tùy theo bệnh nền và bệnh mắc kèm của người bệnh. ngoctlv.kcb_Truong Le Van Ngoc_04/07/2022 08:49:53",{}
HuongDanChanDoanVaDieuTriMotSoBenhLyHuyetHoc_B_n_r_t_g_n.md:509,HuongDanChanDoanVaDieuTriMotSoBenhLyHuyetHoc_B_n_r_t_g_n.md,509,100,6. ĐÁNH GIÁ ĐÁP ỨNG ĐIỀU TRỊ (theo bảng 39) Bảng 39. Các tiêu chuẩn đánh giá đáp ứng điều trị,{}
HuongDanChanDoanVaDieuTriMotSoBenhLyHuyetHoc_B_n_r_t_g_n.md:510,HuongDanChanDoanVaDieuTriMotSoBenhLyHuyetHoc_B_n_r_t_g_n.md,510,899,"Thông số CR (lui bệnh hoàn toàn) PR (lui bệnh 1 phần) PD (bệnh tiến triển) SD (ổn định) Nhóm A: Hạch Không có hạch nào >1,5cm Giảm 50% trở lên Tăng 50% trở lên Không thay đổi quá 50% Gan, lách Gan không to Lách < 13 cm Giảm 50% trở lên Tăng 50% trở lên Không thay đổi quá 50% Triệu chứng toàn thân Không có Có một triệu chứng bất kỳ Có một triệu chứng bất kỳ Có một triệu chứng bất kỳ Lympho máu Số lượng bình thường Giảm trên 50% so với ban đầu Tăng 50% trở lên so với ban đầu Không thay đổi quá 50% Nhóm B Tiểu cầu > 100 G/L > 100 G/L hoặc tăng 50% trở lên so với ban đầu Giảm 50% trở lên so với ban đầu do CLL Hemoglobin > 110 g/L (không do truyền máu hoặc dùng EPO) > 110 g/L hoặc tăng 50% trở lên so với ban đầu Giảm trên 20 g/L so với ban đầu do CLL < 110 g/L hoặc không tăng quá 50% so với ban đầu hoặc giảm không quá 20 g/L Tủy xương (++) Số lượng tế bào tủy bình thường, không",{}
HuongDanChanDoanVaDieuTriMotSoBenhLyHuyetHoc_B_n_r_t_g_n.md:511,HuongDanChanDoanVaDieuTriMotSoBenhLyHuyetHoc_B_n_r_t_g_n.md,511,588,"ban đầu Giảm trên 20 g/L so với ban đầu do CLL < 110 g/L hoặc không tăng quá 50% so với ban đầu hoặc giảm không quá 20 g/L Tủy xương (++) Số lượng tế bào tủy bình thường, không còn tế bào CLL, không xuất hiện các nang lympho B Xuất hiện tế bào CLL, hoặc các nang lympho B, hoặc không được làm xét nghiệm tủy xương Tăng số lượng tế bào CLL trên 50% (đánh giá trên sinh thiết tủy xương) Tình trạng thâm nhiễm tủy xương không thay đổi Bạch cầu hạt trung tính (không dùng G-CSF) > 1,5 G/L > 1,5 G/L hoặc cải thiện trên 50% so với ban đầu - Thông số nhóm A xác định gánh nặng của khối u",{}
HuongDanChanDoanVaDieuTriMotSoBenhLyHuyetHoc_B_n_r_t_g_n.md:512,HuongDanChanDoanVaDieuTriMotSoBenhLyHuyetHoc_B_n_r_t_g_n.md,512,456,". - Thông số nhóm B xác định chức năng của hệ tạo máu (hoặc tủy xương). - CR (Complete remission - Lui bệnh hoàn toàn): Đáp ứng tất cả các tiêu chuẩn. - PR (partial remission - Lui bệnh một phần): Ít nhất 2 tiêu chuẩn nhóm A và cải thiện 1 tiêu chuẩn nhóm B (nếu trước đó có bất thường); nếu cả nhóm A và B chỉ có 1 tiêu chuẩn bất thường trước điều trị, chỉ cần cải thiện 1 trong 2 tiêu chuẩn đó. ngoctlv.kcb_Truong Le Van Ngoc_04/07/2022 08:49:53",{}
HuongDanChanDoanVaDieuTriMotSoBenhLyHuyetHoc_B_n_r_t_g_n.md:513,HuongDanChanDoanVaDieuTriMotSoBenhLyHuyetHoc_B_n_r_t_g_n.md,513,835,"- PD (bệnh tiến triển): Ít nhất 1 tiêu chuẩn nhóm A hoặc nhóm B. - SD (bệnh ổn định): Đáp ứng tất cả các tiêu chuẩn. 7. TIÊN LƯỢNG (theo bảng 40) Bảng 40. Các yếu tố có giá trị tiên lượng trong Lơ xê mi lympho mạn

Yếu tố tiên lượng tốt Yếu tố tiên lượng xấu Giai đoạn sớm theo Rai hoặc Binet Giai đoạn muộn theo Rai hoặc Binet Xâm lấn kiểu khe kẽ hoặc thành nốt của lympho B trong tủy xương Xâm lấn kiểu lan tỏa của lympho B trong tủy xương Thời gian tế bào lympho tăng gấp đôi > 6 tháng Thời gian tế bào lympho tăng gấp đôi < 6 tháng CD38 âm tính CD38 dương tính Đột biến các gen chuỗi nặng immunoglobulin Không có đột biến các gen chuỗi nặng immunoglobulin ZAP-70 âm tính ZAP-70 dương tính Del 13q14 Del 11q23 Đột biến IGHV Del 17p hoặc đột biến TP53 Tăng TNF-α, β2 microglobulin, LDH

Phác đồ điều trị chi tiết",{}
HuongDanChanDoanVaDieuTriMotSoBenhLyHuyetHoc_B_n_r_t_g_n.md:514,HuongDanChanDoanVaDieuTriMotSoBenhLyHuyetHoc_B_n_r_t_g_n.md,514,207,"Phác đồ Cách dùng FCR (fludarabine + cyclophosphamide + rituximab) Fludarabine 25mg/m2 da/ ngày x 3 ngày (ngày 1,2,3); Cyclophosphamide 250mg/m2 da/ngày x 3 ngày (ngày 1,2,3); Rituximab 375mg/m2 da (ngày 0)",{}
HuongDanChanDoanVaDieuTriMotSoBenhLyHuyetHoc_B_n_r_t_g_n.md:515,HuongDanChanDoanVaDieuTriMotSoBenhLyHuyetHoc_B_n_r_t_g_n.md,515,867,". FCO (fludarabine + cyclophosphamide + obinutuzumab) Fludarabine 25mg/m2 da/ngày x 3 ngày (ngày 1,2,3); Cyclophosphamide 250mg/m2 da/ngày x 3 ngày (ngày 1,2,3); Obinutuzumab truyền tĩnh mạch 100mg vào ngày 1, 900mg vào ngày 2 và 1000mg vào ngày 8, 15 của đợt điều trị đầu tiên; từ đợt 2 trở đi, Obinutuzumab dùng 1000mg duy nhất ngày 1 BR (bendamustine + rituximab) Bendamustine 90 mg/m2 da x 2 ngày (ngày 1, 2); Rituximab 375 mg/m2 da (ngày 0) BO (bendamustine + obinutuzumab) Bendamustine 90 mg/m2 da x 2 ngày (ngày 1, 2); Obinutuzumab truyền tĩnh mạch 100mg vào ngày 1, 900mg vào ngày 2 và 1000mg vào ngày 8, 15 của đợt điều trị đầu tiên; từ đợt 2 trở đi, Obinutuzumab dùng 1000mg duy nhất ngày 1 Ibrutinib đơn trị Ibrutinib 420mg, uống hàng ngày cho đến khi bệnh tiến triển hoặc phải dừng thuốc do tác dụng phụ ngoctlv.kcb_Truong Le Van Ngoc_04/07/2022 08:49:53",{}
HuongDanChanDoanVaDieuTriMotSoBenhLyHuyetHoc_B_n_r_t_g_n.md:516,HuongDanChanDoanVaDieuTriMotSoBenhLyHuyetHoc_B_n_r_t_g_n.md,516,331,"Phác đồ Cách dùng Chlorambucil + obinutuzumab Obinutuzumab truyền tĩnh mạch 100mg vào ngày 1, 900mg vào ngày 2 và 1000mg vào ngày 8, 15 của đợt điều trị đầu tiên; từ đợt 2 trở đi, Obinutuzumab dùng 1000mg duy nhất ngày 1; Chlorambucil uống 0.5 mg/ kg cân nặng vào ngày 1, 15 Chlorambucil đơn trị Chlorambucil 2-4mg uống hàng ngày",{}
HuongDanChanDoanVaDieuTriMotSoBenhLyHuyetHoc_B_n_r_t_g_n.md:517,HuongDanChanDoanVaDieuTriMotSoBenhLyHuyetHoc_B_n_r_t_g_n.md,517,706,"1. Hallek M, Cheson BD, Catovsky D et al. (2008), “Guidelines for the diagnosis and treatment of chronic lymphocytic leukemia: a report from the International Workshop on Chronic Lymphocytic Leukemia updating the National Cancer Institute Working Group 1996 guidelines”. Blood; 111: 5446-5456. 2. Paolo Strati, Nitin Jain et al. (2018), ‘Chronic lymphocytic leukemia : diagnosis and treatment’. Mayo Clini Proc; 93(5): 651-664. 3. Hallek M, Fischer K, Fingerle-Rowson G et al. (2010), “Addition of rituximab to fludarabine and cyclophosphamide in patients with chronic lymphocytic leukemia: a randomised, open-label, phase III trial”. Lancet; 376: 1164-1174. 4. Robak T, Dmoszynska A, Solal-Celigny P et al",{}
HuongDanChanDoanVaDieuTriMotSoBenhLyHuyetHoc_B_n_r_t_g_n.md:518,HuongDanChanDoanVaDieuTriMotSoBenhLyHuyetHoc_B_n_r_t_g_n.md,518,573,". Lancet; 376: 1164-1174. 4. Robak T, Dmoszynska A, Solal-Celigny P et al. (2010), “Rituximab plus fludarabine and cyclophosphamide prolongs progression-free survival compared with fludarabine and cyclophosphamide alone in previously treated chronic lymphocytic leukemia”. J Clin Oncol; 28: 1756-1765. 5. Knauf WU, Lissichkov T, Aldaoud A et al. (2009), “Phase III randomized study of bendamustine compared with chlorambucil in previously untreated patients with chronic lymphocytic leukemia”. J Clin Oncol; 27: 4378-4384. ngoctlv.kcb_Truong Le Van Ngoc_04/07/2022 08:49:53",{}
HuongDanChanDoanVaDieuTriMotSoBenhLyHuyetHoc_B_n_r_t_g_n.md:519,HuongDanChanDoanVaDieuTriMotSoBenhLyHuyetHoc_B_n_r_t_g_n.md,519,23,34. LƠ XÊ MI TẾ BÀO TÓC,{}
HuongDanChanDoanVaDieuTriMotSoBenhLyHuyetHoc_B_n_r_t_g_n.md:520,HuongDanChanDoanVaDieuTriMotSoBenhLyHuyetHoc_B_n_r_t_g_n.md,520,885,"1. ĐẠI CƯƠNG - Lơ xê mi tế bào tóc (Hairy Cell Leukemia - HCL) là một bệnh ác tính của tế bào dòng lympho B. Bệnh có hai đặc điểm nổi bật là lách to và giảm các dòng tế bào máu. - Tế bào bệnh có nguồn gốc từ lympho B với các kháng nguyên biệt hoá: CD19, CD 20, CD22 và các Ig bề mặt, đặc biệt IgG3, IgA. 2. NGUYÊN NHÂN Nguyên nhân chưa được biết rõ, nhiễm tia xạ, chất hóa học sử dụng trong nông nghiệp hoặc bụi gỗ, hay nhiễm trùng tăng bạch cầu đơn nhân cũng có thể là yếu tố nguy cơ gây bệnh. 3. TRIỆU CHỨNG 3.1. Lâm sàng Một số bệnh nhân có thể không có triệu chứng tại thời điểm chẩn đoán. Các triệu chứng điển hình gồm: - Thiếu máu (khoảng 25% người bệnh). - Nhiễm trùng cơ hội. - Lách to thường độ II, độ III, mật độ chắc. - Gan to (khoảng 20% người bệnh). - Hạch to chỉ có ở 10% người bệnh Lơ xê mi tế bào tóc, chủ yếu là các hạch ở sâu (trung thất và ổ bụng). 3.2",{}
HuongDanChanDoanVaDieuTriMotSoBenhLyHuyetHoc_B_n_r_t_g_n.md:521,HuongDanChanDoanVaDieuTriMotSoBenhLyHuyetHoc_B_n_r_t_g_n.md,521,780,". - Gan to (khoảng 20% người bệnh). - Hạch to chỉ có ở 10% người bệnh Lơ xê mi tế bào tóc, chủ yếu là các hạch ở sâu (trung thất và ổ bụng). 3.2. Cận lâm sàng - Giảm các dòng tế bào máu: Trong đó có khoảng 50% người bệnh giảm cả 3 dòng, các người bệnh còn lại có biểu hiện giảm 1 hoặc 2 dòng tế bào máu. Chủ yếu giảm bạch cầu, thường gặp giảm bạch cầu mono. Chỉ 10% người bệnh có tăng bạch cầu. - Tế bào tóc ở máu ngoại vi xuất hiện ở 90% các trường hợp với đặc điểm: Tế bào kích thước bằng hoặc gấp 2 lần lympho trưởng thành, nguyên sinh chất bắt màu kiềm nhạt, có các sợi nguyên sinh chất tỏa ra xung quanh gợi hình ảnh “sợi tóc”, nhân có các hạt nhân rõ. - Tăng nồng độ các cytokin đặc biệt là TNF- α. - Xét nghiệm tuỷ xương: + Tuỷ đồ: Thường rất khó hút được dịch tủy",{}
HuongDanChanDoanVaDieuTriMotSoBenhLyHuyetHoc_B_n_r_t_g_n.md:522,HuongDanChanDoanVaDieuTriMotSoBenhLyHuyetHoc_B_n_r_t_g_n.md,522,676,". - Tăng nồng độ các cytokin đặc biệt là TNF- α. - Xét nghiệm tuỷ xương: + Tuỷ đồ: Thường rất khó hút được dịch tủy. Trên tiêu bản tủy có thể thấy tế bào “tóc” tăng sinh lấn át các dòng tế bào khác và tế bào mỡ, tế bào càng trưởng thành thì “tóc” càng rõ. Đôi khi gặp thể giảm sinh tuỷ; + Mô bệnh học tủy xương: Tủy thường giàu tế bào, tăng sinh tế bào tóc lan tỏa hoặc tập trung thành từng cụm lẫn giữa các khoang sinh máu. Các tế bào sinh máu khác như hồng cầu, bạch cầu hạt và mẫu tiểu cầu giảm sinh. Khoảng 10-20% người bệnh giảm mật độ tế bào tủy. Đôi khi gặp tủy mỡ hóa gần như hoàn toàn, xen kẽ là các tế bào tóc. ngoctlv.kcb_Truong Le Van Ngoc_04/07/2022 08:49:53",{}
HuongDanChanDoanVaDieuTriMotSoBenhLyHuyetHoc_B_n_r_t_g_n.md:523,HuongDanChanDoanVaDieuTriMotSoBenhLyHuyetHoc_B_n_r_t_g_n.md,523,760,"- Hoá học tế bào và hóa mô miễn dịch: Hầu hết các tế bào dương tính với acid phosphate kháng tartrate (Tartrate-resistant acid photphate - TRAP), CD20, DBA.44; dương tính đồng thời 2 marker TRAP và DBA.44 có độ đặc hiệu cao trong chẩn đoán. - Sử dụng kỹ thuật đếm tế bào dòng chảy (Flow Cytometry): Cho thấy tế bào tóc dương tính mạnh với các marker: CD45, CD19, CD20, CD22, CD11c, CD25, CD103, CD123; âm tính với CD5 và CD23. Đây là xét nghiệm quan trọng giúp chẩn đoán cũng như theo dõi tồn dư tối thiểu của bệnh sau điều trị. - Bất thường nhiễm sắc thể (NST): Gặp khoảng 2/3 người bệnh, thường là các NST 1, 2, 5, 6, 11, 14, 19 và 20. Trong đó, bất thường nhiễm sắc thể số 5 gặp ở 40% trường hợp, thường là trisomy 5 hoặc mất đoạn gen trong vùng 5q13",{}
HuongDanChanDoanVaDieuTriMotSoBenhLyHuyetHoc_B_n_r_t_g_n.md:524,HuongDanChanDoanVaDieuTriMotSoBenhLyHuyetHoc_B_n_r_t_g_n.md,524,832,". Trong đó, bất thường nhiễm sắc thể số 5 gặp ở 40% trường hợp, thường là trisomy 5 hoặc mất đoạn gen trong vùng 5q13. - Đột biến gen BRAF V600E: Rất đặc hiệu cho chẩn đoán, gặp ở hầu hết người bệnh (khoảng 95%) và có thể được phát hiện bằng kỹ thuật giải trình tự hoặc gián tiếp thông qua protein BRAF bằng phương pháp nhuộm hóa mô miễn dịch. - Các xét nghiệm khác: Tăng men gan (19%), tăng ure máu (27%), tăng gamma globulin đa dòng (18%). Giảm gamma globulin máu hiếm gặp. - Các xét nghiệm sử dụng trước và trong điều trị: + Tổng phân tích tế bào máu; + Hóa sinh máu: Glucose, chức năng gan, thận, điện giải đồ; + Đông máu cơ bản; + Định lượng globulin miễn dịch; + Marker virus viêm gan B: Khi điều trị với Rituximab có nguy cơ làm virus tái hoạt động; + Siêu âm ổ bụng: Đánh giá kích thước lách. 4. CHẨN ĐOÁN BỆNH 4.1",{}
HuongDanChanDoanVaDieuTriMotSoBenhLyHuyetHoc_B_n_r_t_g_n.md:525,HuongDanChanDoanVaDieuTriMotSoBenhLyHuyetHoc_B_n_r_t_g_n.md,525,605,". 4. CHẨN ĐOÁN BỆNH 4.1. Chẩn đoán xác định - Lâm sàng: Lách to, thiếu máu, nhiễm trùng cơ hội. - Xét nghiệm: + Giảm 3 dòng tế bào máu; + Tuỷ: Giàu tế bào, chủ yếu tế bào tóc; các tế bào dương tính với CD19, CD20, CD22, CD11c, CD25, CD103, CD123; + Hóa mô miễn dịch tủy xương: dương tính với CD20, TRAP, DBA.44. 4.2. Biến thể của Lơ xê mi tế bào tóc Tỷ lệ gặp khoảng 10% tổng số ca bệnh; đặc điểm có tăng số lượng bạch cầu, không giảm bạch cầu mono, dịch tủy dễ hút hơn; đáp ứng với điều trị kém hơn so với lơ xê mi tế bào tóc thể thông thường. ngoctlv.kcb_Truong Le Van Ngoc_04/07/2022 08:49:53",{}
HuongDanChanDoanVaDieuTriMotSoBenhLyHuyetHoc_B_n_r_t_g_n.md:526,HuongDanChanDoanVaDieuTriMotSoBenhLyHuyetHoc_B_n_r_t_g_n.md,526,97,4.3. Chẩn đoán phân biệt Bảng 41. Phân biệt với những bệnh tăng sinh lympho B có lách to.,{}
HuongDanChanDoanVaDieuTriMotSoBenhLyHuyetHoc_B_n_r_t_g_n.md:527,HuongDanChanDoanVaDieuTriMotSoBenhLyHuyetHoc_B_n_r_t_g_n.md,527,804,"Bệnh Đặc điểm miễn dịch Triệu chứng khác Lơ xê mi tế bào tóc CD11c (+), CD25 CD103 (+), CD123 CD20 (+) (+), (+), Thường gặp giảm bạch cầu mono. Lơ xê mi tế bào tóc biến thể CD11c (+), CD103 CD25 (-) (+), Tăng bạch cầu, không gặp giảm bạch cầu mono. U lympho vùng vỏ lách CD11c (+), CD25 CD24 (+), CD79b (+) (+), Bạch cầu không không có “tóc”. tăng, Lơ xê mi lympho mạn CD5 (+), CD19 (+), CD23 (+) Tăng bạch cầu lympho, nhưng không có “tóc”. Lơ xê mi tế bào tiền lympho B CD19 (+), FMC7 CD79b (+), CD20 CD22 (+) (+), (+), Tăng bạch cầu lympho, nhưng không có “tóc”. 5. ĐIỀU TRỊ 5.1. Điều trị bệnh chính Tiến triển tự nhiên của bệnh thường kéo dài một vài năm. Những bệnh nhân không có triệu chứng lâm sàng cần được theo dõi định kỳ 3 tháng một lần: Khám lâm sàng, xét nghiệm tế bào máu ngoại vi",{}
HuongDanChanDoanVaDieuTriMotSoBenhLyHuyetHoc_B_n_r_t_g_n.md:528,HuongDanChanDoanVaDieuTriMotSoBenhLyHuyetHoc_B_n_r_t_g_n.md,528,788,". Những bệnh nhân không có triệu chứng lâm sàng cần được theo dõi định kỳ 3 tháng một lần: Khám lâm sàng, xét nghiệm tế bào máu ngoại vi. Chỉ định điều trị khi có biểu hiện: - Triệu chứng toàn thân: Sốt, ra mồ hôi đêm, mệt nhiều, sụt cân không giải thích được (> 10% trọng lượng cơ thể trong 6 tháng). - Lách to nhiều và đau, hạch to. - Nhiễm trùng tái diễn. - Thiếu máu: Hb < 110 g/L. - Giảm tiểu cầu (< 100 G/L). - Giảm bạch cầu hạt (< 1 G/L). - Hạch to nhanh hoặc tăng nhanh số lượng lymphocyte. 5.2. Điều trị bệnh nhân mới chẩn đoán - Fludarabine 40 mg/m2 truyền tĩnh mạch trong 30 phút từ ngày 1 đến 5; có thể kết hợp với rituximab 375 mg/m2 truyền tĩnh mạch ngày 1. Có thể điều trị 4 đến 6 đợt, mỗi đợt cách nhau 28 ngày. Lưu ý giảm liều fludarabine nếu bệnh nhân suy thận",{}
HuongDanChanDoanVaDieuTriMotSoBenhLyHuyetHoc_B_n_r_t_g_n.md:529,HuongDanChanDoanVaDieuTriMotSoBenhLyHuyetHoc_B_n_r_t_g_n.md,529,488,". Có thể điều trị 4 đến 6 đợt, mỗi đợt cách nhau 28 ngày. Lưu ý giảm liều fludarabine nếu bệnh nhân suy thận. Trong trường hợp người bệnh cần truyền chế phẩm máu, nên chiếu xạ túi máu trước khi truyền nhằm tránh bệnh ghép chống chủ do truyền máu. Khi số lượng bạch cầu lympho dưới 1 G/L, cần điều trị dự phòng: - Acyclovir 600 mg/ngày để tránh tái hoạt virus Herpes. - Co-trimoxazole 960 mg x 3 lần/tuần để phòng pneumocystis carini. ngoctlv.kcb_Truong Le Van Ngoc_04/07/2022 08:49:53",{}
HuongDanChanDoanVaDieuTriMotSoBenhLyHuyetHoc_B_n_r_t_g_n.md:530,HuongDanChanDoanVaDieuTriMotSoBenhLyHuyetHoc_B_n_r_t_g_n.md,530,847,"b. Interferon alpha (INF-α) - Thường dùng cho những bệnh nhân đang bị giảm bạch cầu hạt trung tính quá thấp (< 0,2 G/l) hoặc phụ nữ có thai. Liều dùng 2 triệu đơn vị/m2 da, tiêm dưới da 3 lần một tuần trong 12-18 tháng. c. Cắt lách trong trường hợp: - Lách quá to và đau, nhồi máu lách, vỡ lách. - Giảm tế bào máu nhiều do cường lách. 5.3. Điều trị bệnh nhân tái phát/ kháng thuốc Một số phác đồ điều trị bệnh nhân tái phát/ kháng thuốc: - Rituximab (kháng thể kháng CD20): Liều 375 mg/m2 da truyền tĩnh mạch mỗi tuần 1 lần, 4 - 8 tuần liên tục, thường dùng phối hợp với hóa chất nhóm purin. - Rituximab 375 mg/m2 da, truyền tĩnh mạch ngày 1 + Fludarabine 40 mg/m2 da, uống từ ngày 1-5. Có thể dùng 4 đợt, mỗi đợt cách nhau 28 ngày. - Rituximab 375 mg/m2 da, truyền tĩnh mạch ngày 1 + Bendamustine 70-90 mg/m2 da, truyền tĩnh mạch ngày 2 và 3",{}
HuongDanChanDoanVaDieuTriMotSoBenhLyHuyetHoc_B_n_r_t_g_n.md:531,HuongDanChanDoanVaDieuTriMotSoBenhLyHuyetHoc_B_n_r_t_g_n.md,531,506,". Có thể dùng 4 đợt, mỗi đợt cách nhau 28 ngày. - Rituximab 375 mg/m2 da, truyền tĩnh mạch ngày 1 + Bendamustine 70-90 mg/m2 da, truyền tĩnh mạch ngày 2 và 3. - Ibrutinib (thuốc ức chế BTK): Liều 420 mg, uống hàng ngày. 5.4. Các xét nghiệm đánh giá và theo dõi điều trị - Tổng phân tích tế bào máu ngoại vi, được làm ít nhất 2 ngày một lần. - Sinh hóa máu: Chức năng gan, thận, điện giải, acid uric, photpho, LDH..., ít nhất 1 tuần/lần. - Bộ xét nghiệm đông máu, D-Dimer, rotem…, ít nhất 1 tuần/lần.",{}
HuongDanChanDoanVaDieuTriMotSoBenhLyHuyetHoc_B_n_r_t_g_n.md:532,HuongDanChanDoanVaDieuTriMotSoBenhLyHuyetHoc_B_n_r_t_g_n.md,532,795,"- Các xét nghiệm vi sinh: virus viêm gan, HIV… làm sàng lọc trước khi điều trị, lặp lại theo quy định. Các xét nghiệm đánh giá nhiễm trùng: cấy vi khuẩn, vi nấm, CRP, PCT, CMV, EBV, kháng sinh đồ…, nếu lâm sàng có dấu hiệu nhiễm trùng. - Huyết thanh học nhóm máu, làm lúc chẩn đoán hoặc khi cần truyền máu. - Xét nghiệm tế bào và sinh hóa nước tiểu, làm để sàng lọc trước điều trị và làm lại khi có dấu hiệu lâm sàng bất thường liên quan. - Chẩn đoán hình ảnh, thăm dò chức năng, làm để sàng lọc trước điều trị và làm lại khi có dấu hiệu lâm sàng bất thường liên quan. - Xét nghiệm Huyết tủy đồ, Sinh thiết tủy xương làm lúc chẩn đoán và làm lại sau các đợt điều trị; Gen đột biến lơ xê mi cấp, Nhiễm sắc thể được làm lúc chẩn đoán và làm lại để đánh giá sau mỗi 2 đợt điều trị hóa chất",{}
HuongDanChanDoanVaDieuTriMotSoBenhLyHuyetHoc_B_n_r_t_g_n.md:533,HuongDanChanDoanVaDieuTriMotSoBenhLyHuyetHoc_B_n_r_t_g_n.md,533,271,. - Xét nghiệm Flowcytometry được làm lúc chẩn đoán và làm lại sau mỗi đợt điều trị hóa chất để đánh giá bệnh tồn lưu tối thiểu. - Một số xét nghiệm khác được chỉ định tùy theo bệnh nền và bệnh mắc kèm của người bệnh. ngoctlv.kcb_Truong Le Van Ngoc_04/07/2022 08:49:53,{}
HuongDanChanDoanVaDieuTriMotSoBenhLyHuyetHoc_B_n_r_t_g_n.md:534,HuongDanChanDoanVaDieuTriMotSoBenhLyHuyetHoc_B_n_r_t_g_n.md,534,28,6. ĐÁNH GIÁ ĐÁP ỨNG ĐIỀU TRỊ,{}
HuongDanChanDoanVaDieuTriMotSoBenhLyHuyetHoc_B_n_r_t_g_n.md:535,HuongDanChanDoanVaDieuTriMotSoBenhLyHuyetHoc_B_n_r_t_g_n.md,535,654,"Lui bệnh hoàn toàn Hb > 110 g/l (không do truyền máu), TC > 100 G/l, ANC > 1,5 G/l; không tìm thấy tế bào tóc ở máu ngoại vi và tủy xương; Lách nhỏ lại trên lâm sàng. Lui bệnh một phần Hb > 110 g/l (không do truyền máu), TC > 100 G/l, ANC > 1,5 G/l; vẫn còn tế bào tóc xâm lấn tủy xương; lách nhỏ lại > 50% trên lâm sàng. Bệnh ổn định Không đáp ứng các tiêu chuẩn lui bệnh như trên sau khi kết thúc điều trị. Bệnh tiến triển Gia tăng các triệu chứng liên quan đến bệnh; tăng kích thước gan, lách, hạch > 25%; giảm > 25% các chỉ số tế bào máu ngoại vi so với tiêu chuẩn lui bệnh 1 phần (lưu ý phân biệt với tác dụng phụ ức chế tủy do thuốc điều trị)",{}
HuongDanChanDoanVaDieuTriMotSoBenhLyHuyetHoc_B_n_r_t_g_n.md:536,HuongDanChanDoanVaDieuTriMotSoBenhLyHuyetHoc_B_n_r_t_g_n.md,536,246,". Bệnh tái phát Tái phát về hình thái: tái xuất hiện tế bào tóc ở máu ngoại vi, sinh thiết tủy xương mà chưa có thay đổi về chỉ số tế bào máu; Tái phát về huyết học: tái xuất hiện tình trạng giảm các dòng tế bào máu dưới mức lui bệnh một phần.",{}
HuongDanChanDoanVaDieuTriMotSoBenhLyHuyetHoc_B_n_r_t_g_n.md:537,HuongDanChanDoanVaDieuTriMotSoBenhLyHuyetHoc_B_n_r_t_g_n.md,537,272,"7. TIÊN LƯỢNG Trước giai đoạn có interferon, tỷ lệ sống đến năm thứ 4 chỉ 68%. Với sự xuất hiện của hóa chất nhóm purine, việc điều trị đã đạt được tình trạng lui bệnh bền vững, thậm chí điều trị sau khi tái phát vẫn cho kết quả khá tốt. Tỷ lệ sống sau 5 năm cao hơn 85%.",{}
HuongDanChanDoanVaDieuTriMotSoBenhLyHuyetHoc_B_n_r_t_g_n.md:538,HuongDanChanDoanVaDieuTriMotSoBenhLyHuyetHoc_B_n_r_t_g_n.md,538,840,"1. Else M, Dearden CE, Matutes E, et al. (2009), ""Long-term follow-up of 233 patients with hairy cell leukemia, treated initially with pentostatin or cladribine, at a median of 16 years from diagnosis. Br J Haematol; 145 (6): 733-740 2. Falini B, Tiacci E, Liso A, et al. (2004), ""Simple diagnostic assay for hairy cell leukaemia by immunocytochemical detection of annexin A1 (ANXA1)"". Lancet; 363 (9424): 1869-1870 3. Habermann TM. (2006), ""Splenectomy, interferon, and treatments of historical interest in hairy cell leukemia"". Hematol Oncol Clin North Am; 20 (5): 1075-1086 4. Matutes E. (2006), ""Immunophenotyping and differential diagnosis of hairy cell leukemia"". Hematol Oncol Clin North Am; 20 (5): 1051-1063. 5. Golomb HM. (2008), ""Hairy cell leukemia: treatment successes in the past 25 years"". J Clin Oncol; 26 (16): 2607-2609. 6",{}
HuongDanChanDoanVaDieuTriMotSoBenhLyHuyetHoc_B_n_r_t_g_n.md:539,HuongDanChanDoanVaDieuTriMotSoBenhLyHuyetHoc_B_n_r_t_g_n.md,539,373,". Hematol Oncol Clin North Am; 20 (5): 1051-1063. 5. Golomb HM. (2008), ""Hairy cell leukemia: treatment successes in the past 25 years"". J Clin Oncol; 26 (16): 2607-2609. 6. Grever MR et al (2017), “Consensus guidelines for the diagnosis and management of patients with classical hairy cell leukemia”. Blood, 129: 553-560. ngoctlv.kcb_Truong Le Van Ngoc_04/07/2022 08:49:53",{}
HuongDanChanDoanVaDieuTriMotSoBenhLyHuyetHoc_B_n_r_t_g_n.md:540,HuongDanChanDoanVaDieuTriMotSoBenhLyHuyetHoc_B_n_r_t_g_n.md,540,26,35. LƠ XÊ MI TẾ BÀO PLASMO,{}
HuongDanChanDoanVaDieuTriMotSoBenhLyHuyetHoc_B_n_r_t_g_n.md:541,HuongDanChanDoanVaDieuTriMotSoBenhLyHuyetHoc_B_n_r_t_g_n.md,541,852,"1. ĐẠI CƯƠNG - Lơ xê mi tế bào plasmo (plasma cell leukemia - PCL) là bệnh lý tế bào dòng plasmo tủy xương (plasma cell myeloma), xuất hiện tế bào dòng plasmo trong máu ngoại vi chiếm ≥ 20% hoặc ≥ 2 G/L. - Lơ xê mi tế bào plasmo được chia thành 2 nhóm: + Lơ xê mi tế bào plasmo nguyên phát (primary plasma cell leukemia-pPCL): Chiếm khoảng 60%); + Lơ xê mi tế bào plasmo thứ phát (second plasma cell leukemia-sPCL): Là giai đoạn cuối của bệnh đa u tủy xương. Trong bài này đề cập chi tiết đến lơ xê mi plasmo nguyên phát (pPCL). 2. CHẨN ĐOÁN 2.1. Lâm sàng a. Thiếu máu: Khoảng 50% người bệnh mới chẩn đoán có thiếu máu. b. Xuất huyết: Xuất huyết dưới da hoặc niêm mạc, nội tạng do giảm tiểu cầu. c. Thâm nhiễm tế bào plasmo vào các cơ quan: Gan to (gặp khoảng 50%), lách to (gặp khoảng 50%), hạch to, tràn dịch màng phổi, triệu chứng thần kinh. d",{}
HuongDanChanDoanVaDieuTriMotSoBenhLyHuyetHoc_B_n_r_t_g_n.md:542,HuongDanChanDoanVaDieuTriMotSoBenhLyHuyetHoc_B_n_r_t_g_n.md,542,878,". c. Thâm nhiễm tế bào plasmo vào các cơ quan: Gan to (gặp khoảng 50%), lách to (gặp khoảng 50%), hạch to, tràn dịch màng phổi, triệu chứng thần kinh. d. Tăng canxi máu: Táo bón, buồn nôn; đa niệu, suy thận; loạn thần, hôn mê; rối loạn nhịp tim. Nếu canxi máu > 11 mg/dl (2,75 mmol/l) cần phải xử trí cấp cứu. đ. Triệu chứng tổn thương xương: Ít gặp. 2.2. Cận lâm sàng a. Tổng phân tích tế bào máu: Thiếu máu, giảm tiểu cầu, bạch cầu có thể giảm, bình thường hoặc tăng nhưng có tế bào plasmo với tỷ lệ ≥ 20% hoặc ≥ 2G/L. b. Tủy đồ và sinh thiết tủy xương: Tăng sinh dòng plasmo (> 10%); phân tích karyotype có thể thấy bất thường NST (hay gặp monosomy 13); xét nghiệm miễn dịch thấy có dấu ấn đặc trưng tế bào plasmo. c. Điện di protein huyết thanh và nước tiểu: Phát hiện protein đơn dòng; điện di miễn dịch phát hiện thành phần đơn dòng của các chuỗi nặng và nhẹ. d",{}
HuongDanChanDoanVaDieuTriMotSoBenhLyHuyetHoc_B_n_r_t_g_n.md:543,HuongDanChanDoanVaDieuTriMotSoBenhLyHuyetHoc_B_n_r_t_g_n.md,543,631,". c. Điện di protein huyết thanh và nước tiểu: Phát hiện protein đơn dòng; điện di miễn dịch phát hiện thành phần đơn dòng của các chuỗi nặng và nhẹ. d. Xét nghiệm sinh hoá: Protid máu toàn phần, albumin, globulin, β2- microglobulin, creatinine và canxi huyết thanh. Định lượng IgG, IgA, IgM, IgD, IgE huyết thanh, định lượng M-Protein/ nước tiểu 24h (Protein Bence Jones), đo chuỗi nhẹ tự do (free light-chain: FLC) trong huyết thanh và nước tiểu. đ. Chẩn đoán hình ảnh - Chụp X-quang xương (cột sống, xương chậu, xương sọ, xương sườn...): Đánh giá các tổn thương tiêu xương. ngoctlv.kcb_Truong Le Van Ngoc_04/07/2022 08:49:53",{}
HuongDanChanDoanVaDieuTriMotSoBenhLyHuyetHoc_B_n_r_t_g_n.md:544,HuongDanChanDoanVaDieuTriMotSoBenhLyHuyetHoc_B_n_r_t_g_n.md,544,788,"- Chụp cộng hưởng từ, chụp cắt lớp vi tính, chụp PET, CT-scan, chụp xạ hình xương: Cần thiết để đánh giá sự thâm nhiễm của tế bào plasmo tại các cơ quan, vì triệu chứng này khá thường gặp. e. Các xét nghiệm sử dụng trước và trong điều trị - Tổng phân tích tế bào máu. - Sinh hóa máu: Chức năng gan, thận, điện giải đồ, acid uric, LDH. - Đông máu cơ bản, D-Dimer. - Siêu âm tim đánh giá chức năng tim trước khi điều trị hóa chất. 2.3. Chẩn đoán xác định: Tiêu chuẩn chẩn đoán PCL theo International Myeloma Working Group 2003. - Có ≥ 20% tế bào dòng plasmo hoặc ≥ 2G/L tế bào dòng plasmo trong máu ngoại vi. Nhiều tác giả nước ngoài (Mayo Clinic-Mĩ) đang đưa ra đề xuất tiêu chuẩn số lượng tế bào plasmo trong máu ngoại vi ≥ 5% để chẩn đoán PCL thay vì ≥ 20% như hiện tại. 2.4",{}
HuongDanChanDoanVaDieuTriMotSoBenhLyHuyetHoc_B_n_r_t_g_n.md:545,HuongDanChanDoanVaDieuTriMotSoBenhLyHuyetHoc_B_n_r_t_g_n.md,545,787,". Nhiều tác giả nước ngoài (Mayo Clinic-Mĩ) đang đưa ra đề xuất tiêu chuẩn số lượng tế bào plasmo trong máu ngoại vi ≥ 5% để chẩn đoán PCL thay vì ≥ 20% như hiện tại. 2.4. Chẩn đoán phân biệt: Một số trường hợp có thể xuất hiện tế bào dòng plasmo trong máu ngoại vi như: Đa u tủy xương, nhiễm khuẩn huyết, nhiễm trùng tăng bạch cầu mono. Tuy nhiên, tỷ lệ plasmo < 20% hoặc < 2G/L. 3. ĐIỀU TRỊ 3.1. Điều trị ban đầu - Điều trị ban đầu được chỉ định cho tất cả các người bệnh, có thể chọn một trong các phác đồ phối hợp thuốc, trong đó thuốc chính là bortezomib, như: VTD, VCD, PAD, RVD, VTD-PACE, HyperCVAD-VTD. - Các thuốc điều trị nhắm đích như kháng thể đơn dòng chống CD38 như Daratumumab, các thuốc ức chế chọn lọc proteasome.. cũng được đưa vào phác đồ điều trị ban đầu",{}
HuongDanChanDoanVaDieuTriMotSoBenhLyHuyetHoc_B_n_r_t_g_n.md:546,HuongDanChanDoanVaDieuTriMotSoBenhLyHuyetHoc_B_n_r_t_g_n.md,546,899,". - Các thuốc điều trị nhắm đích như kháng thể đơn dòng chống CD38 như Daratumumab, các thuốc ức chế chọn lọc proteasome.. cũng được đưa vào phác đồ điều trị ban đầu. - Số đợt điều trị ban đầu chưa có khuyến cáo cụ thể, nhưng để điều trị tiếp theo có hiệu quả, kết quả điều trị ban đầu phải đạt được tối thiểu là đáp ứng một phần. - Điều trị thuốc hỗ trợ khi có các tác dụng phụ của dexamethasone. 3.2. Ghép tế bào gốc - Sau điều trị ban đầu, tiến hành ghép tế bào gốc đồng loại đối với người bệnh < 45 tuổi hoặc ghép tế bào gốc tự thân đối với người bệnh < 70 tuổi. - Để ghép tế bào gốc có hiệu quả, kết quả đạt được sau điều trị ban đầu tối thiểu phải là đáp ứng một phần (PR). 3.3. Điều trị củng cố - Được chỉ định sau điều trị ban đầu với kết quả tối thiểu là đáp ứng một phần hoặc sau ghép tế bào gốc; phác đồ kết hợp 3 thuốc, thuốc chính là bortezomib: VRD hoặc VTD (Điều trị 2 đợt)",{}
HuongDanChanDoanVaDieuTriMotSoBenhLyHuyetHoc_B_n_r_t_g_n.md:547,HuongDanChanDoanVaDieuTriMotSoBenhLyHuyetHoc_B_n_r_t_g_n.md,547,52,. ngoctlv.kcb_Truong Le Van Ngoc_04/07/2022 08:49:53,{}
HuongDanChanDoanVaDieuTriMotSoBenhLyHuyetHoc_B_n_r_t_g_n.md:548,HuongDanChanDoanVaDieuTriMotSoBenhLyHuyetHoc_B_n_r_t_g_n.md,548,895,"- Các thuốc điều trị nhắm đích như kháng thể đơn dòng chống CD38 như Daratumumab, các thuốc ức chế chọn lọc proteasome..., các dẫn xuất của thalidomide như cũng được đưa vào phác đồ điều trị củng cố. 3.4. Điều trị duy trì - Được chỉ định sau điều trị củng cố đạt kết quả tối thiểu là đáp ứng một phần. - Phác đồ 1 thuốc (bortezomib liều 1,3mg/m2 da mỗi 2 tuần) hoặc kết hợp với lenalidomide liều 10mg/ngày, ngày 1-21 mỗi 28 ngày hoăc uống liên tục. - Các thuốc điều trị nhắm đích như kháng thể đơn dòng chống CD38 như Daratumumab, các thuốc ức chế chọn lọc proteasome. .. ,các dẫn xuất của thalidomide… cũng được đưa vào phác đồ điều trị duy trì. Nếu sau mỗi đợt điều trị mà không đáp ứng thì xem xét thay đổi phác đồ, kết hợp thêm thuốc. 3.5. Điều trị hỗ trợ a. Nhiễm trùng - Phòng nhiễm trùng có thể dùng gammaglobulin, GCSF. - Nếu có nhiễm trùng thì phải điều trị kháng sinh ngay. b",{}
HuongDanChanDoanVaDieuTriMotSoBenhLyHuyetHoc_B_n_r_t_g_n.md:549,HuongDanChanDoanVaDieuTriMotSoBenhLyHuyetHoc_B_n_r_t_g_n.md,549,684,". 3.5. Điều trị hỗ trợ a. Nhiễm trùng - Phòng nhiễm trùng có thể dùng gammaglobulin, GCSF. - Nếu có nhiễm trùng thì phải điều trị kháng sinh ngay. b. Hội chứng tiêu khối u Khá thường gặp, cần theo dõi creatinine, ure, LDH; điều trị dự phòng bằng truyền dịch, thuốc lợi tiểu, allopurinol. c. Tổn thương xương - Điều trị tăng canxi máu: + Truyền dịch, lợi tiểu; + Ức chế huỷ xương: Biphosphonate, calcitonine (4-8 UI/kg pha NaCl 0,9% truyền tĩnh mạch trong 6-8 giờ), methylprednisolon (50-100mg/ngày); + Lọc máu: Chỉ định cho trường hợp tăng canxi máu nặng đe doạ tính mạng, người bệnh có suy thận, phù phổi. - Bisphosphonate: Làm tăng chuyển hoá của xương và tránh gây huỷ xương",{}
HuongDanChanDoanVaDieuTriMotSoBenhLyHuyetHoc_B_n_r_t_g_n.md:550,HuongDanChanDoanVaDieuTriMotSoBenhLyHuyetHoc_B_n_r_t_g_n.md,550,680,". - Bisphosphonate: Làm tăng chuyển hoá của xương và tránh gây huỷ xương. + Zoledronic acid: Liều 4 mg/lần/tháng, ở những người bệnh có suy thận phải giảm liều acid zoledronic; + Pamidronate: Liều hàng tháng 90 mg truyền tĩnh mạch 2 giờ; + Hoại tử xương hàm là biến chứng muộn nghiêm trọng liên quan đến thời gian điều trị bisphosphonate (tỷ lệ cao hơn ở zoledronic acid so với với pamidronate). - Khuyến khích người bệnh vận động nhẹ nhàng nếu có thể, nhưng tránh gây ra chấn thương. - Trường hợp đau nhiều và có tính khu trú có thể xạ trị. d. Thiếu máu - Erythropoietin tái tổ hợp: Liều 4.000 UI/ngày. - Truyền khối hồng cầu. ngoctlv.kcb_Truong Le Van Ngoc_04/07/2022 08:49:53",{}
HuongDanChanDoanVaDieuTriMotSoBenhLyHuyetHoc_B_n_r_t_g_n.md:551,HuongDanChanDoanVaDieuTriMotSoBenhLyHuyetHoc_B_n_r_t_g_n.md,551,872,Lưu ý: - Điều trị dự phòng Herpes zoster khi điều trị bằng các thuốc ức chế proteasome và kháng thể đơn dòng chống CD38. - Xét nghiệm sàng lọc viêm gan B trước khi điều trị bằng Daratuximab. - Điều trị dự phòng bằng kháng sinh đối với bệnh nhân có nguy cơ nhiễm trùng. 3.6. Đánh giá đáp ứng điều trị Bảng 42. Tiêu chuẩn đánh giá đáp ứng điều trị của lơ xê mi tế bào dòng plasmo (được kết hợp từ tiêu chuẩn đáp ứng của lơ xê mi cấp và Đa u tuỷ xương). Mức độ đáp ứng Tiêu chuẩn tuỷ xương Tiêu chuẩn máu ngoại vi Tiêu chuẩn huyết thanh Tiêu chuẩn khác Đáp ứng hoàn toàn triệt để Tế bào plasmo trong tuỷ xương: < 5%. Không phát hiện tế bào plasmo ác tính bằng kỹ thuật đếm tế bào dòng chảy (flowcytometry). Không có tế bào plasmo trong máu ngoại vi. Điện di miễn dịch cố định huyết thanh và nước tiểu: âm tính. Tỷ lệ kappa/lambda tự do trong giới hạn bình thường,{}
HuongDanChanDoanVaDieuTriMotSoBenhLyHuyetHoc_B_n_r_t_g_n.md:552,HuongDanChanDoanVaDieuTriMotSoBenhLyHuyetHoc_B_n_r_t_g_n.md,552,874,". Không có tế bào plasmo trong máu ngoại vi. Điện di miễn dịch cố định huyết thanh và nước tiểu: âm tính. Tỷ lệ kappa/lambda tự do trong giới hạn bình thường. Không có u plasmo phần mềm. Đáp ứng hoàn toàn Tế bào plasmo trong tuỷ xương: < 5%. Không có tế bào plasmo trong máu ngoại vi. Điện di miễn dịch cố định huyết thanh và nước tiểu: âm tính. Không có u plasmo phần mềm. Đáp ứng một phần rất tốt Tế bào dòng plasmo trong tuỷ xương: < 5%. Không có tế bào plasmo trong máu ngoại vi. Ig đơn dòng giảm ≥ 90%, protein niệu < 100mg/24h. Không có u plasmo phần mềm. Đáp ứng một phần Tế bào dòng plasmo trong tuỷ xương: 5- 25%. Tế bào dòng plasmo: 1-5% Ig đơn dòng giảm ≥ 50%, protein niệu < 200mg/24h hoặc giảm ≥ 90%. Kích thước khối u plasmo phần mềm giảm ≥ 50%. Không đáp ứng Không gặp bất cứ tiêu chuẩn nào của đáp ứng một phần và tiêu chuẩn của bệnh tiến triển",{}
HuongDanChanDoanVaDieuTriMotSoBenhLyHuyetHoc_B_n_r_t_g_n.md:553,HuongDanChanDoanVaDieuTriMotSoBenhLyHuyetHoc_B_n_r_t_g_n.md,553,705,". Kích thước khối u plasmo phần mềm giảm ≥ 50%. Không đáp ứng Không gặp bất cứ tiêu chuẩn nào của đáp ứng một phần và tiêu chuẩn của bệnh tiến triển. Bệnh tiến triển Tăng > 25% tế bào dòng plasmo trong tuỷ hoặc tăng số lượng tuyệt đối ≥ 10%. Tăng > 5% số lượng tuyệt đối tế bào dòng plasmo. Tăng > 25% Ig đơn dòng với số lượng tuyệt đối ≥ 5G/L, tăng > 25% protein niệu 24h với số lượng tuyệt đối ≥ 200mg/24h Tăng canxi huyết thanh, tăng tiêu huỷ xương, tăng kích thước khối u phần mềm. Bệnh tái phát Tăng > 10% tế bào dòng plasmo. Xuất hiện tế bào plasmo dù ở mức độ nào. Xuất hiện Ig đơn dòng trong huyết thanh hoặc nước tiểu. Có thâm nhiễm u ngoctlv.kcb_Truong Le Van Ngoc_04/07/2022 08:49:53",{}
HuongDanChanDoanVaDieuTriMotSoBenhLyHuyetHoc_B_n_r_t_g_n.md:554,HuongDanChanDoanVaDieuTriMotSoBenhLyHuyetHoc_B_n_r_t_g_n.md,554,497,"Mức độ đáp ứng Tiêu chuẩn tuỷ xương Tiêu chuẩn máu ngoại vi Tiêu chuẩn huyết thanh Tiêu chuẩn khác plasmo ở phần mềm. 4. THEO DÕI SAU ĐIỀU TRỊ - Xét nghiệm hàng tháng: Tổng phân tích tế bào máu, định lượng các loại Ig, chuỗi nhẹ tự do trong huyết thanh, creatinine, canxi. - Chụp cộng hưởng tự hoặc chụp cắt lớp vi tính nên được thực hiện để phát hiện các thâm nhiễm mới. - Đánh giá đáp ứng sau mỗi 1 đợt điều trị để điều chỉnh phác đồ. ngoctlv.kcb_Truong Le Van Ngoc_04/07/2022 08:49:53",{}
HuongDanChanDoanVaDieuTriMotSoBenhLyHuyetHoc_B_n_r_t_g_n.md:555,HuongDanChanDoanVaDieuTriMotSoBenhLyHuyetHoc_B_n_r_t_g_n.md,555,790,"PHỤ LỤC MỘT SỐ PHÁC ĐỒ CỤ THỂ ĐIỀU TRỊ LƠ XÊ MI TẾ BÀO DÒNG PLASMO a. VTD - Bortezomib 1,3 mg/m2 tiêm dưới da hay tiêm tĩnh mạch ngày 1, 4, 8, 11 trong 4 đợt đầu, ngày 1, 8, 15, 22 trong 4 đợt tiếp. - Thalidomide 100-200 mg uống ngày 1-21. - Dexamethasone 40 mg/ngày truyền tĩnh mạch ngày 1- 4. b. VCD - Bortezomib 1,3 mg/m2 tiêm dưới da hay tiêm tĩnh mạch ngày 1, 4, 8, 11 trong 4 đợt đầu, ngày 1, 8, 15, 22 trong 4 đợt tiếp. - Cyclophosphamide 300 mg/m2/ngày truyền tĩnh mạch 1, 8, 15 và 22. - Dexamethasone 40 mg/ngày truyền tĩnh mạch 1, 8, 15 và 22. c. PAD - Bortezomib 1,3 mg/m2 tiêm dưới da hay tiêm tĩnh mạch ngày 1, 4, 8, 11 trong 4 đợt đầu và ngày 1, 8, 15 và 22 trong 4 đợt tiếp. - Doxorubicin 10 mg/m2/ngày truyền tĩnh mạch 1-4. - Dexamethasone 40 mg/ngày truyền tĩnh mạch 1-4. d",{}
HuongDanChanDoanVaDieuTriMotSoBenhLyHuyetHoc_B_n_r_t_g_n.md:556,HuongDanChanDoanVaDieuTriMotSoBenhLyHuyetHoc_B_n_r_t_g_n.md,556,526,". - Doxorubicin 10 mg/m2/ngày truyền tĩnh mạch 1-4. - Dexamethasone 40 mg/ngày truyền tĩnh mạch 1-4. d. VRD - Bortezomib 1,3 mg/m2 tiêm dưới da hay tiêm tĩnh mạch ngày 1, 4, 8, 11 trong 4 đợt đầu và ngày 1, 8, 15 và 22 trong 4 đợt tiếp. - Lenalidomide liều 25mg/ngày uống ngày 1 - 21. - Dexamethasone 40 mg/ngày truyền tĩnh mạch ngày 1, 8, 15 và 22. Lưu ý: Khoảng cách tối thiểu giữa 2 liều bortezomib là 72 giờ. Điều chỉnh liều các thuốc đối với bệnh lớn tuổi, có suy thận. ngoctlv.kcb_Truong Le Van Ngoc_04/07/2022 08:49:53",{}
HuongDanChanDoanVaDieuTriMotSoBenhLyHuyetHoc_B_n_r_t_g_n.md:557,HuongDanChanDoanVaDieuTriMotSoBenhLyHuyetHoc_B_n_r_t_g_n.md,557,842,"1. C Fernández de Larea. “Plasma cell leukemia: consesus statement on diagnostic requirement, response criteria and treatment recommendations by the International Myeloma Working Group”. 2013. Leukemia, 1-12. 2. Kennet C. Anderson et al. “How I treat plasma cell leukemia”. Blood September 20.2012 vol.120 no. 12 2376-2389. 3. International Myeloma Working Group. Criteria for the classification of monoclonal gammopathies, multiple myeloma and related disorders: a report of the International Myeloma Working Group. Br J Haematol. 2003; 121(5): 749-757. 4. NCCN guidelines version 3.2020 - Multiple Myeloma. 5. Ludwig H, Miguel JS, Dimopoulos MA, Palumbo A, et al, 2013. International Myeloma Working Group recommendations for global myeloma care. Leukemia, 1-12. 6. Bergsagel PL, Mateos MV, Gutierrez NC, Rajkumar SV and San Miguel JF, 2013",{}
HuongDanChanDoanVaDieuTriMotSoBenhLyHuyetHoc_B_n_r_t_g_n.md:558,HuongDanChanDoanVaDieuTriMotSoBenhLyHuyetHoc_B_n_r_t_g_n.md,558,668,". International Myeloma Working Group recommendations for global myeloma care. Leukemia, 1-12. 6. Bergsagel PL, Mateos MV, Gutierrez NC, Rajkumar SV and San Miguel JF, 2013. Improving overall survival and overcoming adverse prognosis in the treatment of cytogenetically high-risk multiple myeloma. Blood, 121(6): 884-892. 7. WHO Classification of Tumours of Haematopoietic and Lymphoid Tissues (Revised 4th Edition-2017); 250. 8. Praful Ravi et al. Blood Cancer Journal (2018)8:116. “ Revised diagnostic criteria for plasma cell leukemia: results of a Mayo Clinic study with comparison of outcome to multiple myeloma. ngoctlv.kcb_Truong Le Van Ngoc_04/07/2022 08:49:53",{}
HuongDanChanDoanVaDieuTriMotSoBenhLyHuyetHoc_B_n_r_t_g_n.md:559,HuongDanChanDoanVaDieuTriMotSoBenhLyHuyetHoc_B_n_r_t_g_n.md,559,20,36. BỆNH WALDENSTRÖM,{}
HuongDanChanDoanVaDieuTriMotSoBenhLyHuyetHoc_B_n_r_t_g_n.md:560,HuongDanChanDoanVaDieuTriMotSoBenhLyHuyetHoc_B_n_r_t_g_n.md,560,827,"1. ĐẠI CƯƠNG Bệnh tăng sinh globulin đại phân tử (Waldenström’s macroglobulinemia) là bệnh lý dòng tế bào lympho B đặc trưng bởi sự tăng sinh, tích lũy các tế bào lymphoplasmo đơn dòng trong tủy xương và tổ chức lympho kèm theo xuất hiện IgM đơn dòng trong huyết thanh. Theo Tổ chức Y tế thế giới, bệnh Waldenström được xếp vào nhóm u lympho tế bào lymphoplasmo, có độ ác tính thấp. 2. NGUYÊN NHÂN GÂY BỆNH - Đến nay còn chưa rõ, một số yếu tố có thể làm tăng nguy cơ mắc bệnh: Viêm gan virus C, tiếp xúc với hóa chất nông nghiệp, thuốc nhuộm tóc, bụi gỗ… 3. TRIỆU CHỨNG 3.1. Lâm sàng a. Triệu chứng do xâm lấn của tế bào u - Triệu chứng B: Sốt, ra mồ hôi đêm, sút cân, mệt mỏi. - Thiếu máu do xâm lấn tủy xương của tế bào u và do tan máu tự miễn. - Có thể có gan lách hạch to, thâm nhiễm da, đường tiêu hóa và phổi. b",{}
HuongDanChanDoanVaDieuTriMotSoBenhLyHuyetHoc_B_n_r_t_g_n.md:561,HuongDanChanDoanVaDieuTriMotSoBenhLyHuyetHoc_B_n_r_t_g_n.md,561,898,". - Thiếu máu do xâm lấn tủy xương của tế bào u và do tan máu tự miễn. - Có thể có gan lách hạch to, thâm nhiễm da, đường tiêu hóa và phổi. b. Triệu chứng do tăng tiết IgM đơn dòng trong huyết thanh - Hội chứng tăng độ nhớt huyết tương gặp: Đau đầu, nhìn mờ, chóng mặt, điếc đột ngột, chảy máu mũi, chảy máu chân răng. Soi đáy mắt có thể gặp hiện tượng ứ máu trong các tĩnh mạch võng mạc, xuất huyết võng mạc, phù gai thị. - Xuất hiện globulin “lạnh” trong máu (cryoglobulinemia) gây ra hiện tượng ngưng kết lạnh: Xanh tím các đầu chi khi gặp lạnh. - Amyloidosis: Lắng đọng dạng tinh bột ở các cơ quan. - Bệnh lý thần kinh ngoại vi. 3.2. Xét nghiệm a. Tế bào máu và tủy - Hb giảm, số lượng hồng cầu giảm, có thể thấy hồng cầu ngưng kết, chuỗi tiền; Số lượng bạch cầu trung tính giảm, có thể < 1,0 G/L; Số lượng tiểu cầu giảm, có thể < 50 G/L; Tăng số lượng bạch cầu lympho và/ hoặc mono",{}
HuongDanChanDoanVaDieuTriMotSoBenhLyHuyetHoc_B_n_r_t_g_n.md:562,HuongDanChanDoanVaDieuTriMotSoBenhLyHuyetHoc_B_n_r_t_g_n.md,562,500,". Tăng tỷ lệ tế bào lymphoplasmo trong tủy (thường > 10%). b. Mô bệnh học và hóa mô miễn dịch tủy xương Mật độ tế bào tủy bình thường hoặc tăng. Hình ảnh xâm lấn của các tế bào lymphoplasmo và lymphoxit kích thước nhỏ trong tủy xương, có thể gặp các kiểu xâm lấn lan tỏa, thành nốt, hoặc xen kẽ giữa các khoang sinh máu. Các tế bào lymphoplasmo dương tính với CD19, CD20, IgM bề mặt, CD25, CD27, FMC7; âm tính với CD5, CD10, CD23, CD103, CD138. ngoctlv.kcb_Truong Le Van Ngoc_04/07/2022 08:49:53",{}
HuongDanChanDoanVaDieuTriMotSoBenhLyHuyetHoc_B_n_r_t_g_n.md:563,HuongDanChanDoanVaDieuTriMotSoBenhLyHuyetHoc_B_n_r_t_g_n.md,563,884,"c. Hóa sinh máu - Tăng các thành phần: Protein máu toàn phần, gammaglobulin, IgM đơn dòng huyết thanh, β2 microglobulin, LDH, bilirubill gián tiếp. Điện di protein và điện di miễn dịch huyết thanh cho hình ảnh đỉnh đơn dòng IgM. d. Các xét nghiệm thăm dò khác Độ nhớt máu tăng cao (tăng > 2 mPas), tăng tốc độ máu lắng; nghiệm pháp Coombs trực tiếp và/ hoặc gián tiếp dương tính khi có tan máu tự miễn; giảm độ ngưng tập tiểu cầu với các chất kích tập (ADP, Collagen, Ristocetin); thời gian thrombin (TT) kéo dài; bất thường NST del 6q, gặp ở 50% người bệnh; đột biến gen MYD88 L265P: gặp ở > 90% người bệnh; chụp cắt lớp ngực, bụng, khung chậu: có thể phát hiện gan, lách, hạch to; sinh thiết tổ chức đệm mỡ và/ hoặc nhuộm đỏ Congo mô tủy xương để phát hiện lắng đọng dạng tinh bột (amyloid). e. Các xét nghiệm sử dụng trước và trong điều trị - Tổng phân tích tế bào máu",{}
HuongDanChanDoanVaDieuTriMotSoBenhLyHuyetHoc_B_n_r_t_g_n.md:564,HuongDanChanDoanVaDieuTriMotSoBenhLyHuyetHoc_B_n_r_t_g_n.md,564,894,". e. Các xét nghiệm sử dụng trước và trong điều trị - Tổng phân tích tế bào máu. - Hóa sinh máu: Chức năng gan, thận, điện giải đồ, acid uric, LDH, bilirubin. - Đông máu cơ bản. - Marker virus viêm gan B: Người bệnh điều trị với Rituximab có nguy cơ làm virus tái hoạt động. - Siêu âm bụng đánh giá tình trạng gan lách hạch to. 4. CHẨN ĐOÁN 4.1. Chẩn đoán xác định Tiêu chuẩn chẩn đoán của Hội thảo Quốc tế về bệnh Waldenström năm 2003 (Waldenström’s macroglobulinemia International Workshop - 2003) - Tăng IgM đơn dòng trong huyết thanh (bất kỳ nồng độ nào). - Xâm lấn tủy xương bởi các tế bào lymphoplasmo (tối thiểu 10%) và tế bào lympho kích thước nhỏ, tạo thành đám giữa các khoang sinh máu. - Xét nghiệm hóa mô miễn dịch các tế bào này thấy: IgM bề mặt (+), CD5 (±), CD19 (+), CD20 (+), CD25 (+), CD27 (+), FMC7 (+). Chẩn đoán xác định yêu cầu thỏa mãn tất cả các tiêu chuẩn trên. 4.2",{}
HuongDanChanDoanVaDieuTriMotSoBenhLyHuyetHoc_B_n_r_t_g_n.md:565,HuongDanChanDoanVaDieuTriMotSoBenhLyHuyetHoc_B_n_r_t_g_n.md,565,652,". Chẩn đoán xác định yêu cầu thỏa mãn tất cả các tiêu chuẩn trên. 4.2. Chẩn đoán phân biệt - Lơ xê mi lympho mạn: Hạch to nhiều nơi, lách to, tăng sinh dòng lympho trong máu và tủy xương, không thấy tế bào lymphoplasmo, không tăng IgM đơn dòng trong huyết thanh. - U lympho thể nang: Hạch to nhiều, tế bào u xâm lấn tủy xương tạo thành nhiều nang, không có tế bào lymphoplasmo, không tăng IgM đơn dòng trong huyết thanh. - U lympho tế bào Mantle: Hạch và lách to nhiều, tế bào u xâm lấn tủy xương dương tính với CD5, CD20; âm tính với Ig bề mặt và CD25; không tăng IgM đơn dòng trong huyết thanh. ngoctlv.kcb_Truong Le Van Ngoc_04/07/2022 08:49:53",{}
HuongDanChanDoanVaDieuTriMotSoBenhLyHuyetHoc_B_n_r_t_g_n.md:566,HuongDanChanDoanVaDieuTriMotSoBenhLyHuyetHoc_B_n_r_t_g_n.md,566,878,"- Đa u tủy xương IgM: Tăng sinh tế bào plasmo trong tủy xương > 10%; nồng độ IgG, IgA giảm thấp; có tổn thương xương; bất thường nhiễm sắc thể t(11;14), del13q. - Tăng IgM đơn dòng chưa có ý nghĩa về mặt lâm sàng (IgM MGUS): Xuất hiện IgM đơn dòng trong huyết thanh, nhưng thường < 3g/dL; không có biểu hiện xâm lấn tủy xương của tế bào lymphoplasmo và không có triệu chứng liên quan đến tăng IgM. 5. ĐIỀU TRỊ 5.1. Điều trị bệnh chính - Đối với những người bệnh không có triệu chứng lâm sàng: Theo dõi 3 tháng một lần: lâm sàng, xét nghiệm tổng phân tích tế bào máu, protein máu, định lượng IgM, độ nhớt huyết tương. - Chỉ định điều trị hóa chất khi người bệnh có: Hb < 100 g/L, Tiểu cầu < 100 G/L, IgM > 6.000 mg/dL, gan lách hạch to nhiều, tăng độ nhớt huyết tương có triệu chứng, tổn thương thần kinh ngoại vi mức độ vừa đến nặng, amyloidosis, có ngưng kết lạnh",{}
HuongDanChanDoanVaDieuTriMotSoBenhLyHuyetHoc_B_n_r_t_g_n.md:567,HuongDanChanDoanVaDieuTriMotSoBenhLyHuyetHoc_B_n_r_t_g_n.md,567,894,". - Lựa chọn phác đồ điều trị cần dựa vào những yếu tố: Tuổi của người bệnh, bệnh lý khác kèm theo, mức độ nặng của triệu chứng, khả năng ghép tế bào gốc tự thân. Nếu có dự định ghép tủy, nên hạn chế dùng Chlorambucil, Fludarabine do ảnh hưởng đến khả năng huy động tế bào gốc. Phác đồ điều trị cụ thể: a. Người bệnh < 70 tuổi, chức năng tim gan thận bình thườngcó thể chọn 1 trong các phác đồ: - Bortezomib + dexamethasone + rituximab (BDR). - Cyclophosphamide + methylprednisone + rituximab (CPR). - Dexamethasone + cyclophosphamide + rituximab (DRC). - Rituximab + cyclophosphamide + doxorubicin + vincristine + methylprednisone (R-CHOP). - Fludarabine + cyclophosphamide + rituximab (FCR). - Ibrutinib đơn trị. - Bendamustine + rituximab (BR). b. Người bệnh > 70 tuổi có thể chọn 1 trong các phác đồ - Chlorambucil uống mỗi ngày 2-4mg. - Rituximab đơn trị liệu 375mg/m2 da/tuần x 4 tuần",{}
HuongDanChanDoanVaDieuTriMotSoBenhLyHuyetHoc_B_n_r_t_g_n.md:568,HuongDanChanDoanVaDieuTriMotSoBenhLyHuyetHoc_B_n_r_t_g_n.md,568,367,. - Bendamustine + rituximab (BR). b. Người bệnh > 70 tuổi có thể chọn 1 trong các phác đồ - Chlorambucil uống mỗi ngày 2-4mg. - Rituximab đơn trị liệu 375mg/m2 da/tuần x 4 tuần. - Fludarabine đơn trị liệu 25mg/m2 da/ngày x 4 ngày. - Bortezomib + Rituximab (VR). - Ibrutinib đơn trị. - Bendamustine + rituximab (BR). ngoctlv.kcb_Truong Le Van Ngoc_04/07/2022 08:49:53,{}
HuongDanChanDoanVaDieuTriMotSoBenhLyHuyetHoc_B_n_r_t_g_n.md:569,HuongDanChanDoanVaDieuTriMotSoBenhLyHuyetHoc_B_n_r_t_g_n.md,569,880,"Lưu ý: - Các phác đồ trên, trừ rituximab đơn trị liệu, có thể điều trị 4 - 6 đợt (tùy từng người bệnh cụ thể). Khoảng thời gian giữa 2 đợt điều trị không sớm hơn 21 ngày và không muộn hơn 28 ngày. - Khi điều trị các phác đồ có Rituximab, cần dự phòng thuốc kháng virus (Entecavir hoặc Tenofovir) nếu người bệnh có nhiễm virus HBV để tránh virus tái hoạt động. 5.2. Điều trị bệnh tái phát, điều trị cứu vãn - Bệnh nhân tái phát sớm trong vòng 1 năm: Uống Ibrutinib 420 mg/ ngày cho đến khi bệnh tiến triển hoặc phải ngừng thuốc do tác dụng phụ. - Đối với những trường hợp tái phát muộn sau 3 năm, có thể điều trị lại cho người bệnh bằng các phác đồ khởi đầu. - Đối với người bệnh tái phát trong khoảng 2-3 năm, có thể sử dụng những thuốc mà trước đó người bệnh chưa điều trị trước đó, có thể tham khảo một số phác đồ sau: + Everolimus; + Thalidomide + Rituximab; 5.3",{}
HuongDanChanDoanVaDieuTriMotSoBenhLyHuyetHoc_B_n_r_t_g_n.md:570,HuongDanChanDoanVaDieuTriMotSoBenhLyHuyetHoc_B_n_r_t_g_n.md,570,820,. Điều trị duy trì Người bệnh đáp ứng với các phác đồ trước đó có Rituximab nên được điều trị duy trì Rituximab 375mg/ m2 da cứ 3 tháng một lần trong 2 năm tiếp theo. 5.4. Điều trị hỗ trợ (hội chứng tăng độ nhớt huyết tương) - Hội chứng tăng độ nhớt huyết tương đặc biệt hay gặp khi IgM tăng cao > 4.000mg/dL và cần được can thiệp mang tính cấp cứu bằng phương pháp gạn huyết tương (plasmapheresis) hoặc trao đổi huyết tương (plasma exchange). - Cần tiến hành trao đổi huyết tương trước khi điều trị hóa chất cho những người bệnh có IgM cao > 4.000mg/dL; hạn chế truyền khối hồng cầu cho người bệnh trước khi trao đổi huyết tương bởi nguy cơ làm nặng thêm hội chứng tăng độ nhớt huyết tương. 6. TIÊU CHUẨN ĐÁNH GIÁ ĐÁP ỨNG (theo bảng 43) Bảng 43. Đánh giá đáp ứng với điều trị của bệnh Waldenström),{}
HuongDanChanDoanVaDieuTriMotSoBenhLyHuyetHoc_B_n_r_t_g_n.md:571,HuongDanChanDoanVaDieuTriMotSoBenhLyHuyetHoc_B_n_r_t_g_n.md,571,522,"Mức độ đáp ứng Tiêu chuẩn Đáp ứng hoàn toàn IgM huyết thanh trở về giới hạn bình thường, không thấy đỉnh protein đơn dòng khi điện di miễn dịch huyết thanh; tủy xương không còn biểu hiện xâm lấn, gan lách hạch trở về kích thước bình thường, không có triệu chứng toàn thân liên quan đến bệnh Đáp ứng một phần rất tốt IgM huyết thanh giảm ≥ 90% so với ban đầu, kích thước gan lách hạch nhỏ đi ít nhất 90% so với trước điều trị; không có biểu hiện tiến triển của bệnh. ngoctlv.kcb_Truong Le Van Ngoc_04/07/2022 08:49:53",{}
HuongDanChanDoanVaDieuTriMotSoBenhLyHuyetHoc_B_n_r_t_g_n.md:572,HuongDanChanDoanVaDieuTriMotSoBenhLyHuyetHoc_B_n_r_t_g_n.md,572,707,"Mức độ đáp ứng Tiêu chuẩn Đáp ứng một phần IgM huyết thanh giảm ≥ 50% nhưng < 90% so với ban đầu, kích thước gan lách hạch nhỏ đi ít nhất 90% so với trước điều trị; không có biểu hiện tiến triển của bệnh Đáp ứng tối thiểu IgM huyết thanh giảm ≥ 25% nhưng < 50% so với ban đầu; không có biểu hiện tiến triển của bệnh Bệnh ổn định IgM huyết thanh giảm < 25% hoặc tăng không quá 25% so với ban đầu; không có sự phát triển của gan lách hạch, không giảm tế bào máu hoặc xuất hiện thêm triệu chứng lâm sàng liên quan đến bệnh Bệnh tiến triển IgM huyết thanh tăng thêm ≥ 25% so với mức đáp ứng thấp nhất trước đó, gan lách hạch to lên, xuất hiện triệu chứng B và các biểu hiện lâm sàng khác liên quan đến bệnh",{}
HuongDanChanDoanVaDieuTriMotSoBenhLyHuyetHoc_B_n_r_t_g_n.md:573,HuongDanChanDoanVaDieuTriMotSoBenhLyHuyetHoc_B_n_r_t_g_n.md,573,435,"7. TIÊN LƯỢNG (theo bảng 44) Bảng 44. Chỉ số tiên lượng Quốc tế (International Prognostic Scoring System for Waldenström’s macroglobulinemia - 2009) Yếu tố nguy cơ Điểm Tuổi ≥ 65 Hb ≤ 115 g/L Tiểu cầu ≤ 100 G/L β2 microglobulin > 3 mg/L IgM > 70 g/L Nhóm nguy cơ Thấp Trung bình Cao Điểm 0-1 (trừ yếu tố tuổi ≥ 65) 2 hoặc tuổi ≥ 65 ≥ 3 Tỷ lệ sống toàn bộ 5 năm 87% 68% 36% ngoctlv.kcb_Truong Le Van Ngoc_04/07/2022 08:49:53

PHỤ LỤC",{}
HuongDanChanDoanVaDieuTriMotSoBenhLyHuyetHoc_B_n_r_t_g_n.md:574,HuongDanChanDoanVaDieuTriMotSoBenhLyHuyetHoc_B_n_r_t_g_n.md,574,893,"Phác đồ Thuốc, cách dùng Bortezomib + dexamethasone + rituximab (BDR) Bortezomib 1,3mg/m2 da (ngày 1,4,8,11); Dexamethasone 40mg/ngày (ngày 1-4 và ngày 8-11); Rituximab 375mg/m2 da (ngày 0) Cyclophosphamide + methylprednisone + rituximab (CPR) Cyclophosphamide 750mg/m2 da (ngày 1); Methylprednisone 60mg/m2 (ngày 1, 2, 3, 4, 5); Rituximab 375mg/m2 da (ngày 0) Dexamethasone + cyclophosphamide + rituximab (DRC) Rituximab 375mg/m2 da (ngày 0); Cyclophosphamide 750mg/m2 da (ngày 1); Dexamethasone 20mg/ ngày (ngày 1, 2, 3, 4, 5) Rituximab + cyclophosphamide + doxorubicin + vincristine + methylprednisone (R-CHOP) Rituximab 375mg/m2 da (ngày 0); Cyclophosphamide 750mg/ m2 da (ngày 1); Doxorubicin 50mg/m2 da (ngày 1); Vincristine 1,4mg/m2 da (tối đa 2mg) (ngày 1); Methylprednisone 60mg/m2 (ngày 1, 2, 3, 4, 5) Bendamustine + rituximab (BR) Bendamustine truyền tĩnh mạch trong 60 phút, liều",{}
HuongDanChanDoanVaDieuTriMotSoBenhLyHuyetHoc_B_n_r_t_g_n.md:575,HuongDanChanDoanVaDieuTriMotSoBenhLyHuyetHoc_B_n_r_t_g_n.md,575,687,"1); Vincristine 1,4mg/m2 da (tối đa 2mg) (ngày 1); Methylprednisone 60mg/m2 (ngày 1, 2, 3, 4, 5) Bendamustine + rituximab (BR) Bendamustine truyền tĩnh mạch trong 60 phút, liều 90mg/m2 da (ngày 1,2); Rituximab 375mg/m2 da truyền tĩnh mạch ngày 0 Fludarabine + cyclophosphamide + rituximab (FCR) Fludarabine 25 mg/m2 da/ ngày (ngày 1,2,3) Cyclophosphamide 250mg/m2 da/ ngày (ngày 1,2,3) Rituximab 375 mg/m2 da, ngày 0 Ibrutinib đơn trị 420mg/ ngày, uống liên tục đến khi bệnh tiến triển hoặc không chấp nhận được tác dụng phụ của thuốc Bortezomib + Rituximab (VR) Bortezomib 1,3mg/m2 da (ngày 1, 4, 8, 11) Rituximab 375mg/m2 da (ngày 0) ngoctlv.kcb_Truong Le Van Ngoc_04/07/2022 08:49:53",{}
HuongDanChanDoanVaDieuTriMotSoBenhLyHuyetHoc_B_n_r_t_g_n.md:576,HuongDanChanDoanVaDieuTriMotSoBenhLyHuyetHoc_B_n_r_t_g_n.md,576,834,"1. Morel P, Duhamel A, Gobbi P, et al. (2009), “International prognostic scoring system for Waldenstrom macroglobulinemia”. Blood; 113 (18): 4163-4170. 2. Treon SP, Ioakimidis L, Soumerai JD, et al. (2009), “Primary therapy of Waldenstrom macroglobulinemia with bortezomib, dexamethasone and rituximab: WMCTG clinical trial 05-180”. J Clin Oncol; 27(23): 3830-3835. 3. Owen RG, Kyle RA, Stone MJ, Rawstron AC, Leblond V, Merlini Get al. (2013), “Response assessment in Waldenstrom macroglobulinaemia: update from the 6th International Workshop”. Br J Haematol; 160: 171–176. 4. Ansell SM, Kyle RA, Reeder CB, Fonseca R, Mikhael JR, Morice WGet al. (2009), “Diagnosis and management of Waldenstrom macroglobulinemia: Mayo stratification of macroglobulinemia and risk-adapted therapy (mSMART) guidelines”. Mayo Clin Proc; 85: 824–833. 5",{}
HuongDanChanDoanVaDieuTriMotSoBenhLyHuyetHoc_B_n_r_t_g_n.md:577,HuongDanChanDoanVaDieuTriMotSoBenhLyHuyetHoc_B_n_r_t_g_n.md,577,462,". Mayo Clin Proc; 85: 824–833. 5. Treon SP, Hanzis C, Manning RJ, Ioakimidis L, Patterson CJ, Hunter ZRet al. (2011), “Maintenance rituximab is associated with improved clinical outcome in rituximab naive patients with Waldenstrom macroglobulinaemia who respond to a rituximab- containing regimen”. Br J Haematol; 154: 357–362. 6. Treon SP. (2009), “How I treat Waldenstrom macroglobulinemia”. Blood; 114: 2375- ngoctlv.kcb_Truong Le Van Ngoc_04/07/2022 08:49:53",{}
HuongDanChanDoanVaDieuTriMotSoBenhLyHuyetHoc_B_n_r_t_g_n.md:578,HuongDanChanDoanVaDieuTriMotSoBenhLyHuyetHoc_B_n_r_t_g_n.md,578,18,37. ĐA U TUỶ XƯƠNG,{}
HuongDanChanDoanVaDieuTriMotSoBenhLyHuyetHoc_B_n_r_t_g_n.md:579,HuongDanChanDoanVaDieuTriMotSoBenhLyHuyetHoc_B_n_r_t_g_n.md,579,864,"1. ĐẠI CƯƠNG Đa u tủy xương (Multiple Myeloma: MM), còn gọi là bệnh Kahler, là một bệnh máu ác tính, đặc trưng bởi sự tăng sinh ác tính tế bào dòng plasmo trong tuỷ xương, xuất hiện protein đơn dòng trong huyết thanh và nước tiểu, tổn thương các cơ quan đích. 2. CHẨN ĐOÁN 2.1. Lâm sàng - Khoảng 70% có thiếu máu lúc chẩn đoán; khoảng 60% biểu hiện đau xương, gãy xương và u xương; có 20% suy thận, trong đó 10% người bệnh mới chẩn đoán suy thận nặng cần thận nhân tạo; ngoài ra gặp khoảng 15 - 20 % có táo bón, buồn nôn; đa niệu, loạn thần, hôn mê, rối loạn nhịp tim do tăng calci máu. Biểu hiện thần kinh: Chèn ép rễ - tuỷ sống; bệnh lý thần kinh ngoại biên; thâm nhiễm thần kinh trung ương. Biến chứng nặng là khối u chèn ép tủy sống (chiếm khoảng 10%), chẩn đoán dựa vào chụp cộng hưởng từ. - Nhiễm trùng tái diễn, là nguyên nhân chính gây tử vong",{}
HuongDanChanDoanVaDieuTriMotSoBenhLyHuyetHoc_B_n_r_t_g_n.md:580,HuongDanChanDoanVaDieuTriMotSoBenhLyHuyetHoc_B_n_r_t_g_n.md,580,864,". Biến chứng nặng là khối u chèn ép tủy sống (chiếm khoảng 10%), chẩn đoán dựa vào chụp cộng hưởng từ. - Nhiễm trùng tái diễn, là nguyên nhân chính gây tử vong. - Khó thở, có những cơn thiếu máu cơ tim thoáng qua, huyết khối tĩnh mạch sâu, chảy máu võng mạc, mũi do tăng độ quánh máu. 2.2. Cận lâm sàng - Xét nghiệm tủy xương: + Tăng tỷ lệ tế bào dòng plasmo; có thể thấy tăng hủy cốt bào, giảm tạo cốt bào; hình ảnh rối loạn sinh tủy thứ phát…; + Xét nghiệm NST và FISH: Phát hiện bất thường thiểu bội, đa bội, bất thường nhiễm sắc thể số 1, t(14;16), t(11;14), t(6;14), t(4;14), t(14;20) và del 13; del 17…; + Hoá mô miễn dịch (IHC) và/ hoặc phân tích dấu ấn miễn dịch (FC): xác định dấu ấn tế bào dòng plasmo (để đánh giá chính xác tỷ lệ tế bào ác tính và chẩn đoán phân biệt). Các CD tiêu chuẩn xác định plasmo ác tính: CD38, CD138, CD56, CD19, CD45",{}
HuongDanChanDoanVaDieuTriMotSoBenhLyHuyetHoc_B_n_r_t_g_n.md:581,HuongDanChanDoanVaDieuTriMotSoBenhLyHuyetHoc_B_n_r_t_g_n.md,581,852,". Các CD tiêu chuẩn xác định plasmo ác tính: CD38, CD138, CD56, CD19, CD45. Các CD giúp chẩn đoán phân biệt và làm kiểu hình miễn dịch cơ sở của tế bào myeloma (LAIP- MAIP) để theo dõi MRD: CD27, CD81, light chain K và L, CD20, CD117; + Sinh thiết mô, nhuộm hóa mô miễn dịch, chẩn đoán u tương bào (khi có u); + Nhuộm đỏ Congo/ mô mỡ, tủy xương nếu cần loại trừ Amyloid. - Điện di protein huyết thanh và nước tiểu/24h: Phát hiện protein đơn dòng; điện di miễn dịch phát hiện thành phần đơn dòng của các chuỗi nặng và nhẹ. - Xét nghiệm sinh hoá: Có thể tăng protid máu toàn phần; giảm albumin; tăng globulin, β2-microglobulin, LDH, acid uric, men gan, ure/creatinine và canxi huyết thanh. Định lượng globulin miễn dịch IgG, IgA, IgM và đo chuỗi nhẹ tự do (free light-chain: FLC) trong huyết thanh và nước tiểu/24h thấy thay đổi; protein niệu 24h",{}
HuongDanChanDoanVaDieuTriMotSoBenhLyHuyetHoc_B_n_r_t_g_n.md:582,HuongDanChanDoanVaDieuTriMotSoBenhLyHuyetHoc_B_n_r_t_g_n.md,582,210,". Định lượng globulin miễn dịch IgG, IgA, IgM và đo chuỗi nhẹ tự do (free light-chain: FLC) trong huyết thanh và nước tiểu/24h thấy thay đổi; protein niệu 24h. ngoctlv.kcb_Truong Le Van Ngoc_04/07/2022 08:49:53",{}
HuongDanChanDoanVaDieuTriMotSoBenhLyHuyetHoc_B_n_r_t_g_n.md:583,HuongDanChanDoanVaDieuTriMotSoBenhLyHuyetHoc_B_n_r_t_g_n.md,583,890,"- Chẩn đoán hình ảnh: + Chụp cắt lớp vi tính liều thấp toàn thân: Là kỹ thuật chuẩn mới để phát hiện tổn thương tiêu xương; + Chụp X-quang xương (cột sống, xương chậu, xương sọ, xương sườn...): Chỉ định khi không thể chụp cắt lớp vi tính toàn thân liều thấp, phát hiện tổn thương tiêu xương; + Chụp cộng hưởng từ toàn thân: cần thiết trong những trường hợp có biểu hiện đau xương nhưng chụp X-quang không thấy tổn thương hoặc phát hiện tổn thương chèn ép tuỷ sống; + Chụp PET/CT: Phát hiện những tổn thương xương, tổn thương ngoài tuỷ. 2.3. Tiêu chuẩn chẩn đoán Hiệp hội Đa u tủy xương quốc tế năm 2014 đưa tiêu chuẩn chẩn đoán bệnh Đa u tủy xương và các rối loạn dòng plasmo ở bệnh nhân có một hay nhiều triệu chứng lâm sàng và cận lâm sàng nêu trên (Bảng 45), gồm: - Bệnh lý gamma đơn dòng có ý nghĩa không xác định (monoclonal gammopathy of undetermined significance: MGUS)",{}
HuongDanChanDoanVaDieuTriMotSoBenhLyHuyetHoc_B_n_r_t_g_n.md:584,HuongDanChanDoanVaDieuTriMotSoBenhLyHuyetHoc_B_n_r_t_g_n.md,584,188,. - Đa u tủy xương tiềm tàng (smouldering multiple myeloma: SMM). - Đa u tủy xương có triệu chứng (multiple myeloma: MM). Bảng 45. Tiêu chuẩn chẩn đoán cho các thể bệnh Đa u tủy xương,{}
HuongDanChanDoanVaDieuTriMotSoBenhLyHuyetHoc_B_n_r_t_g_n.md:585,HuongDanChanDoanVaDieuTriMotSoBenhLyHuyetHoc_B_n_r_t_g_n.md,585,714,"Thể bệnh Tiêu chuẩn MGUS Tất cả 3 tiêu chuẩn sau: 1) Protein đơn dòng trong huyết thanh < 3 g/dl, 2) Tế bào dòng plasmo trong tuỷ xương < 10%, và 3) Không thấy tổn thương cơ quan (tăng calci máu, suy thận, thiếu máu và tổn thương xương) mà có thể là do rối loạn tăng sinh tế bào dòng plasmo. SMM Cả hai tiêu chuẩn sau: 1) Protein đơn dòng trong huyết thanh (IgG hoặc IgA) ≥ 3 g/dl, hoặc protein đơn dòng trong nước tiểu ≥ 500mg/24h và/hoặc các tế bào dòng plasmo trong tuỷ xương ≥ 10%-60%. 2) Không có đủ tiêu chuẩn chẩn đoán đa u tuỷ xương hoặc amyloid. MM Cả hai tiêu chuẩn sau: 1) Tế bào dòng plasmo trong tuỷ xương ≥ 10% hoặc sinh thiết chứng minh có u tế bào dòng plasmo ngoài tuỷ hoặc xương",{}
HuongDanChanDoanVaDieuTriMotSoBenhLyHuyetHoc_B_n_r_t_g_n.md:586,HuongDanChanDoanVaDieuTriMotSoBenhLyHuyetHoc_B_n_r_t_g_n.md,586,466,". MM Cả hai tiêu chuẩn sau: 1) Tế bào dòng plasmo trong tuỷ xương ≥ 10% hoặc sinh thiết chứng minh có u tế bào dòng plasmo ngoài tuỷ hoặc xương. 2) Có 1 hay nhiều biểu hiện của đa u tuỷ xương: - Có bằng chứng tổn thương cơ quan là hậu quả do rối loạn tăng sinh tế bào dòng plasmo: + Tăng calci máu: calci huyết thanh cao hơn giới hạn cao của bình thường > 0,25 mmol/l (> 1 mg/dl) hoặc 2,75 mmol/l (> 11 mg/dl). ngoctlv.kcb_Truong Le Van Ngoc_04/07/2022 08:49:53",{}
HuongDanChanDoanVaDieuTriMotSoBenhLyHuyetHoc_B_n_r_t_g_n.md:587,HuongDanChanDoanVaDieuTriMotSoBenhLyHuyetHoc_B_n_r_t_g_n.md,587,847,"Thể bệnh Tiêu chuẩn + Suy thận: Creatinine huyết thanh > 177 µmol/l (> 2 mg/dl) hoặc độ thanh thải creatinin < 40 ml/phút. + Thiếu máu: hemoglobin giảm > 20 g/l dưới mức giới hạn thấp bình thường hoặc hemoglobin < 100 g/l. + Tổn thương xương: có 1 hay nhiều tổn thương tiêu xương trên Xq xương sọ, CT scanner hay PET-CT. - Tế bào dòng plasmo trong tuỷ xương ≥ 60%. - Tỷ lệ chuỗi nhẹ tự do bệnh lý/không bệnh lý trong huyết thanh ≥ 100 (nồng độ chuỗi nhẹ tự do bệnh lý ≥ 100mg/L). - Có >1 ổ tổn thương trên MRI với kích thước ≥ 5mm. MGUS chuỗi nhẹ Tất cả các tiêu chuẩn sau: 1) Bất thường tỷ lệ chuỗi nhẹ tự do (< 0,26 hay > 1,65). 2) Tăng nồng độ chuỗi nhẹ tự do bệnh lý (tăng chuỗi nhẹ tự do kappa với tỷ lệ > 1,65 và tăng tăng chuỗi nhẹ tự do lambda với tỷ lệ < 0,26). 3) Không có biểu hiện chuỗi nặng trên điện di miễn dịch cố định",{}
HuongDanChanDoanVaDieuTriMotSoBenhLyHuyetHoc_B_n_r_t_g_n.md:588,HuongDanChanDoanVaDieuTriMotSoBenhLyHuyetHoc_B_n_r_t_g_n.md,588,742,". 3) Không có biểu hiện chuỗi nặng trên điện di miễn dịch cố định. 4) Không thấy tổn thương cơ quan là hậu quả của rối loạn tăng sinh tế bào dòng plasmo. 5) Tế bào dòng plasmo trong tuỷ xương < 10%. 6) Protein đơn dòng trong nước tiểu < 500mg/24h. U tương bào đơn độc Tất cả 4 tiêu chuẩn sau: 1) Tổn thương xương đơn độc hoặc tổn thương mô mềm được chứng minh trên sinh thiết có tế bào dòng plasmo. 2) Tuỷ xương bình thường không tăng sinh tế bào dòng plamo. 3) Kết quả kiểm tra xương sọ và MRI hay CT cột sống, khung chậu bình thường (trừ tổn thương đơn độc nguyên phát). 4) Không có tổn thương cơ quan như tăng calci máu, suy thận, thiếu máu hay tổn thương xương (CRAB) là hậu quả do rối loạn tăng sinh tế bào dòng plasmo - lympho",{}
HuongDanChanDoanVaDieuTriMotSoBenhLyHuyetHoc_B_n_r_t_g_n.md:589,HuongDanChanDoanVaDieuTriMotSoBenhLyHuyetHoc_B_n_r_t_g_n.md,589,726,". 4) Không có tổn thương cơ quan như tăng calci máu, suy thận, thiếu máu hay tổn thương xương (CRAB) là hậu quả do rối loạn tăng sinh tế bào dòng plasmo - lympho. U tương bào đơn độc với tổn thương tối thiểu tuỷ xương Tất cả 4 tiêu chuẩn sau: 1) Tổn thương xương đơn độc hoặc tổn thương mô mềm được chứng minh trên sinh thiết có tế bào dòng plasmo. 2) Tế bào dòng plasmo trong tuỷ xương < 10%. 3) Kết quả kiểm tra xương sọ và MRI hay CT cột sống, khung chậu bình thường (trừ tổn thương đơn độc nguyên phát). 4) Không có tổn thương cơ quan như tăng canxi máu, suy thận, thiếu máu hay tổn thương xương (CRAB) là hậu quả do rối loạn tăng sinh tế bào dòng plasmo - lympho. ngoctlv.kcb_Truong Le Van Ngoc_04/07/2022 08:49:53",{}
HuongDanChanDoanVaDieuTriMotSoBenhLyHuyetHoc_B_n_r_t_g_n.md:590,HuongDanChanDoanVaDieuTriMotSoBenhLyHuyetHoc_B_n_r_t_g_n.md,590,620,"2.4. Phân chia giai đoạn Theo hệ thống phân chia giai đoạn quốc tế (The International Staging System: ISS) (Bảng 46), ISS giai đoạn III được coi là bệnh có tiên lượng xấu. Bảng 46. Hệ thống phân chia giai đoạn quốc tế ISS

Giai đoạn Tiêu chuẩn I β2M * < 3,5 mG/L. Albumin ≥ 3,5 g/dl. II β2M < 3,5 mG/L và albumin < 3,5 g/dl, hoặc: β2M 3,5 - 5,5 mG/L và nồng độ albumin bất kỳ. III β2M ≥ 5,5 mG/L. * β2M: β2 microglobulin huyết thanh. 2.5. Phân nhóm nguy cơ theo di truyền tế bào Phân nhóm theo tổn thương di truyền của Mayo Clinic giúp định hướng điều trị (bảng 47). Bảng 47. Các nhóm nguy cơ theo di truyền tế bào",{}
HuongDanChanDoanVaDieuTriMotSoBenhLyHuyetHoc_B_n_r_t_g_n.md:591,HuongDanChanDoanVaDieuTriMotSoBenhLyHuyetHoc_B_n_r_t_g_n.md,591,837,"Nguy cơ thấp Nguy cơ trung bình Nguy cơ cao - Thêm bội (Hyperdiploidy) - t(4;14) (q32;q23) - Del 17p - t(11;14) (q13;q32) - Del 13,14 hay thiểu bội - t(14;16) (q32;q23) - t(6;14) (p21;q32) (Hypodiploidy) - t(14;20) (q32;q11) - Không có tổn thương - Gain(1q21) 2.6. Các xét nghiệm đánh giá tồn dư tối thiểu bệnh (MRD) - Định lượng hoá sinh: FLC và chuỗi nặng/chuỗi nhẹ. - Phát hiện MRD ở tuỷ xương bằng phương pháp đếm tế bào dòng chảy hay phân tử; ghi nhận tổn thương bằng PET/CT, MRI. 2.7. Chẩn đoán phân biệt - U tế bào dòng plasmo ngoài tuỷ: Khối u xương hay u phần mềm khu trú. Tăng sinh tế bào dòng plasmo thể hiện trên sinh thiết tổn thương ở xương hay phần mềm, không có bằng chứng của tăng sinh tế bào dòng plasmo trong tuỷ xương trên tuỷ đồ và sinh thiết. Không có tổn thương xương, ngoại trừ khối u xương đơn độc",{}
HuongDanChanDoanVaDieuTriMotSoBenhLyHuyetHoc_B_n_r_t_g_n.md:592,HuongDanChanDoanVaDieuTriMotSoBenhLyHuyetHoc_B_n_r_t_g_n.md,592,541,". Không có tổn thương xương, ngoại trừ khối u xương đơn độc. - Lơ xê mi tế bào dòng plasmo: Có thể nguyên phát hay thứ phát sau Đa u tủy xương, được chẩn đoán khi máu ngoại vi có tỷ lệ tế bào dòng plasmo trên 20% hay số lượng tuyệt đối > 2 G/L. - Bệnh Waldenstrom: Tăng IgM > 3 g/dl, tăng sinh lympho và tế bào lympho dạng tế bào dòng plasmo trong tuỷ xương. Không có tổn thương xương. Thường biểu hiện triệu chứng của tăng độ quánh huyết tương; người bệnh hay có gan, lách và hạch to. ngoctlv.kcb_Truong Le Van Ngoc_04/07/2022 08:49:53",{}
HuongDanChanDoanVaDieuTriMotSoBenhLyHuyetHoc_B_n_r_t_g_n.md:593,HuongDanChanDoanVaDieuTriMotSoBenhLyHuyetHoc_B_n_r_t_g_n.md,593,844,"3. ĐIỀU TRỊ 3.1. Điều trị ban đầu cho bệnh nhân mới chẩn đoán - U tương bào đơn độc hoặc u tương bào đơn độc có tổn thương tuỷ xương tối thiểu điều trị: Xạ trị và/hoặc phẫu thuật, theo dõi mỗi 3-6 tháng trong vòng 5 năm. - Người bệnh thuộc nhóm MGUS và SMM: Không có chỉ định điều trị ngay. Nguy cơ thấp theo dõi 3-6 tháng, nguy cơ cao theo dõi mỗi 3 tháng hoặc điều trị Lenalidomide tuỳ theo tình trạng bệnh nhân. - Chỉ định điều trị cho người bệnh Đa u tủy xương có triệu chứng: Calci máu > 2,75 mmol/L, creatinine > 2,0 mg/ml, Hb < 100 g/l, tổn thương xương hoạt động. - Cần dựa vào khả năng thực hiện ghép tế bào gốc tự thân và nhóm nguy cơ theo phân loại di truyền cho từng ca bệnh để lựa chọn các phác đồ điều trị cho thích hợp và hiệu quả (xem bảng 48). Bảng 48. Phác đồ điều trị ban đầu Đa u tủy xương có triệu chứng",{}
HuongDanChanDoanVaDieuTriMotSoBenhLyHuyetHoc_B_n_r_t_g_n.md:594,HuongDanChanDoanVaDieuTriMotSoBenhLyHuyetHoc_B_n_r_t_g_n.md,594,878,"Khả năng ghép tế bào gốc tự thân Có khả năng ghép tế bào gốc Không có khả năng ghép tế bào gốc Phác đồ thuốc điều trị tấn công: Lựa chọn đầu tiên: - VTD: Bortezomib, thalidomide, - MPT: Melphalan, methylprednisone, dexamethasone. thalidomide hoặc: - VCD: Bortezomib, - VMP: Bortezomib, melphalan, cyclophosphamide, dexamethasone. methylprednisone. - PAD: Bortezomib, doxorubicin, Lựa chọn thứ hai: Bendamustine, dexamethasone. methylprednisone. - VRd: Bortezomib, lenalidomide, Các lựa chọn khác: dexamethasone liều thấp. - CTD: Cyclophosphamide, thalidomide, - DRd: Daratumumab, lenalidomide dexamethasone. dexamethasone liều thấp. - D kết hợp với các phác đồ:VRd, - MP: Melphalan, methylprednisone. - VRd: Bortezomib, lenalidomide, KRd, VTD.... dexamethasone liều thấp. - DRd: Daratumumab, lenalidomide dexamethasone liều thấp. - Rd: Lenalidomide dexamethasone liều thấp",{}
HuongDanChanDoanVaDieuTriMotSoBenhLyHuyetHoc_B_n_r_t_g_n.md:595,HuongDanChanDoanVaDieuTriMotSoBenhLyHuyetHoc_B_n_r_t_g_n.md,595,225,". - VRd: Bortezomib, lenalidomide, KRd, VTD.... dexamethasone liều thấp. - DRd: Daratumumab, lenalidomide dexamethasone liều thấp. - Rd: Lenalidomide dexamethasone liều thấp. ngoctlv.kcb_Truong Le Van Ngoc_04/07/2022 08:49:53",{}
HuongDanChanDoanVaDieuTriMotSoBenhLyHuyetHoc_B_n_r_t_g_n.md:596,HuongDanChanDoanVaDieuTriMotSoBenhLyHuyetHoc_B_n_r_t_g_n.md,596,741,"3.1.1. Người bệnh không có chỉ định ghép tế bào gốc (thường > 65 tuổi và thể trạng bệnh kém). Thể trạng bệnh có ý nghĩa lựa chọn ghép hơn tuổi của người bệnh. a. Điều trị tấn công - MP: Melphalan và Methylprednisone:

Melphalan 0,25mg/kg/ngày Uống Ngày 1-4 Methylprednisone 2mg/kg/ngày Uống Ngày 1-4 Cách 4-6 tuần/đợt x 12 đợt. Điều chỉnh liều melphalan theo số lượng bạch cầu (BC) và tiểu cầu (TC). Kết hợp uống melphalan và methylprednisone (MP) với các thuốc mới: - MPT

Melphalan 0,25mg/kg hoặc 4mg/m2/ngày Uống Ngày 1-4 Methylprednisone 2mg/kg/ngày Uống Ngày 1-4 Thalidomide 100-200mg/ngày Uống Liên tục MP: Cách 4-6 tuần/đợt x 12 đợt. Điều chỉnh liều melphalan theo số lượng bạch cầu và tiểu cầu. Thalidomide: Kéo dài 72 tuần. - VMP",{}
HuongDanChanDoanVaDieuTriMotSoBenhLyHuyetHoc_B_n_r_t_g_n.md:597,HuongDanChanDoanVaDieuTriMotSoBenhLyHuyetHoc_B_n_r_t_g_n.md,597,847,"Melphalan 9mg/m2/ngày Uống Ngày 1-4 Methylprednisone 60mg/m2/ngày Uống Ngày 1-4 Bortezomib 1,3mg/m2 Tiêm tĩnh mạch hoặc tiêm dưới da Ngày 1, 4, 8, 11 (4 đợt đầu); ngày 1, 8, 15, 22 (4 đợt tiếp) Cách 5 tuần/đợt x 12 đợt. - Rd

Lenalidomide 25mg/ngày Uống Ngày 1-21 Dexamethasone 40mg/ngày Uống hoặc truyền tĩnh mạch Ngày 1-4 Cách 4 tuần/ đợt (đến khi bệnh tiến triển). - Bendamustine kết hợp methylprednisone: Chỉ định cho những người bệnh không thể ghép tuỷ và có biểu hiện bệnh lý thần kinh ngoại biên nên chống chỉ định điều trị bortezomib và thalidomide. * Một số phác đồ khác: - Bortezomib/lenalidomide/dexamethasone (VRD). - Bortezomib/cyclophosphamide/dexamethasone (VCD). - Bortezomib/dexamethasone (Vd). b. Điều trị duy trì: Tuỳ theo nhóm tiên lượng. - Thalidomide: Uống 100mg/ngày. ngoctlv.kcb_Truong Le Van Ngoc_04/07/2022 08:49:53",{}
HuongDanChanDoanVaDieuTriMotSoBenhLyHuyetHoc_B_n_r_t_g_n.md:598,HuongDanChanDoanVaDieuTriMotSoBenhLyHuyetHoc_B_n_r_t_g_n.md,598,753,"- Lenalidomide: Uống 10mg/ngày x 28 ngày x 3 chu kỳ; sau đó liều 15mg ở các chu kỳ sau. Hoặc: 10mg/ngày x 21 ngày. - Mỗi chu kỳ cách nhau 4 tuần cho đến khi bệnh tiến triển hay có độc tính không uống được lenalidomide. Mỗi chu kỳ có thể kết hợp dexamethasone. - Với nhóm nguy cơ trung bình và cao cần điều trị bổ sung: Phác đồ có Bortezomib: 1,3mg/m2, ngày 1, 4, 8, 11. Lặp lại mỗi chu kỳ sau 2 tuần trong 2 năm hoặc cho đến khi bệnh tiến triển hay có độc tính phải dừng Bortezomib. Hoặc: Bortezomib: 1,6mg/m2, ngày 1, 8, 15 và 22. Lặp lại mỗi chu kỳ sau 5 tuần trong 6 tháng hoặc cho đến khi bệnh tiến triển hay có độc tính phải dừng Bortezomib. 3.1.2. Người bệnh có khả năng ghép tế bào gốc (< 65 tuổi, có thể tới 70 tuổi nếu thể trạng tốt) a",{}
HuongDanChanDoanVaDieuTriMotSoBenhLyHuyetHoc_B_n_r_t_g_n.md:599,HuongDanChanDoanVaDieuTriMotSoBenhLyHuyetHoc_B_n_r_t_g_n.md,599,383,". 3.1.2. Người bệnh có khả năng ghép tế bào gốc (< 65 tuổi, có thể tới 70 tuổi nếu thể trạng tốt) a. Điều trị tấn công: Tuỳ theo nhóm tiên lượng và khả năng có đủ các nhóm thuốc để có chiến lược lựa chọn phác đồ điều trị, thường kết hợp các loại thuốc của các nhóm: nhóm thuốc ức chế proteasome, điều hoà miễn dịch, kháng thể đơn dòng và corticoid . * Một số phác đồ cụ thể: - VRD:",{}
HuongDanChanDoanVaDieuTriMotSoBenhLyHuyetHoc_B_n_r_t_g_n.md:600,HuongDanChanDoanVaDieuTriMotSoBenhLyHuyetHoc_B_n_r_t_g_n.md,600,890,"Bortezomib 1,3 mg/m2 Tiêm dưới da hay tĩnh mạch Ngày 1,4,8,11 (4 đợt đầu), ngày 1,8,15,22 (4 đợt tiếp) Lenalidomide 25m/ngày Uống Ngày 1-14 Dexamethasone 40mg/ngày Truyền tĩnh mạch/uống Ngày 1,8,15 - VTD: Bortezomib 1,3 mg/m2 Tiêm dưới da hay tĩnh mạch Ngày 1,4,8,11 (4 đợt đầu), ngày 1,8,15,22 (4 đợt tiếp). Thalidomide 100-200mg Uống Liên tục Dexamethasone 40mg/ngày Truyền tĩnh mạch/uống Ngày 1-4 - VCD: Bortezomib 1,3 mg/m2 Tiêm dưới da hay tĩnh mạch Ngày 1,4,8,11 (4 đợt đầu), ngày 1,8,15,22 (4 đợt tiếp) Cyclophosphamide (Một trong 3 kiểu) 300mg/m2/ngày Truyền tĩnh mạch/uống Ngày 1,8,15,22 500mg/m2/ngày Truyền tĩnh mạch/uống Ngày 1,8,15 900mg/m2/ngày Truyền tĩnh mạch Ngày 1 ngoctlv.kcb_Truong Le Van Ngoc_04/07/2022 08:49:53

Dexamethasone 40mg/ngày Truyền tĩnh mạch/uống Ngày 1-4, 9-12, 17-20 40mg/ngày Truyền tĩnh mạch/uống Ngày 1,8,15 40mg/ngày Truyền tĩnh mạch Ngày 1-4 - PAD:",{}
HuongDanChanDoanVaDieuTriMotSoBenhLyHuyetHoc_B_n_r_t_g_n.md:601,HuongDanChanDoanVaDieuTriMotSoBenhLyHuyetHoc_B_n_r_t_g_n.md,601,769,"Bortezomib 1,3 mg/m2 Tiêm dưới da hay tĩnh mạch Ngày 1,4,8,11 (4 đợt đầu), ngày 1,8,15,22 (4 đợt tiếp) Doxorubicin 9mg/m2/ngày Truyền tĩnh mạch Ngày 1-4 Dexamethasone 40mg/ngày Truyền tĩnh mạch Ngày 1-4, 9-12, 17-20 (chu kỳ 1) và Ngày 1-4 (chu kỳ 2-4). Hoặc cả 4 chu kỳ: Ngày 1-4, 9-12, 17-20 * Một số phác đồ khác: - Daratuzumab kết hợp các nhóm thuốc. - Bortezomib/ dexamethasone. - Lenalidomide/ dexamethasone. - VTD-PACE. * Thường điều trị từ 4 đến 6 đợt cách nhau 10-14 ngày, trước khi thực hiện huy động và thu gom tế bào gốc. Sau mỗi đợt điều trị phải đánh giá đáp ứng để cân nhắc phác đồ tiếp theo. * Lưu ý tác dụng phụ của các thuốc mới: - Bortezomib: Tổn thương thần kinh ngoại biên (đau buốt chi), giảm tiểu cầu (5%), biến chứng muộn nhiễm vi rút Zoster",{}
HuongDanChanDoanVaDieuTriMotSoBenhLyHuyetHoc_B_n_r_t_g_n.md:602,HuongDanChanDoanVaDieuTriMotSoBenhLyHuyetHoc_B_n_r_t_g_n.md,602,891,". * Lưu ý tác dụng phụ của các thuốc mới: - Bortezomib: Tổn thương thần kinh ngoại biên (đau buốt chi), giảm tiểu cầu (5%), biến chứng muộn nhiễm vi rút Zoster. Biến chứng độc với thần kinh ngoại biên của bortezomib giảm đáng kể khi thay đổi tiêm tuần 2 lần sang mỗi tuần một lần hoặc chuyển từ tiêm tĩnh mạch sang tiêm dưới da tuần 1 lần. - Thalidomide: Suy thận, tổn thương thần kinh ngoại biên, tắc mạch. - Lenalidomide: Gây ức chế tuỷ (giảm bạch cầu, tiểu cầu) nên có kế hoạch lấy tế bào gốc ngay sau 4 đợt điều trị và thường phải huy động tế bào gốc bằng Cyclophosphamid; tắc mạch, táo bón. - Với tác dụng phụ của thalidomide và lenalidomide gây tắc mạch, dự phòng bằng aspirin, heparin trọng lượng phân tử thấp hay courmarin nếu người bệnh ở nhóm nguy cơ cao tắc tĩnh mạch sâu. b. Điều trị ghép tế bào gốc tự thân - Phác đồ điều kiện hoá chuẩn: Melphalan (200 mg/ m2 tĩnh mạch)",{}
HuongDanChanDoanVaDieuTriMotSoBenhLyHuyetHoc_B_n_r_t_g_n.md:603,HuongDanChanDoanVaDieuTriMotSoBenhLyHuyetHoc_B_n_r_t_g_n.md,603,213,. b. Điều trị ghép tế bào gốc tự thân - Phác đồ điều kiện hoá chuẩn: Melphalan (200 mg/ m2 tĩnh mạch). Liều melphalan cần được điều chỉnh theo mức độ suy thận. ngoctlv.kcb_Truong Le Van Ngoc_04/07/2022 08:49:53,{}
HuongDanChanDoanVaDieuTriMotSoBenhLyHuyetHoc_B_n_r_t_g_n.md:604,HuongDanChanDoanVaDieuTriMotSoBenhLyHuyetHoc_B_n_r_t_g_n.md,604,755,"- Sử dụng nguồn tế bào gốc máu ngoại vi là chính. Có thể truyền tươi hoặc được bảo quản âm sâu -196oC. - Sau truyền tế bào gốc theo dõi mọc mảnh ghép và các biến chứng như nhiễm trùng, xuất huyết... Chăm sóc người bệnh theo chế độ chăm sóc cấp 1. - Ghép tự thân hai lần: Được chỉ định ở người bệnh không đạt được lui bệnh một phần rất tốt sau ghép đầu tiên hoặc sau tái phát. c. Điều trị duy trì sau ghép - Mục đích: Giúp đạt lui bệnh thêm, kéo dài thời gian bệnh không tiến triển và tái phát. - Nhóm nguy cơ tốt: Duy trì thalidomide 100 mg/ngày cho đến khi bệnh tiến triển hay có độc tính không uống được thalidomide. - Nhóm nguy cơ tốt không đạt CR hoặc VGPR: Lenalidomide cho đến khi bệnh tiến triển hay có độc tính không uống được lenalidomide",{}
HuongDanChanDoanVaDieuTriMotSoBenhLyHuyetHoc_B_n_r_t_g_n.md:605,HuongDanChanDoanVaDieuTriMotSoBenhLyHuyetHoc_B_n_r_t_g_n.md,605,881,". - Nhóm nguy cơ tốt không đạt CR hoặc VGPR: Lenalidomide cho đến khi bệnh tiến triển hay có độc tính không uống được lenalidomide. - Nhóm nguy cơ cao và trung bình: Điều trị duy trì bằng phác đồ có bortezomib tối đa trong 2 năm; hoặc cho đến khi bệnh tiến triển hoặc có các tác dụng phụ do bortezomib. 3.2. Điều trị bệnh tái phát và kháng thuốc a. Nguyên tắc: - Khi tái phát và kháng thuốc cần xét nghiệm lại đánh giá yếu tố nguy cơ và tổng thể bilan bệnh như ban đầu chẩn đoán vì có sự chuyển đổi clone để có kế hoạch điều trị. - Lựa chọn điều trị trong bệnh cảnh tái phát phụ thuộc vào nhiều yếu tố như: tuổi, thể trạng người bệnh, các bệnh đi kèm, thể bệnh, hiệu quả và dung nạp của điều trị trước, số lần điều trị trước, các lựa chọn điều trị có sẵn còn lại và khoảng thời gian của lần điều trị gần nhất; yếu tố kinh tế các phác đồ, sự thuận tiện trong điều trị..",{}
HuongDanChanDoanVaDieuTriMotSoBenhLyHuyetHoc_B_n_r_t_g_n.md:606,HuongDanChanDoanVaDieuTriMotSoBenhLyHuyetHoc_B_n_r_t_g_n.md,606,852,". - Ở những người bệnh trẻ tuổi tái phát, chỉ định ghép tự thân lần hai (tham khảo phác đồ ghép tự thân cho đa u tuỷ xương). b. Các phác đồ điều trị khi tái phát/ kháng thuốc: - Có thể quay trở lại các phác đồ tấn công (VTD, VCD...) đã điều trị trước đây nếu tái phát sau 6 tháng và đánh giá đáp ứng sau mỗi đợt điều trị để điều chỉnh phác đồ. - Các phác đồ kết hợp thuốc mới được ưu tiên chỉ định: + Bortezomib/lenalidomide/dexamethasone; + Daratumumab/bortezomib/dexamethasone; + Daratumumab/lenalidomide/dexamethasone; - Một số phác đồ khác có thể chỉ định: + Bendamustine/bortezomib/dexamethasone; + Bendamustine/lenalidomide/dexamethasone; + Bendamustine/pegylated liposomal doxorubicin /dexamethasone; + Bortezomib/cyclophosphamide/dexamethasone; + Cyclophosphamide/lenalidomide/dexamethasone; ngoctlv.kcb_Truong Le Van Ngoc_04/07/2022 08:49:53",{}
HuongDanChanDoanVaDieuTriMotSoBenhLyHuyetHoc_B_n_r_t_g_n.md:607,HuongDanChanDoanVaDieuTriMotSoBenhLyHuyetHoc_B_n_r_t_g_n.md,607,541,+ Bortezomib/dexamethasone; + Daratumumab; + Lenalidomide/dexamethasone; + Lenalidomide/PLD/VD; + PLD-VTD; + Selinexor: Khi kháng với tất cả các thuốc. - Một số phác đồ khác có thể hiệu quả trong một số trường hợp: + Bendamustine; + Dexamethasone/ cyclophosphamide/ etoposide/ cisplatin (DCEP); +Dexamethasone/thalidomide/cisplatin/doxorubicin/cyclophosphamide/etoposide (DT-PACE) +/- bortezomib (VTD-PACE); + Liều cao cyclophosphamide. - Một số phác đồ cụ thể: + Phác đồ bortezomib kết hợp với pegylated liposomal doxorubicin (PLD) như sau:,{}
HuongDanChanDoanVaDieuTriMotSoBenhLyHuyetHoc_B_n_r_t_g_n.md:608,HuongDanChanDoanVaDieuTriMotSoBenhLyHuyetHoc_B_n_r_t_g_n.md,608,756,"Bortezomib 1,3 mg/m2 Tiêm dưới da hay tĩnh mạch Ngày 1,4,8,11 (4 đợt đầu), ngày 1,8,15,22 (4 đợt tiếp) PLD 30mg/m2/ngày Truyền tĩnh mạch ngày 4 Cách 21 ngày/đợt x 8 đợt. + L-PLD-VD:  Lenalidomide: 10mg/ngày, uống 21ngày, chu kỳ 28 ngày;  Pegylated liposomal Doxorubicin: 40mg/m2/ngày da, truyền tĩnh mạch ngày 1 (truyền trong 2 giờ);  Bortezomib: 2mg/ngày, tiêm dưới da hoặc tĩnh mạch ngày 1;  Dexamethasone: 40mg/ngày, truyền tĩnh mạch ngày 1. + PLD-VTD:  Pegylated liposomal Doxorubicin: 40mg/m2/ngày da, truyền tĩnh mạch ngày 1 (truyền trong 2 giờ);  Bortezomib: 1,3mg/m2 da, tiêm dưới da hoặc tĩnh mạch ngày 1, 4, 8 và 11;  Thalidomide 50-200mg/ngày, uống hàng ngày trước khi ngủ;  Dexamethasone: 40mg/ngày, truyền tĩnh mạch hay uống ngày 1-4",{}
HuongDanChanDoanVaDieuTriMotSoBenhLyHuyetHoc_B_n_r_t_g_n.md:609,HuongDanChanDoanVaDieuTriMotSoBenhLyHuyetHoc_B_n_r_t_g_n.md,609,412,". - VTD-PACE Tấn công: + Bortezomib: 1mg/m2 da, tiêm dưới da hoặc tĩnh mạch ngày 1, 4, 8 và 11; + Ngày 4-7: Thalidomide 50-200mg, uống hàng ngày trước khi ngủ + dexamethasone 40mg/ ngày, truyền tĩnh mạch hay uống; + Ngày 4-7: Cyclophosphamide 400mg/m2 + etoposide 40mg/m2 + cisplatin 10mg/m2 + doxorubicin 10mg/m2 (tất cả truyền tĩnh mạch hàng ngày trong 24h). ngoctlv.kcb_Truong Le Van Ngoc_04/07/2022 08:49:53",{}
HuongDanChanDoanVaDieuTriMotSoBenhLyHuyetHoc_B_n_r_t_g_n.md:610,HuongDanChanDoanVaDieuTriMotSoBenhLyHuyetHoc_B_n_r_t_g_n.md,610,858,"Củng cố: Chu kỳ 1: Bắt đầu 6 tuần - 4 tháng sau ghép: Ngày 1, 4, 8, and 11: Bortezomib 1mg/m2 tiêm tĩnh mạch hay dưới da. 1-4: Thalidomide 50-200mg uống, tối + dexamethasone 40mg/ ngày. Ngày 1-4: Cyclophosphamide 300mg/m2 truyền tĩnh mạch mỗi ngày trong 24h + etoposide 30mg/m2 truyền tĩnh mạch mỗi ngày trong 24h + cisplatin 7,5mg/m2 truyền tĩnh mạch mỗi ngày trong 24h + doxorubicin 7,5mg/m2 truyền tĩnh mạch mỗi ngày trong 24h. Chu kỳ 2: Sau chu kỳ 1: 2–4 tháng. Ngày 1, 4, 8, and 11: Bortezomib 1mg/m2 IV tiêm tĩnh mạch hay dưới da. Ngày 1-4: Thalidomide 50-200mg uống, tối + dexamethasone 40mg/ ngày. Ngày 4-7: Cyclophosphamide 300mg/m2 truyền tĩnh mạch mỗi ngày trong 24h + etoposide 30mg/m2 truyền tĩnh mạch mỗi ngày trong 24 giờ + cisplatin 7,5mg/m2 truyền tĩnh mạch mỗi ngày trong 24 giờ + doxorubicin 7,5mg/m2 truyền tĩnh mạch mỗi ngày trong 24 giờ",{}
HuongDanChanDoanVaDieuTriMotSoBenhLyHuyetHoc_B_n_r_t_g_n.md:611,HuongDanChanDoanVaDieuTriMotSoBenhLyHuyetHoc_B_n_r_t_g_n.md,611,751,". Lưu ý cho tất cả các phác đồ: đánh giá lại kết quả sau mỗi đợt điều trị, nếu không đáp ứng thì chuyển sang phác đồ khác. 3.3. Điều trị hỗ trợ a. Suy thận - Bệnh nhân Đa u tủy xương mới chẩn đoán có suy thận: Nên trao đổi huyết tương, chọn phác đồ điều trị có bortezomib và không cần điều chỉnh liều bortezomib. Có thể kết hợp lenalidomide và dexamethasone, tuy nhiên liều lenalidomide phải được điều chỉnh theo mức độ suy thận. - Chăm sóc chức năng thận: Giảm canxi, giảm acid uric. - Phòng suy thận: + Một số thuốc có nguy cơ gây độc đối với thận nên hạn chế dùng như: Kháng sinh nhóm aminoglycoside, thuốc chống viêm non-steroid, tránh sử dụng thuốc cản quang...; + Theo dõi chức năng thận khi điều trị kéo dài thuốc nhóm Bisphosphonate. b",{}
HuongDanChanDoanVaDieuTriMotSoBenhLyHuyetHoc_B_n_r_t_g_n.md:612,HuongDanChanDoanVaDieuTriMotSoBenhLyHuyetHoc_B_n_r_t_g_n.md,612,475,". b. Thiếu máu - Erythropoietin tái tổ hợp: + Chỉ định cho các trường hợp thiếu máu Hb < 100g/L, đặc biệt bệnh nhân có suy thận; + Liều 4.000 UI/ ngày hoặc liều 10.000UI/ 1 lần x 3 lần/ tuần. Mục đích huyết sắc tố đạt trên 120g/L, nhưng < 140g/L. - Truyền khối hồng cầu. c. Tổn thương xương - Tất cả các bệnh nhân cần điều trị tổn thương xương với thuốc nhóm Bisphosphonate hoặc denosumab, nhưng cần lưu ý: + Khám răng; ngoctlv.kcb_Truong Le Van Ngoc_04/07/2022 08:49:53",{}
HuongDanChanDoanVaDieuTriMotSoBenhLyHuyetHoc_B_n_r_t_g_n.md:613,HuongDanChanDoanVaDieuTriMotSoBenhLyHuyetHoc_B_n_r_t_g_n.md,613,856,"+ Theo dõi chức năng thận khi điều trị kéo dài Bisphosphonate; + Theo dõi biến chứng hoại tử xương hàm. - Điều trị tăng canxi máu: + Truyền dịch, lợi tiểu; + Nếu canxi máu > 11 mg/dl (2,75 mmol/l) cần phải xử trí cấp cứu; + Ức chế huỷ xương: Biphosphonate (ưu tiên zoledronic acid), calcitonine (4-8 UI/kg pha NaCl 0,9% truyền tĩnh mạch trong 6-8 giờ hoặc denosumab; + Lọc máu: Chỉ định cho trường hợp tăng canxi máu nặng đe doạ tính mạng, người bệnh có suy thận, phù phổi. - Bisphosphonate: Làm tăng chuyển hoá của xương và tránh gây huỷ xương, tác dụng giảm đau và cải thiện chất lượng cuộc sống. Bệnh nhân mới: Điều trị không quá 2 năm; bệnh nhân tái phát: Điều trị lại bisphosphonate kết hợp điều trị tích cực bệnh. + Zoledronate: Liều 4 mg/lần/tháng, truyền tĩnh mạch trên 30 phút; + Pamidronate: Liều 90 mg/lần/tháng, truyền tĩnh mạch trong 2 giờ",{}
HuongDanChanDoanVaDieuTriMotSoBenhLyHuyetHoc_B_n_r_t_g_n.md:614,HuongDanChanDoanVaDieuTriMotSoBenhLyHuyetHoc_B_n_r_t_g_n.md,614,870,". + Zoledronate: Liều 4 mg/lần/tháng, truyền tĩnh mạch trên 30 phút; + Pamidronate: Liều 90 mg/lần/tháng, truyền tĩnh mạch trong 2 giờ. - Bệnh nhân có suy thận mức độ trung bình (độ thanh thải creatinin 30-60mL/p): + Zoledronate: giảm đến liều tối đa 3mg/lần, vẫn truyền trên 30 phút; + Pamidronate: 90 mg/lần, kéo dài truyền TM trong 4 giờ. - Lưu ý khi điều trị Bisphosphonate và denosumab: + Khám răng; + Theo dõi chức năng thận khi điều trị kéo dài Bisphosphonate; + Theo dõi biến chứng hoại tử xương hàm: BC muộn, nghiêm trọng liên quan thời gian ĐT bisphosphonate (gặp ở zoledronate > pamidronate). - Khuyến khích người bệnh vận động nhiều nhất nếu có thể, nhưng tránh gây ra chấn thương. - Trường hợp đau nhiều và có tính khu trú có thể: Tia xạ liều thấp để giảm đau cho trường hợp không kiểm soát được đau, nguy cơ gãy xương bệnh lý hay nguy cơ chèn ép tuỷ",{}
HuongDanChanDoanVaDieuTriMotSoBenhLyHuyetHoc_B_n_r_t_g_n.md:615,HuongDanChanDoanVaDieuTriMotSoBenhLyHuyetHoc_B_n_r_t_g_n.md,615,819,". - Trường hợp đau nhiều và có tính khu trú có thể: Tia xạ liều thấp để giảm đau cho trường hợp không kiểm soát được đau, nguy cơ gãy xương bệnh lý hay nguy cơ chèn ép tuỷ. - Xem xét đeo khung hỗ trợ cột sống. - Bệnh nhân đau lưng mức độ nặng do gẫy xẹp thân sống nên tạo hình thân sống bằng đổ xi măng (vertebroplasty) hoặc nong bóng đổ xi măng (kyphoplasty). d. Dự phòng nhiễm trùng - Gammaglobulin: Chỉ định khi nhiễm trùng tái diễn, nhiễm trùng nặng đe doạ tính mạng bệnh nhân. - Tiêm phòng vắc xin phòng viêm phổi do cầu khuẩn, H.influenza. - Phòng viêm phổi do Pneumocystis carinii (PCP), herpes và chống nấm khi điều trị hoá chất liều cao. - Khi điều trị nhóm ức chế proteasome (bortezomib và daratumumab): Dự phòng mắc herpes zoster bằng aciclovir. ngoctlv.kcb_Truong Le Van Ngoc_04/07/2022 08:49:53",{}
HuongDanChanDoanVaDieuTriMotSoBenhLyHuyetHoc_B_n_r_t_g_n.md:616,HuongDanChanDoanVaDieuTriMotSoBenhLyHuyetHoc_B_n_r_t_g_n.md,616,807,"e. Tổn thương hệ thống thần kinh - Ép tuỷ: Cần cấp cứu kịp thời để ngăn ngừa tổn thương không hồi phục như liệt. + Chống phù tuỷ: Dexamethasone liều cao, ban đầu 100mg sau đó 25mg mỗi 6 giờ, rồi giảm dần liều; + Tia xạ tại chỗ càng sớm càng tốt, đồng thời kết hợp dexamethasone liều cao; + Nếu các biện pháp trên không hiệu quả: Phẫu thuật để giảm áp lực lên tủy sống. - Thâm nhiễm thần kinh trung ương: Điều trị tiêm tủy sống, tia xạ và điều trị toàn thân, tiên lượng nhóm này rất xấu với thời gian sống trung bình 3 tháng. g. Tăng độ quánh máu - Xử trí: Chỉ định trao đổi huyết tương cho những người bệnh có biểu hiện triệu chứng của tăng độ quánh máu như: Chảy máu niêm mạc, triệu chứng thần kinh (đau đầu, chóng mặt hoặc co giật, hôn mê)... hoặc độ quánh huyết tương tăng trên 4 CP (centipoise). h",{}
HuongDanChanDoanVaDieuTriMotSoBenhLyHuyetHoc_B_n_r_t_g_n.md:617,HuongDanChanDoanVaDieuTriMotSoBenhLyHuyetHoc_B_n_r_t_g_n.md,617,896,". hoặc độ quánh huyết tương tăng trên 4 CP (centipoise). h. Phòng và điều trị huyết khối - Dự phòng huyết khối: + Nguy cơ gặp biểu hiện huyết khối tĩnh mạch (VTE) hay gặp nhất trong giai đoạn 6 đến 12 tháng đầu điều trị, sau đó giảm hơn và thấp hơn ở những bệnh nhân tái phát so với những bệnh nhân chưa điều trị trước đó; + Khi điều trị phác đồ có thuốc điều hoà miễn dịch (thalidomide, lenalidomide...), đặc biệt khi kết hợp với glucocorticoid, doxorubicin, erythropoietin cần điều trị dự phòng huyết khối thường quy; + Dựa trên nhóm nguy cơ để lựa chọn điều trị dự phòng: Aspirin khi điều trị thuốc điều hoà miễn dịch kết hợp dexamethazone. Khi điều trị liều cao dexamethazone hoặc doxorubicin hoặc bệnh nhân có thêm yếu tố nguy cơ như: Béo phì, bị chấn thương nên dự phòng heparin trọng lượng phân tử thấp (LMWH), ví dụ enoxaparin 40mg tiêm dưới da hàng ngày hoặc đủ liều warfarin",{}
HuongDanChanDoanVaDieuTriMotSoBenhLyHuyetHoc_B_n_r_t_g_n.md:618,HuongDanChanDoanVaDieuTriMotSoBenhLyHuyetHoc_B_n_r_t_g_n.md,618,563,". - Đánh giá các yếu tố nguy cơ sau: + Chỉ số khối cơ thể (BMI) ≥ 30 kg/m2; + Tiền sử VTE trước đó; + Khi điều trị phác đồ có thuốc điều hoà miễn dịch, dexamethazone, doxorubicin... + Có catheter tĩnh mạch trung tâm hoặc máy tạo nhịp tim; + Bệnh tim (bệnh động mạch vành có triệu chứng, suy tim sung huyết hoặc tiền sử đặt stent/CABG); + Bệnh thận mạn tính (mức lọc cầu thận ước tính dưới 30 ml/phút); + Đái tháo đường; + Nhiễm trùng cấp tính; + Bất động; + Điều trị erythropoietin; + Huyết khối di truyền; ngoctlv.kcb_Truong Le Van Ngoc_04/07/2022 08:49:53",{}
HuongDanChanDoanVaDieuTriMotSoBenhLyHuyetHoc_B_n_r_t_g_n.md:619,HuongDanChanDoanVaDieuTriMotSoBenhLyHuyetHoc_B_n_r_t_g_n.md,619,824,"+ D-dimer tăng cao. - Phác đồ dự phòng: + Không có yếu tố nguy cơ hay 1 yếu tố nguy cơ: Aspirin 81 đến 325mg, uống 1 lần hàng ngày tuỳ quyết định của bác sỹ; + Có trên 2 yếu tố nguy cơ: LMWH (ví dụ: enoxaparin 40mg/ngày) hoặc warfarin đủ liều (đích INR 2-3). - Điều trị thuốc chống đông khi có nguy cơ cao tắc mạch: + Enoxaparin 40 mg tiêm dưới da (SC) một lần/ngày; + Dalteparin 5,000 tiêm dưới da (SC) một lần/ngày; + Warfarin (khuyến cáo khi INR 2-3); + Aspirin 81-325 mg hàng ngày. Ghi chú: + Nhóm nguy cơ cao (≥ 2 điểm); + Nhóm nguy cơ thấp (< 2 điểm). 3.4. Đánh giá đáp ứng điều trị - Tiêu chuẩn đáp ứng điều trị chuẩn: do nhóm điều trị đa u tuỷ xương Quốc tế (the International Myeloma Working Group) đề xuất năm 2006 và được sửa đổi năm 2016 (bảng 49). Bảng 49. Tiêu chuẩn đáp ứng điều trị chuẩn (IMWG-2016)",{}
HuongDanChanDoanVaDieuTriMotSoBenhLyHuyetHoc_B_n_r_t_g_n.md:620,HuongDanChanDoanVaDieuTriMotSoBenhLyHuyetHoc_B_n_r_t_g_n.md,620,805,Mức độ Tiêu chuẩn đáp ứng Đáp ứng hoàn toàn nghiêm ngặt (stringent CR) Tiêu chuẩn như của CR kết hợp với: Tỷ lệ kappa/lamda bình thường và Không phát hiện thấy tế bào dòng plasmo bất thường bằng xét nghiệm hóa mô miễn dịch (immunohistochemistry) hoặc bằng đếm tế bào dòng chảy 6-10 màu. Đáp ứng hoàn toàn (Complete response-CR) Miễn dịch cố định huyết thanh và nước tiểu âm tính và Biến mất các khối u tế bào dòng plasmo mô mềm và Tỷ lệ tế bào dòng plasmo trong tuỷ xương <5%. Đáp ứng một phần rất tốt (Very good partial response) Phát hiện được protein đơn dòng trong huyết thanh và nước tiểu bằng điện di miễn dịch cố định (immunofixation) nhưng không phát hiện được bằng điện di thường hoặc Giảm ≥ 90% protein đơn dòng trong huyết thanh và protein đơn dòng trong nước tiểu <100 mg/ 24 giờ,{}
HuongDanChanDoanVaDieuTriMotSoBenhLyHuyetHoc_B_n_r_t_g_n.md:621,HuongDanChanDoanVaDieuTriMotSoBenhLyHuyetHoc_B_n_r_t_g_n.md,621,209,. Đáp ứng một phần (Partial response) Giảm ≥ 50% protein đơn dòng trong huyết thanh và giảm protein đơn dòng trong nước tiểu ≥ 90% hoặc < 200 mg / 24 giờ. ngoctlv.kcb_Truong Le Van Ngoc_04/07/2022 08:49:53,{}
HuongDanChanDoanVaDieuTriMotSoBenhLyHuyetHoc_B_n_r_t_g_n.md:622,HuongDanChanDoanVaDieuTriMotSoBenhLyHuyetHoc_B_n_r_t_g_n.md,622,657,"Mức độ Tiêu chuẩn đáp ứng Nếu protein đơn dòng trong huyết thanh và nước tiểu không đo được, thì tiêu chuẩn Ig đơn dòng được thay thế bằng giảm ≥ 50% nồng độ chuỗi nhẹ tự do liên quan và không liên quan. Nếu protein đơn dòng trong huyết thanh và nước tiểu không đo được, và không định lượng được chuỗi nhẹ tự do huyết thanh, thì giảm ≥ 50% tế bào dòng plasmo thay thế cho protein đơn dòng, với tỷ lệ tế bào dòng plasmo tuỷ xương trước đó ≥ 30%. Ngoài các tiêu chuẩn trên, nếu có ngưỡng ban đầu, cần có tiêu chuẩn giảm ≥ 50% kích thước của u tế bào dòng plasmo mô mềm. Bệnh ổn định (Stable disease) Không đủ tiêu chuẩn của CR, VGPG, PR hoặc PD",{}
HuongDanChanDoanVaDieuTriMotSoBenhLyHuyetHoc_B_n_r_t_g_n.md:623,HuongDanChanDoanVaDieuTriMotSoBenhLyHuyetHoc_B_n_r_t_g_n.md,623,887,". Bệnh tiến triển (Progress disease) Tăng 25% từ giá trị đáp ứng thấp nhất của bất kỳ các tiêu chuẩn sau: Protein đơn dòng trong huyết thanh (trị số tuyệt đối phải ≥ 0,5 g/dl), và/hoặc Protein đơn dòng trong nước tiểu (trị số tuyệt đối phải ≥ 200 mg/24h), và/ hoặc Trên người bệnh không đo được nồng độ protein đơn dòng trong huyết thanh và nước tiểu: Có sự khác biệt giữa nồng độ chuỗi nhẹ tự do liên quan và không liên quan (trị số tuyệt đối phải ≥ 10 mg/dl) Trên người bệnh không đo được nồng độ protein đơn dòng trong huyết thanh và nước tiểu và người bệnh không đo được nồng độ chuỗi nhẹ tự do, tỷ lệ tế bào dòng plasmo trong tuỷ xương phải ≥ 10% Xuất hiện những tổn thương mới hoặc tăng rõ về kích thước của những tổn thương cũ ở ở xương hoặc u plasmo ở mô mềm Tăng can xi máu (can xi huyết thanh được hiệu chỉnh > 11,5 mg/dl) chỉ do rối loạn tăng sinh dòng plasmo",{}
HuongDanChanDoanVaDieuTriMotSoBenhLyHuyetHoc_B_n_r_t_g_n.md:624,HuongDanChanDoanVaDieuTriMotSoBenhLyHuyetHoc_B_n_r_t_g_n.md,624,326,. CR: Complete response; sCR: strigent complete response; VGPR: very good partial response; PR: partial response; SD: stable disease; PD: progress disease. - Đánh giá mức độ đáp ứng của IMWG dựa trên tồn dư bệnh tối thiểu (MRD) năm 2018 (NCCN 2018) (theo bảng 50) Bảng 50. Đánh giá đáp ứng điều trị Đa u tủy xương dựa trên MRD,{}
HuongDanChanDoanVaDieuTriMotSoBenhLyHuyetHoc_B_n_r_t_g_n.md:625,HuongDanChanDoanVaDieuTriMotSoBenhLyHuyetHoc_B_n_r_t_g_n.md,625,307,"Mức độ Tiêu chuẩn đáp ứng MRD âm tính bền vững MRD tủy xương âm tính bền vững (bằng đếm tế bào dòng chảy thế hệ mới (độ phân giải cao, nhiều màu - NGF) hoặc giải trình tự gen thế hệ mới và bằng chẩn đoán hình ảnh, như mô tả dưới đây, được tính khi đạt ngoctlv.kcb_Truong Le Van Ngoc_04/07/2022 08:49:53",{}
HuongDanChanDoanVaDieuTriMotSoBenhLyHuyetHoc_B_n_r_t_g_n.md:626,HuongDanChanDoanVaDieuTriMotSoBenhLyHuyetHoc_B_n_r_t_g_n.md,626,890,"Mức độ Tiêu chuẩn đáp ứng tối thiểu 1 năm. Những xét nghiệm tiếp theo đó có thể được sử dụng để đánh giá mức độ bền vững của MRD âm tính (v/d MRD âm tính 5 năm) MRD âm tính với đếm tế bào dòng chảy (FC) Không phát hiện thấy các tế bào bất thường dòng plasmo với xét nghiệm đếm tế bào dòng chảy thế hệ mới (NGF) trên mẫu dịch tủy xương, sử dụng quy chình chuẩn EuroFlow cho xét nghiệm đa u tủy xương (hoặc phương pháp đã được kiểm chuẩn) với độ nhạy tối thiểu cần đạt là 1/10^5 tế bào có nhân, hoặc cao hơn. MRD âm tính với xét nghiệm giải trình tự gen Âm tính với kết quả giải trình tự thế hệ mới (NGS) với dòng plasmo tủy xương. Trong đó kết quả giải trình tự ADN tách chiết từ tế bào plasma tủy xương có ít hơn 2 lần đọc trùng nhau, sử dụng hệ thống LymphoSIGHT (hoặc phương pháp khác đã được kiểm chuẩn) với độ nhạy tối thiểu cần đạt là 1/10^5 tế bào có nhân, hoặc cao hơn",{}
HuongDanChanDoanVaDieuTriMotSoBenhLyHuyetHoc_B_n_r_t_g_n.md:627,HuongDanChanDoanVaDieuTriMotSoBenhLyHuyetHoc_B_n_r_t_g_n.md,627,789,". Kết hợp đáp ứng trên chẩn đoán hình ảnh và MRD âm tính MRD âm tính được xác định bởi NGF hoặc NGS kết hợp với sự biến mất của tất cả các vùng tăng hoạt tính phóng xạ so với nền cơ sở hoặc tổn thương đã có trên PET/CT trước đó hoặc giảm thấp hơn SUV vùng máu trung thất hoặc giảm thấp hơn mô bình thường xung quanh. 3.5. Theo dõi sau điều trị: Sau mỗi đợt điều trị - Tổng phân tích tế bào máu. - Sinh hoá: Protein (toàn phần, albumin và globulin), các Ig, creatinin, canxi, LDH, beta2 microglobulin, acid uric, chức năng gan... - Điện di protein và miễn dịch cố định huyết thanh. - Protein nước tiểu 24h, điện di protein và miễn dịch cố định nước tiểu. - Định lượng chuỗi nhẹ tự do tuỳ theo diễn biến lâm sàng. - Kiểm tra tuỷ đồ hay sinh thiết tuỷ xương tuỳ theo diễn biến lâm sàng",{}
HuongDanChanDoanVaDieuTriMotSoBenhLyHuyetHoc_B_n_r_t_g_n.md:628,HuongDanChanDoanVaDieuTriMotSoBenhLyHuyetHoc_B_n_r_t_g_n.md,628,734,". - Định lượng chuỗi nhẹ tự do tuỳ theo diễn biến lâm sàng. - Kiểm tra tuỷ đồ hay sinh thiết tuỷ xương tuỳ theo diễn biến lâm sàng. - Xét nghiệm FISH, công thức nhiễm sắc thể đánh giá sau 2-3 đợt điều trị để đánh giá hiệu quả và điều chỉnh phác đồ. - Chụp kiểm tra CT scan liều thấp toàn thân hay hệ thống xương tuỳ theo diễn biến lâm sàng. - Kiểm tra PET/CT tuỳ theo diễn biến lâm sàng. - Đánh giá bệnh tồn dư tối thiểu tuỳ theo diễn biến lâm sàng. 4. TIÊN LƯỢNG - Các yếu tố tiên lượng bệnh: β2-microglobulin, albumin và LDH huyết thanh. - Di truyền tế bào, được đánh giá bằng kỹ thuật FISH. Các bất thường di truyền liên quan đến tiên lượng xấu là: t(4;14), del(17p) và t(14;16). ngoctlv.kcb_Truong Le Van Ngoc_04/07/2022 08:49:53",{}
HuongDanChanDoanVaDieuTriMotSoBenhLyHuyetHoc_B_n_r_t_g_n.md:629,HuongDanChanDoanVaDieuTriMotSoBenhLyHuyetHoc_B_n_r_t_g_n.md,629,262,"- Nếu kết hợp tổn thương di truyền cùng với phân chia giai đoạn ISS, có thể giúp đánh giá tiên lượng sống không tiến triển bệnh (progression-free survival: PFS) và thời gian sống toàn bộ (overall survival: OS). ngoctlv.kcb_Truong Le Van Ngoc_04/07/2022 08:49:53",{}
HuongDanChanDoanVaDieuTriMotSoBenhLyHuyetHoc_B_n_r_t_g_n.md:630,HuongDanChanDoanVaDieuTriMotSoBenhLyHuyetHoc_B_n_r_t_g_n.md,630,897,"1. Ludwig H, Miguel JS, Dimopoulos MA, Palumbo A, et al, 2013. International Myeloma Working Group recommendations for global myeloma care. Leukemia, 1–12. 2. Kyle RA, Rajkumar SV, 2009. Criteria for diagnosis, staging, risk stratification and response assessment of multiple myeloma. Leukemia, 23:3-9. 3. Avet-Loiseau H, Durie BGM, Cavo M et al. 2013. Combining fluorescent in situ hybridization data with ISS staging improves risk assessment in myeloma: an International Myeloma Working Group collaborative project. Leukemia, 27: 711–717. 4. Lemieux E, Hulin C, Caillot D, et al, 2013. Autologous stem cell transplantation: an effective salvage therapy in multiple myeloma. Biol Blood Marrow Transplant, 19:445-449. 5. Barlogie B, Angtuaco E, Bartel T, 2010. Chapter 109: Myeloma. Williams Hematology eighth edition (Marshall, Thomas J.Kipps, Uri Seligsohn, Kenneth Kaushansky, Josef T. Prachal)",{}
HuongDanChanDoanVaDieuTriMotSoBenhLyHuyetHoc_B_n_r_t_g_n.md:631,HuongDanChanDoanVaDieuTriMotSoBenhLyHuyetHoc_B_n_r_t_g_n.md,631,832,". Barlogie B, Angtuaco E, Bartel T, 2010. Chapter 109: Myeloma. Williams Hematology eighth edition (Marshall, Thomas J.Kipps, Uri Seligsohn, Kenneth Kaushansky, Josef T. Prachal). 6. Lyman GH, Khorana AA, Kuderer NM, et al. Venous thromboembolism prophylaxis and treatment in patients with cancer: American Society of Clinical Oncology clinical practice guideline update. J Clin Oncol 2013; 31:2189. 7. Rajkumar SV. Multiple Myeloma: 2016 update on Diagnosis, Risk-stratification and Management. Am J Hematol. 2016 July ; 91(7): 719–734. 8. Moreau P, Miguel J.S, Ludwig H, Schouten H, Mohty M, Dimopoulos M, Dreyling M. Multiple myeloma: ESMO Clinical Practice Guidelines for diagnosis, treatment and follow-up. Annals of Oncology 28 (Supplement 4): iv52–iv61, 2017 9. David Dingli, S. Vincent Rajkumar, MD; and Asher A. Chanan Khan",{}
HuongDanChanDoanVaDieuTriMotSoBenhLyHuyetHoc_B_n_r_t_g_n.md:632,HuongDanChanDoanVaDieuTriMotSoBenhLyHuyetHoc_B_n_r_t_g_n.md,632,873,". Annals of Oncology 28 (Supplement 4): iv52–iv61, 2017 9. David Dingli, S. Vincent Rajkumar, MD; and Asher A. Chanan Khan. Therapy for Relapsed Multiple Myeloma: Guidelines From the Mayo Stratification for Myeloma and Risk-Adapted Therapy. Mayo Clin Proc. 2017;92(4):578-598. 10. Tulio E. Rodriguez et all. Busulfan, Melphalan, and Bortezomib versus High-Dose Melphalan as a Conditioning Regimen for Autologous Hematopoietic Stem Cell Transplantation in Multiple Myeloma. Biol Blood Marrow Transplant. 2016 August ; 22(8): 1391–1396. 11. Gunjan L. Shah. Feasibility and Toxicity of Pharmacokinetic (PK)- Directed Dosing of Evomela® (propylene glycol free melphalan, PGF-MEL) for Multiple Myeloma (MM) and AL Amyloidosis (AL) Patients Undergoing Autologous Hematopoietic Stem Cell Transplant (AHCT). Abstracts / Biol Blood Marrow Transplant 24 (2018) S119–S290. 12. Shaji K",{}
HuongDanChanDoanVaDieuTriMotSoBenhLyHuyetHoc_B_n_r_t_g_n.md:633,HuongDanChanDoanVaDieuTriMotSoBenhLyHuyetHoc_B_n_r_t_g_n.md,633,296,". Abstracts / Biol Blood Marrow Transplant 24 (2018) S119–S290. 12. Shaji K. Kumar et all, NCCN Guidelines Version 2.2019 Multiple Myeloma. 13. S. Vincent Rajkumar. Multiple Myeloma: 2020 update on Diagnosis, Risk- stratification and Management. ngoctlv.kcb_Truong Le Van Ngoc_04/07/2022 08:49:53",{}
HuongDanChanDoanVaDieuTriMotSoBenhLyHuyetHoc_B_n_r_t_g_n.md:634,HuongDanChanDoanVaDieuTriMotSoBenhLyHuyetHoc_B_n_r_t_g_n.md,634,20,38. U PLASMO ĐƠN ĐỘC,{}
HuongDanChanDoanVaDieuTriMotSoBenhLyHuyetHoc_B_n_r_t_g_n.md:635,HuongDanChanDoanVaDieuTriMotSoBenhLyHuyetHoc_B_n_r_t_g_n.md,635,883,"1. ĐẠI CƯƠNG U plasmo đơn độc (solitary plasmacytoma - SP là bệnh lý tăng sinh đơn dòng tế bào plasmo tại chỗ, khu trú tại xương hoặc tại mô mềm, và không có triệu chứng lâm sàng, không có tiêu chuẩn chẩn đoán của đa u tủy xương. U plasmo đơn độc được chia thành 2 nhóm, dựa theo vị trí: U plasmo tại xương (solitary plasmacytoma of bone: SBP) và U plasmo tại mô mềm (extramedullary plasmacytoma: EMP). 2. CHẨN ĐOÁN 2.1. Lâm sàng a. Vị trí khối u: - U plasmo tại xương thường gặp tại: Các đốt sống, xương sườn, xương sọ, xương khung chậu, xương đùi, xương ống chân, xương đòn, xương bả vai. - U plasmo tại mô mềm thường gặp tại: Đường hô hấp trên, hệ tiêu hóa, hạch lympho, bàng quang, vú, tuyến giáp, tinh hoàn, tuyến mang tai, da, thần kinh trung ương. b. Triệu chứng lâm sàng: - U plasmo tại xương: Đau xương, gãy xương bệnh lý tại chỗ, liệt do chèn ép vào rễ thần kinh",{}
HuongDanChanDoanVaDieuTriMotSoBenhLyHuyetHoc_B_n_r_t_g_n.md:636,HuongDanChanDoanVaDieuTriMotSoBenhLyHuyetHoc_B_n_r_t_g_n.md,636,889,". b. Triệu chứng lâm sàng: - U plasmo tại xương: Đau xương, gãy xương bệnh lý tại chỗ, liệt do chèn ép vào rễ thần kinh. - U plasmo tại mô mềm: Tăng tiết đờm dãi, chèn ép đường thở, chảy máu mũi, đau bụng, đau đầu, buồn nôn… do khối u chèn ép tại chỗ. 2.2. Cận lâm sàng a. Xét nghiệm mô bệnh học tổ chức khối u: Là xét nghiệm cơ bản để chẩn đoán. Hình thái của tế bào plasmo khá đặc trưng và được khẳng định bằng nhuộm hóa mô miễn dịch. Trường hợp hiếm gặp như u nguyên bào plasmo (plasmablastic) hoặc kém biệt hóa (anaplastic) có thể gây khó khăn cho chẩn đoán. b. Xét nghiệm tủy xương - Xét nghiệm huyết tủy đồ. - Sinh thiết tủy xương. Tỷ lệ tế bào plasmo trong tủy < 10%. c. Điện di protein, điện di miễn dịch huyết thanh và nước tiểu: Phát hiện thành phần đơn dòng chuỗi nặng và nhẹ. Khoảng 20% bệnh nhân u tương bào có đỉnh đơn dòng protein (mức độ nhẹ), chủ yếu là IgA. d",{}
HuongDanChanDoanVaDieuTriMotSoBenhLyHuyetHoc_B_n_r_t_g_n.md:637,HuongDanChanDoanVaDieuTriMotSoBenhLyHuyetHoc_B_n_r_t_g_n.md,637,436,". Khoảng 20% bệnh nhân u tương bào có đỉnh đơn dòng protein (mức độ nhẹ), chủ yếu là IgA. d. Chẩn đoán hình ảnh - Chụp X-quang xương (cột sống, xương chậu, xương sọ, xương sườn...): Đánh giá tổn thương tiêu xương, kích thước khối u… - Chụp cộng hưởng từ, chụp cắt lớp vi tính, chụp xạ hình xương, chụp PET CT-scan: Cần thiết để phát hiện, đánh giá tổn thương và kích thước khối u. ngoctlv.kcb_Truong Le Van Ngoc_04/07/2022 08:49:53",{}
HuongDanChanDoanVaDieuTriMotSoBenhLyHuyetHoc_B_n_r_t_g_n.md:638,HuongDanChanDoanVaDieuTriMotSoBenhLyHuyetHoc_B_n_r_t_g_n.md,638,578,"đ. Xét nghiệm sinh hoá: Protid máu toàn phần, albumin, globulin, β2- microglobulin, creatinine và canxi huyết thanh. Định lượng globulin miễn dịch IgG, IgA, IgD, IgM và đo chuỗi nhẹ tự do (free light-chain: FLC) trong huyết thanh, nước tiểu: Cần thiết để tiên lượng và theo dõi quá trình tiến triển của bệnh. e. Tổn thương di truyền: Có thể gặp t(14;16), t(6;14), t(4;14), t(14;20), del13, del17… 2.3. Tiêu chuẩn chẩn đoán (bảng 51) Bảng 51: Tiêu chuẩn chẩn đoán u tương bào đơn độc theo IMWG (International Myeloma Working Group (Rajkuma SV và cộng sự) (Theo WHO 2017).",{}
HuongDanChanDoanVaDieuTriMotSoBenhLyHuyetHoc_B_n_r_t_g_n.md:639,HuongDanChanDoanVaDieuTriMotSoBenhLyHuyetHoc_B_n_r_t_g_n.md,639,345,"3. ĐIỀU TRỊ 3.1. Xạ trị - Hiện nay, xạ trị là phương pháp điều trị chuẩn đối với u plasmo tại xương. - Xạ trị vẫn là lựa chọn hàng đầu cho điều trị u plasmo mô mềm ở vùng đầu và cổ. Riêng đối với u plasmo tại dạ dày, ruột, đường hô hấp trên: nếu cần xạ trị phải lưu ý chảy máu niêm mạc do biến chứng của tia xạ. - Xạ trị kết hợp với hóa trị.",{}
HuongDanChanDoanVaDieuTriMotSoBenhLyHuyetHoc_B_n_r_t_g_n.md:640,HuongDanChanDoanVaDieuTriMotSoBenhLyHuyetHoc_B_n_r_t_g_n.md,640,876,"Kích thước khối u Liều tia xạ Số đợt tia xạ < 5cm 40Gy > 5cm 50Gy 3.2. Phẫu thuật - Phẫu thuật bóc khối u để làm chẩn đoán mô bệnh học hoặc để giải phóng chèn ép do khối u gây ra. - Phẫu thuật kết hợp với xạ trị, phẫu thuật kết hợp với hóa trị. U tương bào đơn độc có liên quan tối thiểu với tủy xương Có tăng sinh tế bào dòng plasmo trong tủy xương nhưng <10% ( thường được xác định bằng đếm tế bào dòng chảy (flow cytometry). U tương bào đơn độc Sinh thiết khối u tại xương hoặc tại mô mềm có tăng sinh dòng plasmo. Sinh thiết tủy xương ngẫu nhiên không có bằng chứng tăng sinh dòng plasmo. Ngoại trừ tổn thương khối u tại chỗ, thăm dò xương, chụp MRI hoặc CT cho hình ảnh bình thường. Không có tổn thương cơ quan đích, ví dụ như: tăng canxi máu, suy thận, thiếu máu, tổn thương xương do khối u tế bào plasmo. ngoctlv.kcb_Truong Le Van Ngoc_04/07/2022 08:49:53",{}
HuongDanChanDoanVaDieuTriMotSoBenhLyHuyetHoc_B_n_r_t_g_n.md:641,HuongDanChanDoanVaDieuTriMotSoBenhLyHuyetHoc_B_n_r_t_g_n.md,641,615,"3.3. Hoá trị - Chỉ định: + Người bệnh không đáp ứng với xạ trị; + Kết hợp cùng xạ trị khi kích thước khối u > 5cm, khối u có độ ác tính cao; + Người bệnh thuộc nhóm nguy cơ cao (xem mục 4). - Có thể điều trị u plasm tại dạ dày ruột với phác đồ kết hợp bortezomib với dexamethasone. 4. TIẾN TRIỂN VÀ TIÊN LƯỢNG - Có 3 dạng tiến triển xấu: Tiến triển thành bệnh đa u tủy xương, tái phát tại chỗ, có tổn thương xương mới dù chưa tiến triển thành đa u tủy xương. - U plasmo tại xương có tiên lượng xấu hơn u tại mô mềm về mọi mặt: Nguy cơ tiến triển thành đa u tủy xương cao hơn, thời gian sống toàn thể ngắn hơn",{}
HuongDanChanDoanVaDieuTriMotSoBenhLyHuyetHoc_B_n_r_t_g_n.md:642,HuongDanChanDoanVaDieuTriMotSoBenhLyHuyetHoc_B_n_r_t_g_n.md,642,635,". - U plasmo tại xương có tiên lượng xấu hơn u tại mô mềm về mọi mặt: Nguy cơ tiến triển thành đa u tủy xương cao hơn, thời gian sống toàn thể ngắn hơn. - Một số yếu tố có ảnh hưởng xấu đến kết quả điều trị cũng như có nguy cơ cao tiến triển thành đa u tủy xương: + Kích thước khối u > 5 cm; + Tổn thương tại gai cột sống; + Liều tia xạ (liều cao trên 45 Gy có thể xuất hiện tổn thương tại chỗ hoặc tổn thương lan toả); + Protein huyết thanh tăng cao, tăng chuỗi nhẹ, tăng Ig đơn dòng dai dẳng (1 năm) sau điều trị. Dựa trên tỷ lệ chuỗi nhẹ và protein đơn dòng, Dengli phân các nhóm nguy cơ (bảng 52). Bảng 52. Phân nhóm nguy cơ",{}
HuongDanChanDoanVaDieuTriMotSoBenhLyHuyetHoc_B_n_r_t_g_n.md:643,HuongDanChanDoanVaDieuTriMotSoBenhLyHuyetHoc_B_n_r_t_g_n.md,643,784,"Chỉ số Nhóm nguy cơ Tỷ lệ tiến triển thành Đa u tủy xương sau 5 năm Tỷ lệ chuỗi nhẹ tự do kappa/lambda huyết thanh trong giới hạn bình thường. Protein đơn dòng < 5 g/L. Thấp 13% Có một trong hai giá trị trên bất thường. Trung bình 26% Tỷ lệ chuỗi nhẹ tự do kappa/lambda huyết thanh bất thường. Protein đơn dòng > 5 g/L. Cao 62% Tỷ lệ chuỗi nhẹ tự do kappa/lambda bình thường: 0,26-1,65. 5. THEO DÕI SAU ĐIỀU TRỊ - Xét nghiệm mỗi 2-3 tháng: Tổng phân tích tế bào máu, định lượng chuỗi nhẹ tự do huyết thanh, nước tiểu, creatinin và canxi… - Chẩn đoán hình ảnh: X-quang xương, chụp cộng hưởng từ, chụp cắt lớp vi tính, đặc biệt là chụp xạ hình xương hoặc chụp PET CTscan để theo dõi, đánh giá và phát hiện các tổn thương mới. ngoctlv.kcb_Truong Le Van Ngoc_04/07/2022 08:49:53",{}
HuongDanChanDoanVaDieuTriMotSoBenhLyHuyetHoc_B_n_r_t_g_n.md:644,HuongDanChanDoanVaDieuTriMotSoBenhLyHuyetHoc_B_n_r_t_g_n.md,644,845,"PHỤ LỤC Một số phác đồ điều trị tấn công cụ thể u plasmo đơn độc a. VD - Bortezomib 1,3 mg/m2 tiêm dưới da hay tiêm tĩnh mạch ngày 1, 4, 8, 11 trong 4 đợt đầu và 1, 8, 15 và 22 trong 4 đợt tiếp. - Dexamethasone 40 mg/ngày truyền tĩnh mạch ngày 1- 4 và ngày 9-12 trong tất cả các đợt. (Điều trị trong 8 đợt). b. VTD - Bortezomib 1,3 mg/m2 tiêm dưới da hay tiêm tĩnh mạch ngày 1, 4, 8, 11 trong 4 đợt đầu và 1, 8, 15 và 22 trong 4 đợt tiếp. - Thalidomide 100-200 mg uống ngày 1-21. - Dexamethasone 40 mg/ngày truyền tĩnh mạch ngày 1- 4. (Điều trị trong 8 đợt). c. VCD - Bortezomib 1,3 mg/m2 tiêm dưới da hay tiêm tĩnh mạch ngày 1, 4, 8, 11 trong 4 đợt đầu và 1, 8, 15 và 22 trong 4 đợt tiếp. - Cyclophosphamide 300 mg/m2/ngày truyền tĩnh mạch 1, 8, 15 và 22. - Dexamethasone 40 mg/ngày truyền tĩnh mạch 1, 8, 15 và 22. (Điều trị trong 8 đợt). d",{}
HuongDanChanDoanVaDieuTriMotSoBenhLyHuyetHoc_B_n_r_t_g_n.md:645,HuongDanChanDoanVaDieuTriMotSoBenhLyHuyetHoc_B_n_r_t_g_n.md,645,770,". - Cyclophosphamide 300 mg/m2/ngày truyền tĩnh mạch 1, 8, 15 và 22. - Dexamethasone 40 mg/ngày truyền tĩnh mạch 1, 8, 15 và 22. (Điều trị trong 8 đợt). d. PAD - Bortezomib 1,3 mg/m2 tiêm dưới da hay tiêm tĩnh mạch ngày 1, 4, 8, 11 trong 4 đợt đầu và 1, 8, 15 và 22 trong 4 đợt tiếp. - Doxorubicin 10 mg/m2/ngày truyền tĩnh mạch 1- 4. - Dexamethasone 40 mg/ngày truyền tĩnh mạch 1-4. (Điều trị trong 8 đợt). Lưu ý tác dụng phụ của các thuốc: - Bortezomib: Đau buốt chi, giảm tiểu cầu, nhiễm virus Zoster (biến chứng muộn). Tùy thuộc vào biến chứng có thể thay đổi thành tiêm mỗi tuần một lần hoặc chuyển sang tiêm dưới da. - Thalidomide: Suy thận, tổn thương thần kinh ngoại biên, tắc mạch. - Lenalidomide: Gây ức chế tuỷ (giảm bạch cầu, tiểu cầu), tắc mạch, táo bón",{}
HuongDanChanDoanVaDieuTriMotSoBenhLyHuyetHoc_B_n_r_t_g_n.md:646,HuongDanChanDoanVaDieuTriMotSoBenhLyHuyetHoc_B_n_r_t_g_n.md,646,547,". - Thalidomide: Suy thận, tổn thương thần kinh ngoại biên, tắc mạch. - Lenalidomide: Gây ức chế tuỷ (giảm bạch cầu, tiểu cầu), tắc mạch, táo bón. Với tác dụng phụ của thalidomide và lenalidomide gây tắc mạch, nên dự phòng bằng aspirin, heparin trọng lượng phân tử thấp hay courmarin nếu người bệnh ở nhóm nguy cơ cao tắc tĩnh mạch sâu. - Dexamethasone: Nóng rát sau xương ức, tăng huyết áp… Dự phòng bằng thuốc bảo vệ niêm mạc dạ dày, theo dõi huyết áp để chỉ định thuốc điều chỉnh huyết áp. ngoctlv.kcb_Truong Le Van Ngoc_04/07/2022 08:49:53",{}
HuongDanChanDoanVaDieuTriMotSoBenhLyHuyetHoc_B_n_r_t_g_n.md:647,HuongDanChanDoanVaDieuTriMotSoBenhLyHuyetHoc_B_n_r_t_g_n.md,647,883,"1. Sevil Kilciksiz. “A Review for Plasmacytoma of Bone and Extramedularry Plasmacytoma”. 2012. The Scientific World Journal ID 895765; 2. M. Hughes. “Guidelines on the diagnosis and management of solitary of bone, extramedullary plasmacytoma and multiple solitary plasmacytomas: update 2009”. Group of UKMF Guidelines working group. 3. International Myeloma Working Group. Criteria for the classification of monoclonal gammapathies, multiple myeloma and related disorders: a report of the International Myeloma Working Group. B Br J Haematol. 2003; 121(5): 749-757. 4. NCCN guidelines version 3.2020 - Multiple Myeloma. 5. Ludwig H, Miguel JS, Dimopoulos MA, Palumbo A, et al, 2013. International Myeloma Working Group recommendations for global myeloma care. Leukemia, 1-12. 6. WHO Classification of Tumours of Haematopoietic and Lymphoid Tissues (Revised 4th Edition-2017); 250-253",{}
HuongDanChanDoanVaDieuTriMotSoBenhLyHuyetHoc_B_n_r_t_g_n.md:648,HuongDanChanDoanVaDieuTriMotSoBenhLyHuyetHoc_B_n_r_t_g_n.md,648,177,". Leukemia, 1-12. 6. WHO Classification of Tumours of Haematopoietic and Lymphoid Tissues (Revised 4th Edition-2017); 250-253. ngoctlv.kcb_Truong Le Van Ngoc_04/07/2022 08:49:53",{}
NghienCuuMotSoBienDoiDiTruyenVaLienQuanToiKetQuaDieuTriSomOBenhLoXeMiCapDongLymphoTreEmTheoPhacDoFralle2000.md:0,NghienCuuMotSoBienDoiDiTruyenVaLienQuanToiKetQuaDieuTriSomOBenhLoXeMiCapDongLymphoTreEmTheoPhacDoFralle2000.md,0,637,"BỘ GIÁO DỤC VÀ ĐÀO TẠO

BỘ Y TẾ TRƢỜNG ĐẠI HỌC Y HÀ NỘI

HOÀNG THỊ HỒNG

NGHIÊN CỨU MỘT SỐ BIẾN ĐỔI DI TRUYỀN VÀ LIÊN QUAN TỚI KẾT QUẢ ĐIỀU TRỊ SỚM Ở BỆNH LƠ XÊ MI CẤP DÒNG LYMPHO TRẺ EM THEO PHÁC ĐỒ FRALLE 2000

LUẬN ÁN TIẾN SỸ Y HỌC

HÀ NỘI - 2021

BỘ GIÁO DỤC VÀ ĐÀO TẠO

BỘ Y TẾ TRƢỜNG ĐẠI HỌC Y HÀ NỘI

HOÀNG THỊ HỒNG

NGHIÊN CỨU MỘT SỐ BIẾN ĐỔI DI TRUYỀN VÀ LIÊN QUAN TỚI KẾT QUẢ ĐIỀU TRỊ SỚM Ở BỆNH LƠ XÊ MI CẤP DÒNG LYMPHO TRẺ EM THEO PHÁC ĐỒ FRALLE 2000

Chuyên ngành : Huyết học và Truyền máu Mã số : 62720151

LUẬN ÁN TIẾN SỸ Y HỌC

Người hướng dẫn khoa học: 1. PGS.TS. Nguyễn Quang Tùng 2. TS. Nguyễn Triệu Vân

HÀ NỘI - 2021",{}
NghienCuuMotSoBienDoiDiTruyenVaLienQuanToiKetQuaDieuTriSomOBenhLoXeMiCapDongLymphoTreEmTheoPhacDoFralle2000.md:1,NghienCuuMotSoBienDoiDiTruyenVaLienQuanToiKetQuaDieuTriSomOBenhLoXeMiCapDongLymphoTreEmTheoPhacDoFralle2000.md,1,615,"Chuyên ngành : Huyết học và Truyền máu Mã số : 62720151

LUẬN ÁN TIẾN SỸ Y HỌC

Người hướng dẫn khoa học: 1. PGS.TS. Nguyễn Quang Tùng 2. TS. Nguyễn Triệu Vân

HÀ NỘI - 2021

LỜI CẢM ƠN Để hoàn thành luận án này, tôi xin trân trọng gửi lời cảm ơn tới: Ban Giám Hiệu, Phòng Đào tạo Sau đại học, Bộ môn Huyết học, Trường Đại học Y Hà Nội; Ban lãnh đạo Viện Huyết học - Truyền máu Trung ương, các khoa Bệnh máu trẻ em, Di truyền – Sinh học phân tử, Miễn dịch, Tế bào - Tổ chức học, và các phòng ban đã giúp đỡ, tạo mọi điều kiện thuận lợi cho tôi trong quá trình học tập và thu thập số liệu trong quá trình nghiên cứu.",{}
NghienCuuMotSoBienDoiDiTruyenVaLienQuanToiKetQuaDieuTriSomOBenhLoXeMiCapDongLymphoTreEmTheoPhacDoFralle2000.md:2,NghienCuuMotSoBienDoiDiTruyenVaLienQuanToiKetQuaDieuTriSomOBenhLoXeMiCapDongLymphoTreEmTheoPhacDoFralle2000.md,2,870,"PGS. TS. Nguyễn Quang Tùng và TS. Nguyễn Triệu Vân, những người thầy đã tận tình chỉ bảo, hướng dẫn và chia sẻ cho tôi những kiến thức, phương pháp nghiên cứu khoa học vô cùng quý giá trong suốt quá trình học tập, nghiên cứu và hoàn thành luận án này. GS. TS. Phạm Quang Vinh, PGS. TS. Nguyễn Hà Thanh và các thầy cô bộ môn Huyết học, Trường Đại học Y Hà Nội đã luôn khích lệ, chia sẻ và giúp đỡ tôi trong suốt những năm tháng học tập, làm việc và nghiên cứu.

TS. Bạch Quốc Khánh, Viện trưởng Viện Huyết học – Truyền máu Trung ương, người đã động viên khuyến khích, chỉ bảo tận tình và đã cho tôi điều kiện tốt nhất để học tập, nghiên cứu và hoàn thành luận án này.

BS. CKII. Mai Lan, trưởng khoa Bệnh máu trẻ em cùng toàn thể các bác sĩ và điều dưỡng của khoa đã luôn tạo mọi điều kiện tốt nhất cho tôi trong quá trình học tập, giúp đỡ tôi trong quá trình nghiên cứu.",{}
NghienCuuMotSoBienDoiDiTruyenVaLienQuanToiKetQuaDieuTriSomOBenhLoXeMiCapDongLymphoTreEmTheoPhacDoFralle2000.md:3,NghienCuuMotSoBienDoiDiTruyenVaLienQuanToiKetQuaDieuTriSomOBenhLoXeMiCapDongLymphoTreEmTheoPhacDoFralle2000.md,3,497,"Xin gửi lời cảm ơn sâu sắc tới những bệnh nhi và gia đình bệnh nhi đã hợp tác và tạo điều kiện cho tôi trong quá trình nghiên cứu.

Cuối cùng, tôi vô cùng biết ơn cha mẹ, chồng, các con, những người thân trong gia đình và các bạn bè đã luôn quan tâm, động viên, khích lệ, là nguồn sức mạnh, là chỗ dựa vững chắc để tôi vượt qua mọi khó khăn, trong suốt quá trình học tập, nghiên cứu và hoàn thành luận án.

Tôi xin trân trọng cảm ơn!

Hà Nội, ngày 05 tháng 04 năm 2021 Hoàng Thị Hồng

LỜI CAM ĐOAN",{}
NghienCuuMotSoBienDoiDiTruyenVaLienQuanToiKetQuaDieuTriSomOBenhLoXeMiCapDongLymphoTreEmTheoPhacDoFralle2000.md:4,NghienCuuMotSoBienDoiDiTruyenVaLienQuanToiKetQuaDieuTriSomOBenhLoXeMiCapDongLymphoTreEmTheoPhacDoFralle2000.md,4,730,"Tôi xin trân trọng cảm ơn!

Hà Nội, ngày 05 tháng 04 năm 2021 Hoàng Thị Hồng

LỜI CAM ĐOAN

Tôi là Hoàng Thị Hồng, nghiên cứu sinh khóa 35, Trường Đại học Y Hà Nội, chuyên ngành Huyết học – Truyền máu, xin cam đoan: 1. Đây là luận án do bản thân tôi trực tiếp thực hiện dưới sự hướng dẫn của PGS.TS. Nguyễn Quang Tùng và TS. Nguyễn Triệu Vân. 2. Công trình này không trùng lặp với bất cứ nghiên cứu nào khác đã được công bố tại Việt Nam. 3. Những số liệu, kết quả nêu trong luận án là hoàn toàn chính xác, trung thực, khách quan, đã được xác nhận và chấp thuận của cơ sở nơi nghiên cứu. Tôi xin hoàn toàn chịu trách nhiệm trước pháp luật về những cam kết này. Hà Nội, ngày 05 tháng 04 năm 2021 Tác giả luận án

NCS. Hoàng Thị Hồng",{}
NghienCuuMotSoBienDoiDiTruyenVaLienQuanToiKetQuaDieuTriSomOBenhLoXeMiCapDongLymphoTreEmTheoPhacDoFralle2000.md:5,NghienCuuMotSoBienDoiDiTruyenVaLienQuanToiKetQuaDieuTriSomOBenhLoXeMiCapDongLymphoTreEmTheoPhacDoFralle2000.md,5,854,"NCS. Hoàng Thị Hồng

CÁC CHỮ VIẾT TẮT ADN Acid Desoxyribonucleic ALL Acute Lymphoblastic Leukemia (Lơ xê mi cấp dòng lympho) ARN Acid Ribonucleic BC Bạch cầu BFM Berlin-Frankfurt-Münster ALLStudy Group BN Bệnh nhi cADN Complimentary deoxyribonucleic acid (ADN bổ sung) CCG Children’s Cancer Group COALL Cooperative ALL Study Group CR

Complete remission (lui bệnh hoàn toàn) CRi Complete remission with Incomplete Hematologic Recovery (lui bệnh hoàn toàn chậm phục hồi tạo máu) ĐB Đột biến ĐBG Đột biến gen DCOG Dutch Childhood Oncology Group Del Deletion (Mất đoạn) EDTA Ethylenediamine tetracetic acid FAB French-America-British FISH Fluorescence in situ hybridization (Lai huỳnh quang tại chỗ) Hb Hemoglobin HC Hồng cầu Inv Invertion (Đảo đoạn) LXM Lơ xê mi MRD Minimal Residual Disease (Tồn dư tối thiểu của bệnh) NBLP Nguyên bào lympho NC Nghiên cứu",{}
NghienCuuMotSoBienDoiDiTruyenVaLienQuanToiKetQuaDieuTriSomOBenhLoXeMiCapDongLymphoTreEmTheoPhacDoFralle2000.md:6,NghienCuuMotSoBienDoiDiTruyenVaLienQuanToiKetQuaDieuTriSomOBenhLoXeMiCapDongLymphoTreEmTheoPhacDoFralle2000.md,6,690,"NOPHO Nordic Society of Pediatric Hematology and Oncology (Hội Huyết học và ung thư nhi khoa Bắc Âu) NR No remission (không lui bệnh) NST Nhiễm sắc thể NST Ph Nhiễm sắc thể Philadelphia PCR Polymerase Chain Reaction (Phản ứng khuếch đại chuỗi) RT - PCR Reverse transcriptase Polymerase chain reaction SLBC Số lượng bạch cầu

t Translocation (chuyển đoạn nhiễm sắc thể)

TKTW Thần kinh trung ương TX Tủy xương WHO World Health Organization (Tổ chức Y tế Thế giới)

1.1.1. Vai trò của biến đổi di truyền trong bệnh sinh lơ xê mi cấp dòng 1.3. MỘT SỐ BIẾN ĐỔI DI TRUYỀN LƠ XÊ MI CẤP DÒNG 1.4. PHÁC ĐỒ FRALLE 2000 TRONG ĐIỀU TRỊ LƠ XÊ MI CẤP 1.5. MỘT SỐ NGHIÊN CỨU VỀ ĐIỀU TRỊ LƠ XÊ MI CẤP DÒNG",{}
NghienCuuMotSoBienDoiDiTruyenVaLienQuanToiKetQuaDieuTriSomOBenhLoXeMiCapDongLymphoTreEmTheoPhacDoFralle2000.md:7,NghienCuuMotSoBienDoiDiTruyenVaLienQuanToiKetQuaDieuTriSomOBenhLoXeMiCapDongLymphoTreEmTheoPhacDoFralle2000.md,7,835,"3.2. XÁC ĐỊNH BẤT THƢỜNG NHIỄM SẮC THỂ VÀ ĐỘT BIẾN DUNG HỢP MỘT SỐ GEN LIÊN QUAN ĐẾN BỆNH LƠ XÊ MI CẤP DÒNG 3.2.2. Một số đặc điểm lâm sàng, xét nghiệm lơ xê mi cấp dòng lympho B 3.2.3. Liên quan giữa nhóm nguy cơ theo biến đổi di truyền lơ xê mi cấp dòng 3.3. ĐÁNH GIÁ KẾT QUẢ ĐIỀU TRỊ SỚM THEO PHÁC ĐỒ FRALLE 3.3.2. Đánh giá kết quả điều trị sớm các nhóm nguy cơ theo biến đổi di truyền

4.2. XÁC ĐỊNH BẤT THƢỜNG NHIỄM SẮC THỂ VÀ ĐỘT BIẾN DUNG HỢP MỘT SỐ GEN LIÊN QUAN ĐẾN BỆNH LƠ XÊ MI CẤP DÒNG 4.2.2. Một số đặc điểm lâm sàng, xét nghiệm các nhóm lơ xê mi cấp dòng 4.2.3. Liên quan giữa nhóm nguy cơ theo biến đổi di truyền lơ xê mi cấp dòng 4.3. ĐÁNH GIÁ KẾT QUẢ ĐIỀU TRỊ SỚM THEO PHÁC ĐỒ FRALLE 2000 VÀ LIÊN QUAN VỚI MỘT SỐ BẤT THƢỜNG DI TRUYỀN.. 114 4.3.4. Chia nhóm nguy cơ theo phác đồ FRALLE 2000 sau đánh giá đáp ứng PHỤ LỤC",{}
NghienCuuMotSoBienDoiDiTruyenVaLienQuanToiKetQuaDieuTriSomOBenhLoXeMiCapDongLymphoTreEmTheoPhacDoFralle2000.md:8,NghienCuuMotSoBienDoiDiTruyenVaLienQuanToiKetQuaDieuTriSomOBenhLoXeMiCapDongLymphoTreEmTheoPhacDoFralle2000.md,8,230,DANH MỤC CÁC BẢNG Bảng 1.5. Tổng hợp vai trò của các yếu tố tiên lượng lơ xê mi cấp dòng Bảng 1.6. Chức năng của các nhóm gen bị đột biến trong lơ xê mi cấp dòng Bảng 3.9. Số lượng bạch cầu các nhóm lơ xê mi cấp dòng lympho B theo,{}
NghienCuuMotSoBienDoiDiTruyenVaLienQuanToiKetQuaDieuTriSomOBenhLoXeMiCapDongLymphoTreEmTheoPhacDoFralle2000.md:9,NghienCuuMotSoBienDoiDiTruyenVaLienQuanToiKetQuaDieuTriSomOBenhLoXeMiCapDongLymphoTreEmTheoPhacDoFralle2000.md,9,791,Bảng 3.11. Tỷ lệ phát hiện bất thường nhiễm sắc thể và một số đột biến dung hợp gen theo xếp loại miễn dịch các nhóm lơ xê mi cấp dòng Bảng 3.12. Tỷ lệ phát hiện đột biến dung hợp gen khảo sát theo xếp loại Bảng 3.13. Tỷ lệ xuất hiện dấu ấn CD10 ở các nhóm nguy cơ theo bất Bảng 3.14. Tỷ lệ xếp loại nguy cơ theo phác đồ FRALLE 2000 ở các nhóm Bảng 3.18. Đánh giá tồn dư tối thiểu của bệnh sau điều trị tấn công bằng Bảng 3.19. Tỷ lệ tái phát các nhóm nguy cơ ABT phác đồ FRALLE 2000 . 78 Bảng 3.23. Đáp ứng sau điều trị tấn công các nhóm nguy cơ theo biến đổi di Bảng 3.24. Đánh giá tồn dư tối thiểu của bệnh sau điều trị tấn công các nhóm Bảng 3.25. Tỷ lệ tái phát các nhóm nguy cơ theo biến đổi di truyền lơ xê mi Bảng 3.26. Kết quả phân tích mối liên quan đơn biến giữa một số yếu tố đến,{}
NghienCuuMotSoBienDoiDiTruyenVaLienQuanToiKetQuaDieuTriSomOBenhLoXeMiCapDongLymphoTreEmTheoPhacDoFralle2000.md:10,NghienCuuMotSoBienDoiDiTruyenVaLienQuanToiKetQuaDieuTriSomOBenhLoXeMiCapDongLymphoTreEmTheoPhacDoFralle2000.md,10,208,Bảng 3.27. Liên quan đa biến giữa một số yếu tố đến xác suất sống thêm Bảng 4.1. Phân bố theo xếp loại miễn dịch ALL trẻ em trong một số Bảng 4.2. So sánh tỷ lệ phát hiện đột biến dung hợp một số gen khảo sát,{}
NghienCuuMotSoBienDoiDiTruyenVaLienQuanToiKetQuaDieuTriSomOBenhLoXeMiCapDongLymphoTreEmTheoPhacDoFralle2000.md:11,NghienCuuMotSoBienDoiDiTruyenVaLienQuanToiKetQuaDieuTriSomOBenhLoXeMiCapDongLymphoTreEmTheoPhacDoFralle2000.md,11,824,DANH MỤC CÁC BIỂU ĐỒ Biểu đồ 3.4. Phân bố tuổi ở lơ xê mi cấp dòng lympho B theo nhóm nguy Biểu đồ 3.5. Một số đặc điểm lâm sàng ở các nhóm lơ xê mi cấp dòng lympho Biểu đồ 3.6. Đặc điểm phân bố số lượng bạch cầu lơ xê mi cấp dòng lympho B Biểu đồ 3.8. Đường biểu biễn xác suất sống thêm toàn bộ tại thời điểm 12 Biểu đồ 3.9. Đường biểu diễn xác suất sống thêm không sự kiện tại thời Biểu đồ 3.10. Đường biểu diễn xác suất sống thêm toàn bộ tại thời điểm 12 Biểu đồ 3.11. Đường biểu diễn xác suất sống thêm không sự kiện tại thời điểm Biểu đồ 3.12. Đường biểu diễn xác suất sống thêm toàn bộ tại thời điểm 12 Biểu đồ 3.13. Đường biểu diễn xác suất sống thêm không sự kiện tại thời điểm 12 Biểu đồ 3.14. Đường biểu diễn xác suất sống thêm toàn bộ tại thời điểm 12 tháng ở các nhóm nguy cơ theo biến đổi di truyền lơ xê mi cấp,{}
NghienCuuMotSoBienDoiDiTruyenVaLienQuanToiKetQuaDieuTriSomOBenhLoXeMiCapDongLymphoTreEmTheoPhacDoFralle2000.md:12,NghienCuuMotSoBienDoiDiTruyenVaLienQuanToiKetQuaDieuTriSomOBenhLoXeMiCapDongLymphoTreEmTheoPhacDoFralle2000.md,12,851,"Biểu đồ 3.15. Đường biểu diễn xác suất sống thêm không sự kiện tại thời điểm 12 tháng ở các nhóm nguy cơ theo biến đổi di truyền lơ Biểu đồ 3.16. Đường biểu diễn xác suất sống thêm toàn bộ tại thời điểm 12 tháng liên quan tới đột biến gen BCR-ABL1 trong phân nhóm Biểu đồ 3.17. Đường biểu diễn xác suất sống thêm không sự kiện tại thời điểm 12 tháng liên quan tới đột biến gen BCR-ABL1 trong Biểu đồ 3.18. Đường biểu diễn xác suất sống thêm toàn bộ tại thời điểm 12 tháng liên quan tới đột biến gen TEL-AML1 trong phân nhóm Biểu đồ 3.19. Đường biểu diễn xác suất sống thêm không sự kiện tại thời điểm 12 tháng liên quan tới đột biến gen TEL-AML1 trong

DANH MỤC CÁC SƠ ĐỒ Sơ đồ 1.1. Chia nhóm điều trị lơ xê mi cấp dòng lympho trẻ em theo phác đồ

DANH MỤC CÁC HÌNH Hình 1.1. Gen E2A trên NST số 19, PBX1 trên NST số 1 và cấu trúc đột biến

ĐẶT VẤN ĐỀ",{}
NghienCuuMotSoBienDoiDiTruyenVaLienQuanToiKetQuaDieuTriSomOBenhLoXeMiCapDongLymphoTreEmTheoPhacDoFralle2000.md:13,NghienCuuMotSoBienDoiDiTruyenVaLienQuanToiKetQuaDieuTriSomOBenhLoXeMiCapDongLymphoTreEmTheoPhacDoFralle2000.md,13,862,"Lơ xê mi cấp dòng lympho (Acute Lymphoblastic Leukemia - ALL) là bệnh lý tăng sinh ác tính của các tế bào dòng lympho của hệ thống tạo máu. ALL xảy ra với tỷ lệ mắc khoảng 1-1,5 trên 100.000 người [1]. Theo các thống kê trên thế giới cũng như ở Việt Nam, bệnh ALL là bệnh ác tính thường gặp nhất ở trẻ em, chiếm khoảng 80% của tất cả các bệnh lơ xê mi ở trẻ [2]. Theo thống kê tại Mỹ, mỗi năm có khoảng 6.000 bệnh nhân ALL mới, hơn một nửa trong số đó là trẻ em [1]. Lứa tuổi mắc bệnh nhiều nhất ở trẻ em là 4 - 5 tuổi, với tỷ lệ mắc khoảng 4-5 trên 100.000 trẻ [1]. Cùng với sự tiến bộ của phương pháp miễn dịch và các kỹ thuật di truyền – sinh học phân tử, việc chẩn đoán, điều trị và theo dõi đáp ứng ALL hiện nay có những bước tiến vượt bậc [3],[4],[5]. Xác định các biến đổi di truyền đặc trưng nhằm tiên lượng, xếp loại nguy cơ bệnh có vai trò đặc biệt [6]",{}
NghienCuuMotSoBienDoiDiTruyenVaLienQuanToiKetQuaDieuTriSomOBenhLoXeMiCapDongLymphoTreEmTheoPhacDoFralle2000.md:14,NghienCuuMotSoBienDoiDiTruyenVaLienQuanToiKetQuaDieuTriSomOBenhLoXeMiCapDongLymphoTreEmTheoPhacDoFralle2000.md,14,873,". Xác định các biến đổi di truyền đặc trưng nhằm tiên lượng, xếp loại nguy cơ bệnh có vai trò đặc biệt [6]. Các phác đồ điều trị ALL mà đặc biệt là ALL ở trẻ em được áp dụng hiện nay đều dựa trên các chia nhóm nguy cơ, trong đó xếp loại miễn dịch, xếp loại nguy cơ theo biến đổi di truyền là một trong những yếu tố quan trọng để lựa chọn phác đồ điều trị. Các phác đồ điều trị theo chia nhóm nguy cơ ngày càng chứng minh được hiệu quả. Xác suất sống thêm toàn bộ đã tăng lên đều đặn kể từ những năm đầu của thập niên 1960 đến nay, từ xấp xỉ 10% đã lên đến gần 80% trong các nghiên cứu [7]. Theo nghiên cứu của Hunger P Stephen và cộng sự, xác suất sống thêm 5 năm không bệnh ở trẻ em ALL tại Mỹ từ năm 2006-2009 thậm chí đã đạt được tỷ lệ lên đến trên 90% [1]. Nhiều nghiên cứu trên thế giới đã cho thấy, có những biến đổi di truyền đặc trưng cho dòng tế bào lympho B hay T",{}
NghienCuuMotSoBienDoiDiTruyenVaLienQuanToiKetQuaDieuTriSomOBenhLoXeMiCapDongLymphoTreEmTheoPhacDoFralle2000.md:15,NghienCuuMotSoBienDoiDiTruyenVaLienQuanToiKetQuaDieuTriSomOBenhLoXeMiCapDongLymphoTreEmTheoPhacDoFralle2000.md,15,249,". Nhiều nghiên cứu trên thế giới đã cho thấy, có những biến đổi di truyền đặc trưng cho dòng tế bào lympho B hay T. Điều này ảnh hưởng trực tiếp đến tiên lượng bệnh, đồng thời giúp xác định tồn dư tối thiểu của bệnh ngày càng chính xác [8],[9],[10].",{}
NghienCuuMotSoBienDoiDiTruyenVaLienQuanToiKetQuaDieuTriSomOBenhLoXeMiCapDongLymphoTreEmTheoPhacDoFralle2000.md:16,NghienCuuMotSoBienDoiDiTruyenVaLienQuanToiKetQuaDieuTriSomOBenhLoXeMiCapDongLymphoTreEmTheoPhacDoFralle2000.md,16,554,"Tại Việt Nam, nhiều nghiên cứu về ALL trẻ em đặc biệt các nghiên cứu về đánh giá kết quả điều trị đã được tiến hành cho thấy hiệu quả điều trị ALL ở trẻ em tại Việt Nam cũng ngày càng được nâng cao [11],[12],[13]. Một số nghiên cứu ứng dụng các kỹ thuật trong chẩn đoán và xác định tồn dư tối thiểu của bệnh ALL cũng đã góp phần nâng cao hiệu quả chẩn đoán và điều trị bệnh nhi [3],[4],[14]. Tuy nhiên, tại Việt Nam còn ít các nghiên cứu chuyên sâu về biến đổi di truyền các thể ALL trẻ em và mối liên quan của các biến đổi di truyền tới kết quả điều trị",{}
NghienCuuMotSoBienDoiDiTruyenVaLienQuanToiKetQuaDieuTriSomOBenhLoXeMiCapDongLymphoTreEmTheoPhacDoFralle2000.md:17,NghienCuuMotSoBienDoiDiTruyenVaLienQuanToiKetQuaDieuTriSomOBenhLoXeMiCapDongLymphoTreEmTheoPhacDoFralle2000.md,17,803,". Tuy nhiên, tại Việt Nam còn ít các nghiên cứu chuyên sâu về biến đổi di truyền các thể ALL trẻ em và mối liên quan của các biến đổi di truyền tới kết quả điều trị. Để góp phần tìm hiểu những đặc điểm sinh học, biến đổi di truyền ở trẻ mắc ALL tại Việt Nam, đánh giá hiệu quả phác đồ điều trị và mối liên quan với các biến đổi di truyền đặc trưng nhằm góp phần nâng cao hiệu quả điều trị, chúng tôi thực hiện đề tài: “Nghiên cứu một số biến đổi di truyền và liên quan tới kết quả điều trị sớm ở bệnh lơ xê mi cấp dòng lympho trẻ em theo phác đồ FRALLE 2000” với hai mục tiêu sau: 1. Xác định các bất thường nhiễm sắc thể và đột biến dung hợp một số gen liên quan đến bệnh lơ xê mi cấp dòng lympho trẻ em theo phác đồ FRALLE 2000 tại Viện Huyết học – Truyền máu Trung ương trong thời gian 2016 – 2019. 2",{}
NghienCuuMotSoBienDoiDiTruyenVaLienQuanToiKetQuaDieuTriSomOBenhLoXeMiCapDongLymphoTreEmTheoPhacDoFralle2000.md:18,NghienCuuMotSoBienDoiDiTruyenVaLienQuanToiKetQuaDieuTriSomOBenhLoXeMiCapDongLymphoTreEmTheoPhacDoFralle2000.md,18,251,". 2. Đánh giá kết quả điều trị sớm và mối liên quan với các bất thường nhiễm sắc thể, đột biến dung hợp một số gen ở trẻ mắc bệnh lơ xê mi cấp dòng lympho theo phác đồ FRALLE 2000 tại Viện Huyết học – Truyền máu Trung ương trong thời gian 2016 – 2019.",{}
NghienCuuMotSoBienDoiDiTruyenVaLienQuanToiKetQuaDieuTriSomOBenhLoXeMiCapDongLymphoTreEmTheoPhacDoFralle2000.md:19,NghienCuuMotSoBienDoiDiTruyenVaLienQuanToiKetQuaDieuTriSomOBenhLoXeMiCapDongLymphoTreEmTheoPhacDoFralle2000.md,19,27,CHƢƠNG 1 TỔNG QUAN TÀI LIỆU,{}
NghienCuuMotSoBienDoiDiTruyenVaLienQuanToiKetQuaDieuTriSomOBenhLoXeMiCapDongLymphoTreEmTheoPhacDoFralle2000.md:20,NghienCuuMotSoBienDoiDiTruyenVaLienQuanToiKetQuaDieuTriSomOBenhLoXeMiCapDongLymphoTreEmTheoPhacDoFralle2000.md,20,821,"1.1. BỆNH SINH LƠ XÊ MI CẤP DÒNG LYMPHO Các giả thuyết về bệnh sinh ALL chủ yếu tập trung vào hai yếu tố là biến đổi di truyền và môi trường sống. Cũng giống như các lơ xê mi (LXM) cấp khác, ALL phát sinh từ các đột biến di truyền của các tế bào tiền thân tế bào gốc tạo máu, tác động đến quá trình sinh trưởng và biệt hoá bình thường của các tế bào dòng lympho. Các tế bào tiền thân bị biến đổi này gọi là các tế bào khởi đầu LXM. Các tế bào tiền thân này cũng quy định loại tế bào định hướng phát triển theo dòng, đặc tính chức năng hay dấu ấn trên bề mặt các tế bào LXM. 1.1.1. Vai trò của biến đổi di truyền trong bệnh sinh lơ xê mi cấp dòng lympho trẻ em Quá trình phát triển của LXM cấp được kiểm soát thông qua hoạt động của các yếu tố phiên mã và lựa chọn thông qua chức năng của các con đường dẫn truyền tín hiệu",{}
NghienCuuMotSoBienDoiDiTruyenVaLienQuanToiKetQuaDieuTriSomOBenhLoXeMiCapDongLymphoTreEmTheoPhacDoFralle2000.md:21,NghienCuuMotSoBienDoiDiTruyenVaLienQuanToiKetQuaDieuTriSomOBenhLoXeMiCapDongLymphoTreEmTheoPhacDoFralle2000.md,21,863,". LXM cấp dòng lympho B hay T là bệnh lý ác tính đơn dòng lympho, phát sinh từ các bất thường di truyền làm ngừng quá trình biệt hoá của dòng lympho, làm cho các tế bào lympho bất thường tăng sinh và tồn tại. So sánh quá trình bệnh và hậu quả của ALL giữa quần thể người lớn và trẻ em càng cho thấy sự khác biệt giữa các nhóm sinh học, qua đó khẳng định vai trò của các biến đổi di truyền trong bệnh sinh ALL ở trẻ em [15], [16],[17]. Tuy nhiên, các biến đổi về di truyền này không đủ gây ra bệnh mà phải có sự tương tác với các yếu tố tác động từ môi trường. Có hơn 50 biến đổi ở các vùng ADN đã được xác định, trong đó chủ yếu là ảnh hưởng tới các gen trong quá trình phát triển bình thường của dòng lympho như: Các gen chi phối các yếu tố điều hoà phiên mã phát triển dòng lympho (PAX5, IKZF1, EBF1, LEF1), yếu tố ức chế khối u (CDKN2A, CDKN2B, RB1, TP53), các",{}
NghienCuuMotSoBienDoiDiTruyenVaLienQuanToiKetQuaDieuTriSomOBenhLoXeMiCapDongLymphoTreEmTheoPhacDoFralle2000.md:22,NghienCuuMotSoBienDoiDiTruyenVaLienQuanToiKetQuaDieuTriSomOBenhLoXeMiCapDongLymphoTreEmTheoPhacDoFralle2000.md,22,877,"gen tín hiệu dòng lympho (BTLA, CD200 TOX), các đồng yếu tố và điều hoà phiên mã (TBL1XR1, ERG), cũng như các yếu tố điều hoà cấu trúc chromatin và yếu tố di truyền ngoài gen (CTCF, CREBBP). LXM cấp dòng lympho T thì đặc trưng bởi hoạt hoá các đột biến NOTCH1 và cấu trúc lại của các yếu tố phiên mã TLX1 (HOX11), TLX3 (HOX11L2), LYL1, TAL1, và MLL. Giải trình tự hệ gen của nhiều dưới nhóm ALL chỉ ra sự thay đổi của nhiều con đường, bao gồm các thụ thể cytokine và con đường Ras, yếu tố ức chế khối u, điều hoà sinh trưởng phát triển dòng lympho [15],[17]. Nhiều nghiên cứu gần đây còn cho thấy vai trò của gen KIR (Killer cell immunoglobin-like receptors) và các HLA (Human leucocyte antigen) liên kết các gen này trong nguyên nhân gây ALL ở trẻ em. Một nghiên cứu ở Canada cho thấy cơ thể có chứa gen kích hoạt KIR có liên quan đến giảm nguy cơ phát triển ALL tế bào B [18]",{}
NghienCuuMotSoBienDoiDiTruyenVaLienQuanToiKetQuaDieuTriSomOBenhLoXeMiCapDongLymphoTreEmTheoPhacDoFralle2000.md:23,NghienCuuMotSoBienDoiDiTruyenVaLienQuanToiKetQuaDieuTriSomOBenhLoXeMiCapDongLymphoTreEmTheoPhacDoFralle2000.md,23,735,". Một nghiên cứu ở Canada cho thấy cơ thể có chứa gen kích hoạt KIR có liên quan đến giảm nguy cơ phát triển ALL tế bào B [18]. Cơ sở phân tử bệnh sinh ALL cũng có liên quan đến thay đổi quá trình điều hoà kiểm soát tăng sinh tạo máu, sự biệt hoá và quá trình chết theo chương trình của tế bào [17]. Bất thường có thể xuất hiện ở nhiều cơ chế như thay đổi các tín hiệu tế bào với các đột biến làm ảnh hưởng tới hoạt động của protein hoặc sự xuất hiện của các kinase đặc hiệu và các protein khác, trình diện nhầm gen tiền ung thư hoặc làm cho gen ức chế không hoạt động và biểu lộ các yếu tố phiên mã mới được mã hoá do chuyển đoạn NST. Chuyển đoạn NST thường liên quan đến các yếu tố phiên mã, kết quả xuất hiện một yếu tố phiên mã mới",{}
NghienCuuMotSoBienDoiDiTruyenVaLienQuanToiKetQuaDieuTriSomOBenhLoXeMiCapDongLymphoTreEmTheoPhacDoFralle2000.md:24,NghienCuuMotSoBienDoiDiTruyenVaLienQuanToiKetQuaDieuTriSomOBenhLoXeMiCapDongLymphoTreEmTheoPhacDoFralle2000.md,24,644,". Chuyển đoạn NST thường liên quan đến các yếu tố phiên mã, kết quả xuất hiện một yếu tố phiên mã mới. Những biến đổi di truyền khác thường gặp hơn trong ALL là những mất đoạn nhỏ, đột biến của ADN hoặc thay đổi hoá học của ADN (ví dụ sự methylamine) có thể gây ức chế gen ức chế khối u hoặc kích hoạt gen sinh ung thư. Điểm đột biến có thể là đột biến sai nghĩa (missense), đột biến vô nghĩa (nonsense) hoặc đột biến dịch khung (frame shift). Cũng giống như các bệnh lý ung thư khác, các đột biến gen gây ung thư (oncogen) trong ALL cũng có thể gây ảnh hưởng đến các con đường khác nhau trong quá trình phát sinh bệnh. Các sản phẩm của oncogen",{}
NghienCuuMotSoBienDoiDiTruyenVaLienQuanToiKetQuaDieuTriSomOBenhLoXeMiCapDongLymphoTreEmTheoPhacDoFralle2000.md:25,NghienCuuMotSoBienDoiDiTruyenVaLienQuanToiKetQuaDieuTriSomOBenhLoXeMiCapDongLymphoTreEmTheoPhacDoFralle2000.md,25,646,"liên quan đến bệnh sinh ALL có thể được xếp loại như mô tả dưới đây [15],[19],[20],[21]: - Các yếu tố phiên mã (transcription factors): Các yếu tố phiên mã cần tương tác với các protein khác để hoạt động, có thể ảnh hưởng đến biểu hiện của một số gen kiểm soát sự phân chia tế bào. - Chromatin tái tạo (chromatin remodeling): Đóng một vai trò quan trọng với mức độ nén của NST và do đó kiểm soát sự biểu hiện gen, nhân đôi và phân ly NST. - Các thụ thể yếu tố tăng trƣởng (Growth factor receptors): Tầm quan trọng của sự hình thành mạch và các đường dẫn tín hiệu liên quan đến sự hình thành mạch trong sự tăng trưởng của tế bào trong bệnh LXM cấp",{}
NghienCuuMotSoBienDoiDiTruyenVaLienQuanToiKetQuaDieuTriSomOBenhLoXeMiCapDongLymphoTreEmTheoPhacDoFralle2000.md:26,NghienCuuMotSoBienDoiDiTruyenVaLienQuanToiKetQuaDieuTriSomOBenhLoXeMiCapDongLymphoTreEmTheoPhacDoFralle2000.md,26,803,". - Tín hiệu gắn (Signal transducers): Gắn kết các receptor Tyrosine Kinase, với thụ thể phối tử thích hợp, dẫn đến sự tổ chức lại và tự phosphoryl hóa Tyrosine trong phần nội bào của các phân tử, điều này làm tăng hoạt động của các thụ thể hoặc tăng sự tương tác của thụ thể trong nội bào với các protein khác qua đó ảnh hưởng đến quá trình sinh trưởng, biệt hóa tế bào. - Các chất điều hòa quá trình chết theo chƣơng trình của tế bào (Regulators of apoptosis): Các chất điều hòa cuối cùng dẫn đến quá trình chết theo chương trình của tế bào, trong đó gen BCL2 mã hoá một protein nội bào được định vị trong ty thể và tăng sự sống còn của tế bào bằng cách ức chế quá trình chết theo chương trình của tế bào. 1.1.2. Vai trò của yếu tố môi trƣờng trong bệnh sinh lơ xê mi cấp - Tiếp xúc với bức xạ ion hóa",{}
NghienCuuMotSoBienDoiDiTruyenVaLienQuanToiKetQuaDieuTriSomOBenhLoXeMiCapDongLymphoTreEmTheoPhacDoFralle2000.md:27,NghienCuuMotSoBienDoiDiTruyenVaLienQuanToiKetQuaDieuTriSomOBenhLoXeMiCapDongLymphoTreEmTheoPhacDoFralle2000.md,27,290,"Bức xạ ion hóa có thể dẫn đến đột biến, xóa hoặc chuyển đổi ADN bằng cách gây ra đứt sợi đôi trong các tế bào gốc tạo máu theo cách phụ thuộc vào liều tác động. Tác dụng lên bạch cầu của bức xạ ion hóa từ lâu đã được xác định, chủ yếu là do tỷ lệ tăng của cả LXM cấp dòng tủy (acute myeloid",{}
NghienCuuMotSoBienDoiDiTruyenVaLienQuanToiKetQuaDieuTriSomOBenhLoXeMiCapDongLymphoTreEmTheoPhacDoFralle2000.md:28,NghienCuuMotSoBienDoiDiTruyenVaLienQuanToiKetQuaDieuTriSomOBenhLoXeMiCapDongLymphoTreEmTheoPhacDoFralle2000.md,28,844,"leukemia - AML) và ALL trong số những người sống sót từ vụ nổ bom nguyên tử và các chuyên gia X-quang đã tiếp xúc với mức bức xạ cao. Tương tự như vậy, bức xạ được sử dụng trong điều trị ung thư là yếu tố nguy cơ cho sự phát triển của bệnh LXM cấp [22],[23]. - Tiếp xúc với benzen Tiếp xúc với benzen được biết trong vài thập kỷ gần đây là làm tăng nguy cơ phát triển LXM cấp dòng tủy và rối loạn sinh tủy (MDS). Ngoài ra còn có mối liên hệ với sự phát triển của ALL, và ở nhiều nước, bệnh lý LXM cấp sau khi tiếp xúc với benzen trong công việc đã được công nhận là một bệnh nghề nghiệp [22]. - Lối sống Bên cạnh việc tiếp xúc với hóa chất, lối sống có thể ảnh hưởng đến nguy cơ phát triển LXM cấp. Trong khi các cơ chế sinh lý bệnh chưa được biết đến, các nhà khoa học đã chứng minh thừa cân và hút thuốc cũng làm tăng nguy cơ mắc bệnh LXM cấp",{}
NghienCuuMotSoBienDoiDiTruyenVaLienQuanToiKetQuaDieuTriSomOBenhLoXeMiCapDongLymphoTreEmTheoPhacDoFralle2000.md:29,NghienCuuMotSoBienDoiDiTruyenVaLienQuanToiKetQuaDieuTriSomOBenhLoXeMiCapDongLymphoTreEmTheoPhacDoFralle2000.md,29,829,". Trong khi các cơ chế sinh lý bệnh chưa được biết đến, các nhà khoa học đã chứng minh thừa cân và hút thuốc cũng làm tăng nguy cơ mắc bệnh LXM cấp. Không có bằng chứng rõ ràng về vai trò của việc uống rượu ở người lớn, nhưng việc uống rượu của cha mẹ có thể làm tăng nguy cơ phát triển bệnh LXM cấp ở trẻ em. - Điều trị hóa trị trƣớc đó Các tác nhân gây độc tế bào thường được sử dụng trong điều trị các bệnh ác tính có liên quan đến phát sinh ALL, đặc biệt là các tác nhân alkyl hóa (ví dụ: melphalan, busulfan, cyclophosphamide, carbo- và cisplatin) và chất ức chế topoisomerase II (ví dụ, etoposide và doxorubicin). - Virus Nhiễm virus có liên quan đến bệnh sinh ALL, ví dụ bệnh LXM cấp tế bào T người lớn (do loại virus T-lymphotropic người I (HTLV-I)) và u lympho/lơ xê mi Burkitt, có liên quan với virus Epstein Barr (EBV)",{}
NghienCuuMotSoBienDoiDiTruyenVaLienQuanToiKetQuaDieuTriSomOBenhLoXeMiCapDongLymphoTreEmTheoPhacDoFralle2000.md:30,NghienCuuMotSoBienDoiDiTruyenVaLienQuanToiKetQuaDieuTriSomOBenhLoXeMiCapDongLymphoTreEmTheoPhacDoFralle2000.md,30,136,". Như vậy, thông qua nhiều cơ chế khác nhau, rõ ràng biến đổi di truyền cùng với các yếu tố môi trường là cơ sở phát sinh bệnh ALL [24].",{}
NghienCuuMotSoBienDoiDiTruyenVaLienQuanToiKetQuaDieuTriSomOBenhLoXeMiCapDongLymphoTreEmTheoPhacDoFralle2000.md:31,NghienCuuMotSoBienDoiDiTruyenVaLienQuanToiKetQuaDieuTriSomOBenhLoXeMiCapDongLymphoTreEmTheoPhacDoFralle2000.md,31,817,"1.2. TỔNG QUAN VỀ LƠ XÊ MI CẤP DÒNG LYMPHO TRẺ EM 1.2.1. Dịch tễ học Theo thống kê trên thế giới cũng như ở Viẹ t Nam, ALL là bẹ nh ung thư hay gạ p nhất ở trẻ em. Sự xuất hiẹ n của bẹ nh được mô tả lần đầu ở nước Anh vào những na m 1920, tiếp sau đó là ở Mỹ vào những na m 1940 và ở Nhạ t Bản vào những na m 1960. Sự xuất hiẹ n của bẹ nh vào những mốc thời gian trên là những thời gian tưo ng ứng với những giai đoạn phát triển công nghiẹ p hóa của những nước này gợi ý sự xuất hiẹ n của những yếu tố môi trường mới gây ung thư máu [25]. Tỷ lẹ mắc hàng na m của ALL trẻ em trên toàn thế giới khoảng 1 đến 4 ca/100.000 trẻ dưới 15 tuổi, tỷ lẹ mắc mới của ALL gạ p nhiều nhất ở lứa tuổi từ 2 - 5 tuổi, gạ p ở trẻ nam nhiều ho n trẻ nữ, đạ c biẹ t ở lứa tuổi dạ y thì [1],[26]. ALL gạ p ở trẻ da trắng nhiều ho n da đen",{}
NghienCuuMotSoBienDoiDiTruyenVaLienQuanToiKetQuaDieuTriSomOBenhLoXeMiCapDongLymphoTreEmTheoPhacDoFralle2000.md:32,NghienCuuMotSoBienDoiDiTruyenVaLienQuanToiKetQuaDieuTriSomOBenhLoXeMiCapDongLymphoTreEmTheoPhacDoFralle2000.md,32,873,". ALL gạ p ở trẻ da trắng nhiều ho n da đen. Bẹ nh ALL thường phổ biến ho n ở Trung Quốc, Ấn Độ tuy nhiên vẫn còn ít ho n ở các nước công nghiẹ p phưo ng Tây [27]. các vùng địa lý khác nhau người ta thấy các kiểu hình miễn dịch của ALL khác nhau, ở các nước đang phát triển chủ yếu gạ p ALL tế bào B trong khi ở các nước công nghiẹ p thì lại gạ p tỷ lẹ ALL tế bào T nhiều ho n, điều này cho thấy trẻ ở các nước công nghiẹ p pho i nhiễm với yếu tố gây ALL nhiều ho n [28],[29],[30]. Tại Bệnh viện Nhi Trung ương, theo Nguyễn Công Khanh, bẹ nh ALL chiếm 45,2% các bẹ nh ung thư trẻ em, mỗi na m có khoảng 170 bẹ nh nhi mới vào viẹ n và tỷ lẹ bẹ nh ALL chiếm 67,5% [31]. Nghiên cứu của tác giả Mai Lan năm 2016 tại Viện Huyết học – Truyền máu Trung ương, ALL là bệnh lý phổ biến nhất trong các bệnh máu ác tính ở trẻ em [32]. 1.2.2. Chẩn đoán lơ xê mi cấp dòng lympho trẻ em a",{}
NghienCuuMotSoBienDoiDiTruyenVaLienQuanToiKetQuaDieuTriSomOBenhLoXeMiCapDongLymphoTreEmTheoPhacDoFralle2000.md:33,NghienCuuMotSoBienDoiDiTruyenVaLienQuanToiKetQuaDieuTriSomOBenhLoXeMiCapDongLymphoTreEmTheoPhacDoFralle2000.md,33,264,". 1.2.2. Chẩn đoán lơ xê mi cấp dòng lympho trẻ em a. Triệu chứng lâm sàng Đặc điểm nổi bật của các triệu chứng lâm sàng trong ALL ở trẻ em giai đoạn điển hình là triệu chứng của lấn át các tế bào trong tuỷ xương và các triệu chứng thâm nhiễm [33],[34], biểu hiện:",{}
NghienCuuMotSoBienDoiDiTruyenVaLienQuanToiKetQuaDieuTriSomOBenhLoXeMiCapDongLymphoTreEmTheoPhacDoFralle2000.md:34,NghienCuuMotSoBienDoiDiTruyenVaLienQuanToiKetQuaDieuTriSomOBenhLoXeMiCapDongLymphoTreEmTheoPhacDoFralle2000.md,34,844,"- Triệu chứng toàn thân: + Mệt mỏi, gầy sút cân, chán ăn. + Sốt: thường gặp sốt thất thường, kém đáp ứng với điều trị kháng sinh. + Thiếu máu từ nhẹ đến nặng, do nguyên bào lympho lấn át dòng hồng cầu, hoặc do xuất huyết. + Xuất huyết: Xuất huyết dưới da, niêm mạc, đa hình thái hoặc chảy máu mũi, chân răng, võng mạc hoặc đôi khi gặp chảy máu tiêu hoá, nội sọ, phổi. + Nhiễm khuẩn do hậu quả giảm bạch cầu trung tính. - Triệu chứng thâm nhiễm: + Hạch to khu trú hoặc toàn thân. Có thể là ngoại vi, trung thất trên hoặc mạc treo ổ bụng. U trung thất gặp trong 10% bệnh nhi. + Lách to, từ nhẹ đến vừa. + Gan to, mức độ nhẹ đến vừa. + Biểu hiện ở xương gặp ở 1/3 bệnh nhi, nhất là trẻ nhỏ do thâm nhiễm nguyên bào lympho vào màng xương, xương, khớp, hoặc khoang tủy. Biểu hiện sớm như đi khập khiễng, không chịu đi bộ, đau khớp, đau các xương dài",{}
NghienCuuMotSoBienDoiDiTruyenVaLienQuanToiKetQuaDieuTriSomOBenhLoXeMiCapDongLymphoTreEmTheoPhacDoFralle2000.md:35,NghienCuuMotSoBienDoiDiTruyenVaLienQuanToiKetQuaDieuTriSomOBenhLoXeMiCapDongLymphoTreEmTheoPhacDoFralle2000.md,35,534,". Biểu hiện sớm như đi khập khiễng, không chịu đi bộ, đau khớp, đau các xương dài. + Thần kinh trung ương (TKTW): đau đầu, nôn và buồn nôn, li bì hoặc kích thích, cứng gáy, phù gai thị, liệt thần kinh sọ. + Hệ sinh dục - tiết niệu: ít gặp, tinh hoàn to, đau. + Đường tiêu hóa: ít gặp, có thể gặp thâm nhiễm đại tràng gây hội chứng giống thương hàn, hoặc hoại tử và chảy máu thành ruột như viêm ruột. b. Triệu chứng xét nghiệm - Huyết đồ: + Bạch cầu: Số lượng tăng, bình thường hoặc giảm, có thể gặp tế bào non (blast) ra máu ngoại vi;",{}
NghienCuuMotSoBienDoiDiTruyenVaLienQuanToiKetQuaDieuTriSomOBenhLoXeMiCapDongLymphoTreEmTheoPhacDoFralle2000.md:36,NghienCuuMotSoBienDoiDiTruyenVaLienQuanToiKetQuaDieuTriSomOBenhLoXeMiCapDongLymphoTreEmTheoPhacDoFralle2000.md,36,887,"+ Huyết sắc tố: Thường giảm, mức độ từ nhẹ đến nặng; + Tiểu cầu: Thường giảm hoặc có thể bình thường. - Tủy đồ: Tỷ lệ tế bào non ác tính (blast) dòng lympho trong tủy ≥ 20% tế bào có nhân trong tuỷ. Mẫu tiểu cầu giảm. + Hóa học tế bào: PAS (+), Soudan - black (-), Peroxydase (-). - Miễn dịch tế bào: + Dấu ấn tế bào non: CD34, HLA-DR, TdT; + Dấu ấn dòng lympho B (CD19, CD79a, CD10, CD20…), dòng lympho T (CD3, CD7, CyCD3, CD2, CD5…). - Di truyền tế bào và sinh học phân tử: Một số đột biến có ý nghĩa tiên lượng trong lơ xê mi cấp dòng lympho (được trình bày ở phần sau). c. Chẩn đoán xác định - Chẩn đoán ALL dựa trên các tiêu chuẩn lâm sàng, hình thái học, nhuộm hoá học tế bào, xếp loại miễn dịch và các biến đổi di truyền đặc trưng của dòng lympho. Chẩn đoán xác định khi nguyên bào lympho (NBLP) chiếm trên 20% tế bào có nhân trong tuỷ, mang dấu ấn miễn dịch đặc trưng dòng lympho",{}
NghienCuuMotSoBienDoiDiTruyenVaLienQuanToiKetQuaDieuTriSomOBenhLoXeMiCapDongLymphoTreEmTheoPhacDoFralle2000.md:37,NghienCuuMotSoBienDoiDiTruyenVaLienQuanToiKetQuaDieuTriSomOBenhLoXeMiCapDongLymphoTreEmTheoPhacDoFralle2000.md,37,539,". Chẩn đoán xác định khi nguyên bào lympho (NBLP) chiếm trên 20% tế bào có nhân trong tuỷ, mang dấu ấn miễn dịch đặc trưng dòng lympho. - Một số phác đồ điều trị trên thế giới lấy ngưỡng NBLP để chẩn đoán và điều trị ALL trẻ em là NBLP chiếm trên 25% tế bào có nhân trong tuỷ (Phác đồ BFM-ALL, phác đồ CCG, POG…) [13]. 1.2.3. Xếp loại lơ xê mi cấp dòng lympho ở trẻ em a. Xếp loại theo FAB 1986 Xếp loại ALL theo FAB (French-America-British) chủ yếu dựa trên đặc điểm hình thái học nguyên bào lympho và được chia thành ba thể như sau [35]:",{}
NghienCuuMotSoBienDoiDiTruyenVaLienQuanToiKetQuaDieuTriSomOBenhLoXeMiCapDongLymphoTreEmTheoPhacDoFralle2000.md:38,NghienCuuMotSoBienDoiDiTruyenVaLienQuanToiKetQuaDieuTriSomOBenhLoXeMiCapDongLymphoTreEmTheoPhacDoFralle2000.md,38,540,"Bảng 1.1. Xếp loại lơ xê mi cấp dòng lympho theo FAB 1986 Hình thái TB L1 L2 L3 Kích thước Nhỏ chiếm đa số Lớn, không đều TB lớn, không đều Chất nhiễm sắc Đồng nhất, mịn Không đồng nhất Mịn và đồng nhất Hình dạng nhân Đều đặn, đôi khi có rãnh, khía Không đều, thường có rãnh, khía Đều đặn hình bầu dục hoặc tròn Hạt nhân Không thấy hoặc nhỏ Một hay nhiều hạt nhân to Một hay nhiều hạt nhân hình túi Tỷ lệ nhân/NSC Thấp Khá cao, thay đổi Cao Độ kiềm NSC Thay đổi Vừa hoặc đậm Rất đậm Không bào Thường không có Thường không có Hốc to và nhiều",{}
NghienCuuMotSoBienDoiDiTruyenVaLienQuanToiKetQuaDieuTriSomOBenhLoXeMiCapDongLymphoTreEmTheoPhacDoFralle2000.md:39,NghienCuuMotSoBienDoiDiTruyenVaLienQuanToiKetQuaDieuTriSomOBenhLoXeMiCapDongLymphoTreEmTheoPhacDoFralle2000.md,39,643,"b. Xếp loại theo WHO Theo bảng xếp loại của WHO, ALL được xếp loại dựa trên các tiêu chí: đặc điểm tế bào, miễn dịch và bất thường vật chất di truyền ở mức độ NST và gen. Năm 2001, WHO đưa ra xếp loại ALL trong khuôn khổ Bảng xếp loại bệnh lý ác tính dòng lympho (bao gồm LXM cấp, LXM kinh dòng lympho và u lympho ác tính). Bảng xếp loại này được cập nhật năm 2008 và gần đây nhất là năm 2016, ngày càng chú trọng đến vai trò của các biến đổi di truyền. Đặc biệt, phân nhóm LXM cấp dòng lympho B (B-ALL) có các dưới nhóm được xếp loại theo các tổn thương di truyền tái diễn. Xếp loại LXM cấp dòng lympho theo WHO 2016 được mô tả dưới đây [36]:",{}
NghienCuuMotSoBienDoiDiTruyenVaLienQuanToiKetQuaDieuTriSomOBenhLoXeMiCapDongLymphoTreEmTheoPhacDoFralle2000.md:40,NghienCuuMotSoBienDoiDiTruyenVaLienQuanToiKetQuaDieuTriSomOBenhLoXeMiCapDongLymphoTreEmTheoPhacDoFralle2000.md,40,888,"Bảng 1.2. Xếp loại lơ xê mi cấp dòng lympho theo WHO 2016 LXM cấp/u lympho tế bào B LXM cấp/u lympho tế bào T LXM cấp/ u lympho tế bào B, không xếp loại Lơ xê mi cấp tế bào T sớm LXM cấp/ u lympho tế bào B với bất thường di truyền tái diễn: - LXM cấp/ u lympho tế bào B với trên lưỡng bội NST; - LXM cấp/ u lympho tế bào B với dưới lưỡng bội NST; - LXM cấp/ u lympho tế bào B với chuyển đoạn t(9;22)(q34.1;q11.2) tạo gen lai BCR-ABL1; - LXM cấp/ u lympho tế bào B với chuyển đoạn t(v;11q23.3): cấu trúc lại gen MLL; - LXM cấp/ u lympho tế bào B với t(12;21)(p13.2;q22.1) tạo gen lai TEL-AML1; - LXM cấp/ u lympho tế bào B với t(5;14)(q31.1;q32.3) tạo gen lai IL3-IGH; - LXM cấp/ u lympho tế bào B với t(1;19)(q23;p13.3) tạo gen lai E2A-PBX1; - LXM cấp/ u lympho tế bào B với đột biến gen BCR-ABL1–like; - LXM cấp/ u lympho tế bào B với đột biến gen iAMP21. Lơ xê mi cấp/u lympho tế bào NK",{}
NghienCuuMotSoBienDoiDiTruyenVaLienQuanToiKetQuaDieuTriSomOBenhLoXeMiCapDongLymphoTreEmTheoPhacDoFralle2000.md:41,NghienCuuMotSoBienDoiDiTruyenVaLienQuanToiKetQuaDieuTriSomOBenhLoXeMiCapDongLymphoTreEmTheoPhacDoFralle2000.md,41,730,"c. Xếp loại theo dấu ấn miễn dịch Xếp loại ALL trẻ em theo kiểu hình miễn dịch có ý nghĩa rất quan trọng trong điều trị và tiên lượng. Các tiêu chuẩn xếp loại ALL theo kiểu hình miễn dịch và xếp loại dưới nhóm ALL tế bào B hay T được xác định bằng hệ thống cho điểm của nhóm EGIL (Châu Âu) [37],[38].

Bảng 1.3. Xếp loại miễn dịch dƣới nhóm lơ xê mi cấp dòng lympho B Dòng B (CD19++, và/hoặc CD79a++, và/hoặc CD22+) B sớm HLA-DR+; TdT+; CD19++; CD10-, CyIg- B chung HLA-DR+; TdT+; CD19++; CD10++ Tiền B HLA-DR+; TdT+; CD19++; CD10++; CD20+; cyIgM++ B trưởng thành HLA-DR+; CD19++; CD10+/-; CD20++; sIgM++. CD34 và TdT thường âm tính.

Bảng 1.4. Xếp loại miễn dịch dƣới nhóm lơ xê mi cấp dòng lympho T Dòng T (CyCD3+ và/ hoặc CD3+)",{}
NghienCuuMotSoBienDoiDiTruyenVaLienQuanToiKetQuaDieuTriSomOBenhLoXeMiCapDongLymphoTreEmTheoPhacDoFralle2000.md:42,NghienCuuMotSoBienDoiDiTruyenVaLienQuanToiKetQuaDieuTriSomOBenhLoXeMiCapDongLymphoTreEmTheoPhacDoFralle2000.md,42,771,"Bảng 1.4. Xếp loại miễn dịch dƣới nhóm lơ xê mi cấp dòng lympho T Dòng T (CyCD3+ và/ hoặc CD3+)

T sớm CD2-, CD7+, CD4-, CD8- T trung gian Tiền T CD2+, CD7+, CD4-, CD8- T ở tuyến ức CD7+, CD2+, CD5+, CD4+, CD8+, CD1a+ T trưởng thành CD3+, CD2+, CD7+, CD4+ hoặc CD8+, TdT/CD34/CD1a-

Ghi chú: - :< 10%, +/- : 10-25%, + : 25-75%, ++ : > 75% quần thể tế bào non ác tính dương tính.

d. Xếp loại theo nhóm nguy cơ Xếp loại theo nhóm nguy cơ tái phát lần đầu tiên được đưa ra tại Roma (1986) dựa vào tiêu chuẩn lâm sàng cơ bản là tuổi và số lượng bạch cầu tại thời điểm chẩn đoán. Tiêu chuẩn này đã được xem xét lại tại hội thảo của Viện Ung thư Quốc gia Hoa Kỳ - National Cancer Institute, NCI (1996). Tùy theo các nhóm nghiên cứu khác nhau mà ALL được chia ra 2 nhóm nguy cơ",{}
NghienCuuMotSoBienDoiDiTruyenVaLienQuanToiKetQuaDieuTriSomOBenhLoXeMiCapDongLymphoTreEmTheoPhacDoFralle2000.md:43,NghienCuuMotSoBienDoiDiTruyenVaLienQuanToiKetQuaDieuTriSomOBenhLoXeMiCapDongLymphoTreEmTheoPhacDoFralle2000.md,43,762,"(không cao và cao) hoặc 3 nhóm nguy cơ (không cao, trung bình và cao) hoặc 4 nhóm nguy cơ (nguy cơ thấp - low risk, nguy cơ tiêu chuẩn - standard risk, nguy cơ cao - high risk và nguy cơ rất cao - very high risk) [39],[40],[41]. Hai tiêu chuẩn chính được các nhóm nghiên cứu áp dụng là tuổi và số lượng bạch cầu. Ngoài ra, mỗi nhóm nghiên cứu khi đưa ra phác đồ điều trị đều có tiêu chuẩn chia nhóm nguy cơ riêng. Ngoài tuổi và số lượng bạch cầu, nhiều yếu tố tiên lượng khác đã được xem xét và đưa vào tiêu chuẩn xếp loại theo nhóm nguy cơ, đặc biệt là biến đổi di truyền, kiểu hình miễn dịch, đáp ứng sớm với điều trị cảm ứng, tồn dư tối thiểu của bệnh sau điều trị tấn công, giới tính, tình trạng thâm nhiễm hệ thần kinh trung ương (CNS), thâm nhiễm tinh hoàn",{}
NghienCuuMotSoBienDoiDiTruyenVaLienQuanToiKetQuaDieuTriSomOBenhLoXeMiCapDongLymphoTreEmTheoPhacDoFralle2000.md:44,NghienCuuMotSoBienDoiDiTruyenVaLienQuanToiKetQuaDieuTriSomOBenhLoXeMiCapDongLymphoTreEmTheoPhacDoFralle2000.md,44,791,". Xếp loại theo nhóm nguy cơ trong ALL trẻ em là xếp loại được áp dụng chủ yếu hiện nay do liên quan trực tiếp đến việc lựa chọn phác đồ điều trị. 1.2.4. Nguyên tắc và các phƣơng pháp điều trị a. Nguyên tắc điều trị: Mục tiêu điều trị LXM cấp nói chung và ALL ở trẻ em là làm lui bệnh tới khỏi bệnh, gồm: - Làm lui các biểu hiện lâm sàng và huyết học; - Duy trì tình trạng lui bệnh bằng hóa trị liệu hệ thống và điều trị dự phòng thâm nhiễm thần kinh trung ương; - Điều trị hỗ trợ: giảm độc tính của hóa chất: chống thiếu máu, xuất huyết, nhiễm trùng; - Điều trị các biến chứng của bệnh và biến chứng do điều trị, chú trọng đến tăng chất lượng cuộc sống của trẻ. b. Các phương pháp điều trị - Điều trị hóa chất Điều trị hóa chất là phương pháp điều trị tiên phong và chủ yếu trong ALL trẻ em",{}
NghienCuuMotSoBienDoiDiTruyenVaLienQuanToiKetQuaDieuTriSomOBenhLoXeMiCapDongLymphoTreEmTheoPhacDoFralle2000.md:45,NghienCuuMotSoBienDoiDiTruyenVaLienQuanToiKetQuaDieuTriSomOBenhLoXeMiCapDongLymphoTreEmTheoPhacDoFralle2000.md,45,274,". b. Các phương pháp điều trị - Điều trị hóa chất Điều trị hóa chất là phương pháp điều trị tiên phong và chủ yếu trong ALL trẻ em. Có nhiều phác đồ điều trị, song tất cả các phác đồ đều bao gồm 4 giai đoạn với các mục đích khác nhau: (1) điều trị cảm ứng kéo dài 4 - 5 tuần",{}
NghienCuuMotSoBienDoiDiTruyenVaLienQuanToiKetQuaDieuTriSomOBenhLoXeMiCapDongLymphoTreEmTheoPhacDoFralle2000.md:46,NghienCuuMotSoBienDoiDiTruyenVaLienQuanToiKetQuaDieuTriSomOBenhLoXeMiCapDongLymphoTreEmTheoPhacDoFralle2000.md,46,844,"để đạt lui bệnh, (2) điều trị củng cố để tăng cường lui bệnh hoặc giảm tồn dư tối thiểu của bệnh, (3) điều trị dự phòng bệnh lý ALL ở hệ thống thần kinh trung ương, và (4) điều trị duy trì để kéo dài tình trạng lui bệnh, giảm tái phát. Nguyên tắc điều trị đa hoá trị liệu là [42]: + Điều trị cá thể hoá: Dựa trên xếp loại nhóm nguy cơ của từng bệnh nhi cụ thể để lựa chọn phác đồ điều trị thích hợp; + Theo dõi đáp ứng điều trị và tồn dư tối thiểu của bệnh; + Hoá trị tăng cường sau khi đạt được lui bệnh sau điều trị tấn công; + Điều trị dự phòng thâm nhiễm thần kinh trung ương; + Có khoảng thời gian điều trị hợp lý; + Có kế hoạch ghép tế bào gốc tạo máu trên những bệnh nhi có chỉ định. - Ghép tế bào gốc tạo máu Trong khoảng hơn 60 năm qua, điều trị ALL trẻ em đã đạt được nhiều thành công, chất lượng điều trị đã có những cải thiện rõ rệt",{}
NghienCuuMotSoBienDoiDiTruyenVaLienQuanToiKetQuaDieuTriSomOBenhLoXeMiCapDongLymphoTreEmTheoPhacDoFralle2000.md:47,NghienCuuMotSoBienDoiDiTruyenVaLienQuanToiKetQuaDieuTriSomOBenhLoXeMiCapDongLymphoTreEmTheoPhacDoFralle2000.md,47,853,". - Ghép tế bào gốc tạo máu Trong khoảng hơn 60 năm qua, điều trị ALL trẻ em đã đạt được nhiều thành công, chất lượng điều trị đã có những cải thiện rõ rệt. Hầu hết bệnh nhi ngày nay được điều trị thành công, đạt được tình trạng lui bệnh mà không cần sử dụng đến phương pháp ghép tế bào gốc tạo máu. Ghép tế bào gốc tạo máu được đặt ra với nhóm bệnh nhi nguy cơ cao, hoặc không đạt được tình trạng lui bệnh (kháng hoá trị), hoặc tái phát, đặc biệt tái phát sớm sau khi hoàn thành hóa trị liệu [23]. - Điều trị nhắm đích và hƣớng điều trị trong tƣơng lai Điều trị hóa chất có nhược điểm chung, đó là cùng một lúc làm tổn thương cả tế bào ác tính và tế bào lành, dẫn đến một số hạn chế trong hiệu quả điều trị và khả năng phục hồi sau điều trị. Từ nhiều năm nay, các nhà khoa học đã tiến hành nhiều nghiên cứu để tìm ra các loại thuốc đặc hiệu có tác dụng",{}
NghienCuuMotSoBienDoiDiTruyenVaLienQuanToiKetQuaDieuTriSomOBenhLoXeMiCapDongLymphoTreEmTheoPhacDoFralle2000.md:48,NghienCuuMotSoBienDoiDiTruyenVaLienQuanToiKetQuaDieuTriSomOBenhLoXeMiCapDongLymphoTreEmTheoPhacDoFralle2000.md,48,706,"chọn lọc trên tế bào ác tính, hoặc trên một số phân tử đặc hiệu có tính quyết định trong cơ chế bệnh sinh của bệnh, gọi là điều trị nhắm đích (targeted therapies) [43]. Một bước tiến quan trọng trong điều trị ALL là hiệu quả của điều trị nhắm đích bằng liệu pháp phân tử, tấn công vào các bản dịch mã đặc hiệu, như phân tử protein lai BCR-ABL1 bởi các thuốc ức chế Tyrosine Kinase (Imatinib, Dasatinib…). Liệu pháp kháng thể đơn dòng đặc hiệu (kháng thể kháng CD19, CD22, CD20) như Epratuzumab, Inotuzumab ozogamicin, rituximab, Ofatumumab, Obinutuzumab, Coltuximab ravtansine cũng đang được nghiên cứu điều trị kết hợp cùng các phác đồ hóa trị liệu hoặc điều trị đơn độc sau khi kết thúc hóa trị liệu [44]",{}
NghienCuuMotSoBienDoiDiTruyenVaLienQuanToiKetQuaDieuTriSomOBenhLoXeMiCapDongLymphoTreEmTheoPhacDoFralle2000.md:49,NghienCuuMotSoBienDoiDiTruyenVaLienQuanToiKetQuaDieuTriSomOBenhLoXeMiCapDongLymphoTreEmTheoPhacDoFralle2000.md,49,796,". Ngoài ra, các thuốc ức chế Proteasome (Bortezomib), thuốc ức chế JAK (Ruxolitinib), thuốc làm giảm quá trình Methyl hoá (Decitabine), thuốc ức chế PI3K/mTOR cũng đang bắt đầu với các thử nghiệm lâm sàng pha 2, pha 3. Liệu pháp miễn dịch tế bào CAR – Ts (Chemeric Antigen Receptor T cells) cũng là một trong các liệu pháp đang được lựa chọn sử dụng cho các bệnh nhi kháng trị/tái phát [43], [44]. 1.2.5. Một số yếu tố tiên lƣợng lơ xê mi cấp dòng lympho trẻ em Trong hơn nửa thập kỷ vừa qua, để nâng cao hiệu quả điều trị bệnh ALL, rất nhiều nhóm nghiên cứu ung thư trẻ em trên thế giới đã tiến hành một loạt các thử nghiệm lâm sàng. Từ các thử nghiệm lâm sàng đó, dựa trên phân tích ảnh hưởng của các yếu tố đến kết quả điều trị, các nhà khoa học đã rút ra được các yếu tố có ý nghĩa tiên lượng",{}
NghienCuuMotSoBienDoiDiTruyenVaLienQuanToiKetQuaDieuTriSomOBenhLoXeMiCapDongLymphoTreEmTheoPhacDoFralle2000.md:50,NghienCuuMotSoBienDoiDiTruyenVaLienQuanToiKetQuaDieuTriSomOBenhLoXeMiCapDongLymphoTreEmTheoPhacDoFralle2000.md,50,381,". Từ các thử nghiệm lâm sàng đó, dựa trên phân tích ảnh hưởng của các yếu tố đến kết quả điều trị, các nhà khoa học đã rút ra được các yếu tố có ý nghĩa tiên lượng. Các yếu tố tiên lượng hiện đang được áp dụng bởi hầu hết các nhóm thử nghiệm lâm sàng trong thiết kế và thực hiện phác đồ điều trị phân tầng nguy cơ cho trẻ em mới được chẩn đoán ALL được tóm tắt trong bảng 1.5 [45].",{}
NghienCuuMotSoBienDoiDiTruyenVaLienQuanToiKetQuaDieuTriSomOBenhLoXeMiCapDongLymphoTreEmTheoPhacDoFralle2000.md:51,NghienCuuMotSoBienDoiDiTruyenVaLienQuanToiKetQuaDieuTriSomOBenhLoXeMiCapDongLymphoTreEmTheoPhacDoFralle2000.md,51,877,"Bảng 1.5. Tổng hợp vai trò của các yếu tố tiên lƣợng lơ xê mi cấp dòng lympho trẻ em của các nhóm nghiên cứu Nhóm Yếu tố BFM COG DCOG DFCI FRALLE St. Jude TPOG Tuổi Không Có Không Có Có Có Có Số lượng bạch cầu Không Có Không Có Có Có Có Kiểu hình miễn dịch Có Có Không Có Có Có Có Giới Không Có Không Không Không Không Có Tình trạng thâm nhiễm TKTW Có Có Không Có Có Có Có Đáp ứng huyết học sớm Có Có Có Không Có Không Có MRD Có Có Có Có Có Có Có TEL-AML1 Có Có Không Không Không Có Có Trên lưỡng bội NST Không Có Không Không Không Có Có Dưới lưỡng bội NST Có Có Có Có Có Có Có Ph (+) Có Có Có Có Có Có Có Cấu trúc lại gen MLL Có Có Có Có Có Có Có t(1;19) Không Không Không Không Không Có Có iAMP21 Không Không Không Không Có Không Không Thâm nhiễm tinh hoàn Không Có Không Không Không Có Có

1.3. MỘT SỐ BIẾN ĐỔI DI TRUYỀN LƠ XÊ MI CẤP DÒNG LYMPHO TRẺ EM VÀ GIÁ TRỊ TIÊN LƢỢNG",{}
NghienCuuMotSoBienDoiDiTruyenVaLienQuanToiKetQuaDieuTriSomOBenhLoXeMiCapDongLymphoTreEmTheoPhacDoFralle2000.md:52,NghienCuuMotSoBienDoiDiTruyenVaLienQuanToiKetQuaDieuTriSomOBenhLoXeMiCapDongLymphoTreEmTheoPhacDoFralle2000.md,52,723,"1.3. MỘT SỐ BIẾN ĐỔI DI TRUYỀN LƠ XÊ MI CẤP DÒNG LYMPHO TRẺ EM VÀ GIÁ TRỊ TIÊN LƢỢNG

Mối liên quan giữa tiên lượng và bất thường nhiễm sắc thể trong ALL tại thời điểm chẩn đoán được mô tả lần đầu tiên bởi Secker-Walker (1978). Kể từ đó các bất thường di truyền đã được coi như yếu tố tiên lượng hàng đầu trong ALL. Các nghiên cứu sau này cho thấy, bất thường di truyền trong ALL được phát hiện ở 75-80% các trường hợp [41],[46],[47],[48]. Các biến đổi này có ý nghĩa đặc biệt quan trọng trong tiên lượng bệnh, đánh giá nguy cơ tái phát, từ đó giúp bác sĩ lựa chọn phác đồ điều trị phù hợp. Các bất thường di truyền theo thể xếp loại miễn dịch và giá trị tiên lượng của các bất thường di truyền này được trình bày dưới đây:",{}
NghienCuuMotSoBienDoiDiTruyenVaLienQuanToiKetQuaDieuTriSomOBenhLoXeMiCapDongLymphoTreEmTheoPhacDoFralle2000.md:53,NghienCuuMotSoBienDoiDiTruyenVaLienQuanToiKetQuaDieuTriSomOBenhLoXeMiCapDongLymphoTreEmTheoPhacDoFralle2000.md,53,272,Biểu đồ 1.1. Biến đổi di truyền gặp trong ALL trẻ em (Charles-2013) [48] 1.3.1. Bất thƣờng di truyền trong lơ xê mi cấp dòng lympho B 1.3.1.1. Bất thường về số lượng nhiễm sắc thể Bất thường số lượng NST trong bệnh ALL có thể đơn độc hoặc phối hợp với bất thường cấu trúc.,{}
NghienCuuMotSoBienDoiDiTruyenVaLienQuanToiKetQuaDieuTriSomOBenhLoXeMiCapDongLymphoTreEmTheoPhacDoFralle2000.md:54,NghienCuuMotSoBienDoiDiTruyenVaLienQuanToiKetQuaDieuTriSomOBenhLoXeMiCapDongLymphoTreEmTheoPhacDoFralle2000.md,54,841,"a. Trên lƣỡng bội nhiễm sắc thể (> 46 NST) Trong ALL trẻ em, bất thường trên lưỡng bội NST có thể gặp là trên lưỡng bội tăng ít NST (47-50 NST), trên lưỡng bội tăng nhiều NST (51-68 NST), tăng bội NST (tam bội, tứ bội). Bất thường trên lưỡng bội tăng nhiều NST (thường từ 51-68 NST) là bất thường hay gặp nhất trong ALL trẻ em (20-22%) [49]. Đây cũng là bất thường có tiên lượng tốt nhất trong các bất thường về số lượng NST [49]. Đột biến trên lưỡng bội NST gặp ở trẻ em nhiều hơn người lớn với tỷ lệ lần lượt là 15% ở trẻ em và 6% ở người lớn [1],[46],[47]. Các nhiễm sắc thể cộng thêm thường gặp là: +4 (78%), +6 (85%), +10 (63%), +14 (84%), +17 (68%), +18 (76%), +21 (99%), và +X (89%) [50],[51],[52]. Thêm nhiễm sắc thể 4, 10, và 17 liên quan đến tiên lượng tốt trong ALL trẻ em với xác suất sống thêm không sự kiện lên tới gần 90% [52]",{}
NghienCuuMotSoBienDoiDiTruyenVaLienQuanToiKetQuaDieuTriSomOBenhLoXeMiCapDongLymphoTreEmTheoPhacDoFralle2000.md:55,NghienCuuMotSoBienDoiDiTruyenVaLienQuanToiKetQuaDieuTriSomOBenhLoXeMiCapDongLymphoTreEmTheoPhacDoFralle2000.md,55,872,". Thêm nhiễm sắc thể 4, 10, và 17 liên quan đến tiên lượng tốt trong ALL trẻ em với xác suất sống thêm không sự kiện lên tới gần 90% [52]. Các bệnh nhi có đột biến trên lưỡng bội nhiễm sắc thể thường có đáp ứng tốt với methotrexate liều cao [52]. b. Dƣới lƣỡng bội nhiễm sắc thể (<46 NST) Bất thường dưới lưỡng bội NST có thể gặp là gần đơn bội (24-29 NST), dưới lưỡng bội thấp (33-39 NST), dưới lưỡng bội cao (40-43 NST) và gần lưỡng bội (44 NST). Nhóm có số lượng NST gần một nửa lưỡng bội (24-31 NST) có sự thay đổi đích thụ thể của tín hiệu Tyrosine Kinase và tín hiệu Ras (71%) và yếu tố gen điều hoà phiên mã IKZF3 (13%). Ngược lại, nhóm ALL có số lượng 32 - 39 NST thì được đặc trưng bằng sự thay đổi trong TP53 (91,2%), IKZF2 (53%) và RB1 (41%). Cả hai nhóm có bộ NST dưới lưỡng bội đều hoạt hoá con đường tín hiệu Ras và phosphoinositide 3-kinase (PI3K) [49],[53]",{}
NghienCuuMotSoBienDoiDiTruyenVaLienQuanToiKetQuaDieuTriSomOBenhLoXeMiCapDongLymphoTreEmTheoPhacDoFralle2000.md:56,NghienCuuMotSoBienDoiDiTruyenVaLienQuanToiKetQuaDieuTriSomOBenhLoXeMiCapDongLymphoTreEmTheoPhacDoFralle2000.md,56,261,". Cả hai nhóm có bộ NST dưới lưỡng bội đều hoạt hoá con đường tín hiệu Ras và phosphoinositide 3-kinase (PI3K) [49],[53]. Đột biến dưới lưỡng bội NST (dưới 45 NST), được phát hiện ở khoảng 2% LXM cấp dòng lympho tế bào tiền B, liên quan đến tiên lượng xấu [54].",{}
NghienCuuMotSoBienDoiDiTruyenVaLienQuanToiKetQuaDieuTriSomOBenhLoXeMiCapDongLymphoTreEmTheoPhacDoFralle2000.md:57,NghienCuuMotSoBienDoiDiTruyenVaLienQuanToiKetQuaDieuTriSomOBenhLoXeMiCapDongLymphoTreEmTheoPhacDoFralle2000.md,57,684,"1.3.1.2. Bất thường về gen Các bất thường về gen chủ yếu do đột biến cấu trúc NST, có thể gây nên bởi chuyển đoạn NST, mất đoạn, đảo đoạn, cấu trúc lại gen hay đột biến điểm trên NST. Dưới đây là một số đột biến gen xuất hiện với tần xuất khá cao và có ý nghĩa trong ALL, đặc biệt là ALL trẻ em. a. Đột biến gen E2A-PBX1 với t(1;19) (q23;p13) Gen E2A (TCF3-Transcription factor 3) nằm trên NST 19p13.3, mã hóa cho một protein thuộc họ yếu tố phiên mã E protein, có vai trò trong quá trình sinh sản dòng lympho. Gen PBX1 (pre-B-cell leukemic homeobox1) nằm trên NST 1q23.3, mã hóa cho một protein hạt nhân của gia đình các yếu tố phiên mã homeobox, có vai trò trong quá trình tạo xương",{}
NghienCuuMotSoBienDoiDiTruyenVaLienQuanToiKetQuaDieuTriSomOBenhLoXeMiCapDongLymphoTreEmTheoPhacDoFralle2000.md:58,NghienCuuMotSoBienDoiDiTruyenVaLienQuanToiKetQuaDieuTriSomOBenhLoXeMiCapDongLymphoTreEmTheoPhacDoFralle2000.md,58,403,". Gen PBX1 (pre-B-cell leukemic homeobox1) nằm trên NST 1q23.3, mã hóa cho một protein hạt nhân của gia đình các yếu tố phiên mã homeobox, có vai trò trong quá trình tạo xương. Hoạt động của gen lai không gây ảnh hưởng trực tiếp đến quá trình tạo máu mà thông qua hoạt hoá quá mức gen BMI1, qua đó gián tiếp ức chế gen TP53, ảnh hưởng đến quá trình tự đổi mới, tăng sinh và biệt hoá của tế bào lympho B.",{}
NghienCuuMotSoBienDoiDiTruyenVaLienQuanToiKetQuaDieuTriSomOBenhLoXeMiCapDongLymphoTreEmTheoPhacDoFralle2000.md:59,NghienCuuMotSoBienDoiDiTruyenVaLienQuanToiKetQuaDieuTriSomOBenhLoXeMiCapDongLymphoTreEmTheoPhacDoFralle2000.md,59,280,"Hình 1.1. Gen E2A trên NST số 19, PBX1 trên NST số 1 và cấu trúc đột biến gen E2A-PBX1 (https://www.researchgate.net/figure/A-schemaitic-representation-of-the- structure-of-Pbx1-and-E2a-proteins) HD: Homeodomain; bHLH: basix helix - loop – helix domain; AD: transactivation domain",{}
NghienCuuMotSoBienDoiDiTruyenVaLienQuanToiKetQuaDieuTriSomOBenhLoXeMiCapDongLymphoTreEmTheoPhacDoFralle2000.md:60,NghienCuuMotSoBienDoiDiTruyenVaLienQuanToiKetQuaDieuTriSomOBenhLoXeMiCapDongLymphoTreEmTheoPhacDoFralle2000.md,60,834,"Đột biến gen E2A-PBX1 tạo ra bởi chuyển đoạn t(1;19) (q23;p13) gặp ở khoảng 5% trẻ em bị ALL. Đột biến này thường gặp trong nhóm ALL tế bào tiền B theo xếp loại miễn dịch (25%) [1],[40],[55]. Đột biến này có tiên lượng trung bình, đáp ứng tốt với điều trị methotrexate liều cao, tuy nhiên lại là yếu tố nguy cơ tái phát trên thần kinh trung ương [1],[40],[56]. Vì vậy, E2A-PBX1 là một trong đột biến gen được khảo sát tại thời điểm chẩn đoán nhằm dự đoán nguy cơ thâm nhiễm TKTW và lựa chọn phác đồ điều trị thích hợp. b. Đột biến gen BCR-ABL1 với t (9; 22) (q34; q11) Gen ABL1 nằm trên nhánh dài NST số 9 (9q34), mã hóa cho một protein Tyrosine Kinase có vai trò trong biệt hóa, phân chia và bám dính của tế bào. Gen BCR nằm trên nhánh dài NST 22 (22q11), mã hóa cho một loại protein, tuy nhiên chức năng của nó còn chưa được rõ ràng",{}
NghienCuuMotSoBienDoiDiTruyenVaLienQuanToiKetQuaDieuTriSomOBenhLoXeMiCapDongLymphoTreEmTheoPhacDoFralle2000.md:61,NghienCuuMotSoBienDoiDiTruyenVaLienQuanToiKetQuaDieuTriSomOBenhLoXeMiCapDongLymphoTreEmTheoPhacDoFralle2000.md,61,431,". Gen BCR nằm trên nhánh dài NST 22 (22q11), mã hóa cho một loại protein, tuy nhiên chức năng của nó còn chưa được rõ ràng. Chuyển đoạn NST t(9;22)(q34;q11) tạo ra đột biến dung hợp gen BCR-ABL1, mã hoá cho protein BCR-ABL1 có hoạt tính Tyrosine Kinase. Tuỳ theo vị trí đứt gãy trên đoạn gen BCR mà khi chuyển đoạn với gen ABL1 sẽ tạo ra các gen lai BCR-ABL1 và p230 (hình 1.3). Trong ALL, loại protein BCR-ABL1 thường gặp là p190.",{}
NghienCuuMotSoBienDoiDiTruyenVaLienQuanToiKetQuaDieuTriSomOBenhLoXeMiCapDongLymphoTreEmTheoPhacDoFralle2000.md:62,NghienCuuMotSoBienDoiDiTruyenVaLienQuanToiKetQuaDieuTriSomOBenhLoXeMiCapDongLymphoTreEmTheoPhacDoFralle2000.md,62,666,"Hình 1.2. Cấu trúc gen BCR, ABL1 và protein lai BCR-ABL1 (http://www.fedoa.unina.it/3382/1/Tesi_Dottorato_Nicola_Esposito.pdf)

Chuyển đoạn t(9;22)(q34;q11) tạo ra nhiễm sắc thể Philadelphia (Ph) với đột biến gen BCR-ABL1, gặp ở 3% ALL trẻ em, được coi là nhóm tiên lượng xấu nhất [41]. Đột biến gen này mã hoá protein có hoạt tính Tyrosine Kinase tăng cường tương tác với RAS, AKT, và con đường JAK/STAT [57],[58]. Việc sử dụng Imatinib kết hợp với hoá trị liệu tích cực đã cải thiện phần nào hiệu quả điều trị ở những bệnh nhi có đột biến này. Tuy nhiên, vấn đề kháng Imatinib gần cũng tăng lên khá nhanh. c. Sự sắp xếp lại gen MLL (Mixed lineage leukemia) (11q23)",{}
NghienCuuMotSoBienDoiDiTruyenVaLienQuanToiKetQuaDieuTriSomOBenhLoXeMiCapDongLymphoTreEmTheoPhacDoFralle2000.md:63,NghienCuuMotSoBienDoiDiTruyenVaLienQuanToiKetQuaDieuTriSomOBenhLoXeMiCapDongLymphoTreEmTheoPhacDoFralle2000.md,63,867,"Hình 1.3. Cấu trúc gen MLL trên NST số 11 (11q23.3) (https://www.semanticscholar.org/paper/MLL-Gene-Alterations-in-Acute- Myeloid-Leukaemia/figure/2) Gen MLL nằm trên NST số 11 (11q23). Sự sắp xếp lại gen MLL là đột biến phổ biến nhất ở trẻ dưới 1 tuổi (80%), nhưng chỉ xảy ra ở khoảng 8% ALL trẻ em [1], 10% ALL người lớn. Sự sắp xếp lại gen MLL liên quan đến nhóm nguy cơ cao ở cả người lớn và trẻ em [1],[59]. Có khoảng 104 sự sắp xếp lại gen MLL, trong số đó 64 chuyển đoạn gen đã được phát hiện ở mức độ phân tử. 5 chuyển đoạn phổ biến nhất liên quan đến sắp xếp lại gen MLL với khoảng 80% các trường hợp LXM cấp có chuyển đoạn liên quan đến gen MLL là t(4;11)(q21;q23) mã hoá đột biến gen MLL-AF4, t(9;11)(p22;q23) mã hoá đột biến gen MLL-AF9, t(11;19)(q23;p13.3) mã hoá đột biến gen MLL- ENL, t(10;11)(p12;q23) mã hoá đột biến gen MLL-AF10, và t(6;11)(q27;q23)",{}
NghienCuuMotSoBienDoiDiTruyenVaLienQuanToiKetQuaDieuTriSomOBenhLoXeMiCapDongLymphoTreEmTheoPhacDoFralle2000.md:64,NghienCuuMotSoBienDoiDiTruyenVaLienQuanToiKetQuaDieuTriSomOBenhLoXeMiCapDongLymphoTreEmTheoPhacDoFralle2000.md,64,743,"mã hoá đột biến gen MLL-AF6. [1],[59]. Trong số đó, đột biến gen MLL-AF4 gặp với tỷ lệ cao nhất và đặc biệt có ý nghĩa trong chia nhóm nguy cơ theo phác đồ điều trị. d. Đột biến gen TEL-AML1 (ETV6-RUNX1) với t(12;21) (p13;q22) Gen TEL (ETV6) nằm trên nhánh ngắn của NST số 12 (12p13.2), bao gồm 8 exon và 2 codon mở đầu, mã hóa cho protein chứa 452 axit amin, có vai trò trong điều chỉnh quá trình phát triển và tăng trưởng của các loại tế bào, đặc biệt là tế bào máu. Gen AML1 (RUNX1) có chiều dài 260 kb, nằm trên nhánh dài NST số 21 (21q22.12), bao gồm 12 exon. AML1 mã hóa cho một protein chứa 453 axit amin, là một yếu tố phiên mã có vai trò điều chỉnh quá trình biệt hóa từ tế bào gốc tạo máu thành các tế bào máu trưởng thành [60],[61].",{}
NghienCuuMotSoBienDoiDiTruyenVaLienQuanToiKetQuaDieuTriSomOBenhLoXeMiCapDongLymphoTreEmTheoPhacDoFralle2000.md:65,NghienCuuMotSoBienDoiDiTruyenVaLienQuanToiKetQuaDieuTriSomOBenhLoXeMiCapDongLymphoTreEmTheoPhacDoFralle2000.md,65,415,"Hình 1.4. Cấu trúc gen TEL, AML1 và đột biến gen TEL-AML1 (http://dx.doi.org/10.4067/S0034-98872006001100003) Chuyển đoạn này xảy ra ở 22% ALL trẻ em và 2% ALL người lớn [1],[47]. Đây là chuyển đoạn gen thường gặp nhất trong ALL tế bào tiền B [1]. Những bệnh nhi có chuyển đoạn gen này thường đáp ứng tốt với điều trị hoá chất, đặc biệt là các phác đồ có L-asparaginase [1].

e. MYC-IGH (t(8;14), t(2;8) và t(8;22))",{}
NghienCuuMotSoBienDoiDiTruyenVaLienQuanToiKetQuaDieuTriSomOBenhLoXeMiCapDongLymphoTreEmTheoPhacDoFralle2000.md:66,NghienCuuMotSoBienDoiDiTruyenVaLienQuanToiKetQuaDieuTriSomOBenhLoXeMiCapDongLymphoTreEmTheoPhacDoFralle2000.md,66,895,"e. MYC-IGH (t(8;14), t(2;8) và t(8;22))

Hình 1.5. Cấu trúc gen MYC, IGH và đột biến gen MYC-IGH (https://www.sciencedirect.com/science/article/pii/S1658387616300310) A. Cấu trúc gen MYC trên NST số 8 (8q24) B. Cấu trúc gen IGH trên NST số 14 (14q32) C. Cấu trúc gen lai MYC-IGH tạo bởi chuyển đoạn NST t(8;14)(q24;q32) P: Promoter (vùng khởi động – P1, P2, P3) Chuyển đoạn t(8;14)(q24;q32) và các biến thể của nó là t(2;8)(p11;q24) và t(8;22)(q24;q11) liên quan đến sự phát triển của ALL tế bào B trưởng thành [40],[41]. Trong đó, chuyển đoạn t(8;14) phổ biến nhất, được phát hiện ở 85% trường hợp, t(2;8) và t(8;22) được tìm thấy ở 5-10% trường hợp [1]. Gen MYC điều hoà một số chu trình sinh học quan trọng như kiểm soát chu kỳ tế bào, sự phát triển của tế bào, tổng hợp protein, tân tạo mạch và chết theo chương trình. Vì vậy, đột biến gen MYC có thể ảnh hưởng đến chu kỳ tế bào, biệt hoá tế",{}
NghienCuuMotSoBienDoiDiTruyenVaLienQuanToiKetQuaDieuTriSomOBenhLoXeMiCapDongLymphoTreEmTheoPhacDoFralle2000.md:67,NghienCuuMotSoBienDoiDiTruyenVaLienQuanToiKetQuaDieuTriSomOBenhLoXeMiCapDongLymphoTreEmTheoPhacDoFralle2000.md,67,734,"bào, chuyển hoá, và quá trình chết theo chương trình. Tuy nhiên, do tỷ lệ ALL tế bào B trưởng thành thấp nên gen MYC-IGH hiện chưa được xét nghiệm thường quy cho bệnh nhi ALL. f. BCR-ABL1–like Có tới 15% trường hợp B-ALL trẻ em biểu hiện gen tương tự như ALL có BCR-ABL1 (+) và được gọi là những trường hợp có BCR-ABL1 like. Đó là do chuyển đoạn giữa gen BCR với các biến thể khác trong họ gen ABL như ABL1, ABL2, JAK2… Các bệnh nhi ALL có BCR-ABL1 like cũng có hoạt tính Tyrosine Kinase mạnh nên có cơ chế gây bệnh tương tự bệnh nhi có BCR- ABL1 và cũng có khả năng đáp ứng với các thuốc ức chế Tyrosine Kinase (TKs). Ngoài ra, các trường hợp ALL có BCR-ABL1 like thường kèm theo mất đoạn/đột biến gen IZKF1 và có tiên lượng xấu [40]",{}
NghienCuuMotSoBienDoiDiTruyenVaLienQuanToiKetQuaDieuTriSomOBenhLoXeMiCapDongLymphoTreEmTheoPhacDoFralle2000.md:68,NghienCuuMotSoBienDoiDiTruyenVaLienQuanToiKetQuaDieuTriSomOBenhLoXeMiCapDongLymphoTreEmTheoPhacDoFralle2000.md,68,875,". Ngoài ra, các trường hợp ALL có BCR-ABL1 like thường kèm theo mất đoạn/đột biến gen IZKF1 và có tiên lượng xấu [40]. Như vậy, trong số các đột biến gen thường gặp trong lơ xê mi cấp dòng lympho tế bào B ở trẻ em, 4 đột biến gen TEL-AML1, E2A-PBX1, MLL-AF4, BCR-ABL1 là những đột biến dung hợp gen có giá trị trong chẩn đoán cũng như có ý nghĩa tiên lượng trong điều trị và dự đoán nguy cơ tái phát (tủy xương và thần kinh trung ương). Do đó, 4 đột biến gen này được xét nghiệm thường qui tại thời điểm chẩn đoán và được thực hiện trong nghiên cứu. 1.3.2. Bất thƣờng di truyền trong lơ xê mi cấp dòng lympho T T-ALL chiếm khoảng 10-15% ALL ở trẻ em và thường có tiên lượng xấu hơn so với B-ALL. Các bất thường di truyền được phát hiện ở khoảng 50% các trường hợp T-ALL. Trong T-ALL, bất thường về số lượng nhiễm sắc thể hiếm gặp và thường không liên quan đến tiên lượng bệnh",{}
NghienCuuMotSoBienDoiDiTruyenVaLienQuanToiKetQuaDieuTriSomOBenhLoXeMiCapDongLymphoTreEmTheoPhacDoFralle2000.md:69,NghienCuuMotSoBienDoiDiTruyenVaLienQuanToiKetQuaDieuTriSomOBenhLoXeMiCapDongLymphoTreEmTheoPhacDoFralle2000.md,69,265,". Trong T-ALL, bất thường về số lượng nhiễm sắc thể hiếm gặp và thường không liên quan đến tiên lượng bệnh. Đột biến về cấu trúc chủ yếu là chuyển đoạn NST, liên quan đến gen TCR [1],[38],[62]. LXM cấp tế bào NK là một dưới nhóm của T-ALL theo xếp loại của WHO 2016",{}
NghienCuuMotSoBienDoiDiTruyenVaLienQuanToiKetQuaDieuTriSomOBenhLoXeMiCapDongLymphoTreEmTheoPhacDoFralle2000.md:70,NghienCuuMotSoBienDoiDiTruyenVaLienQuanToiKetQuaDieuTriSomOBenhLoXeMiCapDongLymphoTreEmTheoPhacDoFralle2000.md,70,798,"[36]. Tuy nhiên, do rất hiếm gặp, các biến đổi di truyền và ý nghĩa trong LXM cấp tế bào NK chưa được làm sáng tỏ. T-ALL không phải là LXM cấp phổ biến nhưng di truyền của nó đã và đang được nghiên cứu ở mức độ khá sâu. Các đột biến chính trong T-ALL được phát hiện lần đầu tiên bởi việc nhân bản các đứt gãy tại NST chuyển đoạn. Các thí nghiệm này cho thấy những gen phát sinh ung thư bị giảm biểu hiện bởi sự tái tổ hợp giữa vùng khởi động và vùng tăng cường của các gen thụ thể tế bào T. Sau đó thì chính những gen phát sinh ung thư này bị biểu hiện quá mức bởi các cơ chế khác nhau. Việc giải trình tự toàn bộ đoạn gen mã hoá protein và giải trình tự gen đích đã cho thấy nhiều đột biến quan trọng trong T-ALL. Các gen phát sinh ung thư và gen ức chế khối u này được chia vào các nhóm gen chính",{}
NghienCuuMotSoBienDoiDiTruyenVaLienQuanToiKetQuaDieuTriSomOBenhLoXeMiCapDongLymphoTreEmTheoPhacDoFralle2000.md:71,NghienCuuMotSoBienDoiDiTruyenVaLienQuanToiKetQuaDieuTriSomOBenhLoXeMiCapDongLymphoTreEmTheoPhacDoFralle2000.md,71,778,". Các gen phát sinh ung thư và gen ức chế khối u này được chia vào các nhóm gen chính. Locus CDKN2A (Cyclin-Dependent Kinase Inhibitor 2A) mã hoá các gen điều hoà chu trình tế bào là P14ARF và P16INK4A, và locus này là gen không hoạt động phổ biến nhất trong T-ALL ở người. CDKN2A nằm trên NST số 9p21, vị trí bị mất đoạn đồng hợp tử ở hơn 72% bệnh nhi T-ALL. CDKN2A cũng bị bất hoạt bởi nhiều cơ chế khác. Mất đoạn NST vùng 13q14.2 bao gồm gen RB1 (Retinoblastoma protein 1) xuất hiện ở 12% các bệnh nhi T-ALL; mất đoạn này được thấy ở những bệnh nhi còn nguyên vẹn CDKN2A, khi mà cả hai chất ức chế khối u này được cho là cùng hoạt động theo một con đường. Các đột biến ở TP53 và CDKN1B (p27) đều không phổ biến, mỗi loại xuất hiện dưới 1% ở các bệnh nhi T-ALL [63],[64],[65].",{}
NghienCuuMotSoBienDoiDiTruyenVaLienQuanToiKetQuaDieuTriSomOBenhLoXeMiCapDongLymphoTreEmTheoPhacDoFralle2000.md:72,NghienCuuMotSoBienDoiDiTruyenVaLienQuanToiKetQuaDieuTriSomOBenhLoXeMiCapDongLymphoTreEmTheoPhacDoFralle2000.md,72,713,"Bảng 1.6. Chức năng của các nhóm gen bị đột biến trong lơ xê mi cấp dòng lympho T Nhóm gen Tần suất *(%) Gen phát sinh ung thƣ hoặc ức chế khối u Các gen trong chu trình tế bào CDKN2A, RB1, TP53, CDKN1B Notch1 và các gen đích của Notch1 NOTCH1, FBW7, MYC bHLH và các đối tác TAL1, TAL2, LYL1, OLIG2, LMO1-3 Các gen homeobox TLX1, TLX3, cụm HOXA, MLL, CALM Các yếu tố phiên mã khác và các biến đổi NST 5-15 MYB, BCL11B, PHF6, EZH2 Cytokine và tín hiệu truyền 5-15 ABL1, FLT3, IL7R, JAK1, LCK, NRAS, IGF1R * Tần suất được thể hiện là trung bình của tất cả các tần suất của mỗi đột biến gen trong từng nhóm nhất định. a. NOTCH1 Gen NOTCH1 nằm trên NST 9q34.3, mã hoá một protein thuộc gia đình protein thụ thể NOTCH1",{}
NghienCuuMotSoBienDoiDiTruyenVaLienQuanToiKetQuaDieuTriSomOBenhLoXeMiCapDongLymphoTreEmTheoPhacDoFralle2000.md:73,NghienCuuMotSoBienDoiDiTruyenVaLienQuanToiKetQuaDieuTriSomOBenhLoXeMiCapDongLymphoTreEmTheoPhacDoFralle2000.md,73,407,". a. NOTCH1 Gen NOTCH1 nằm trên NST 9q34.3, mã hoá một protein thuộc gia đình protein thụ thể NOTCH1. NOTCH1 là một protein điều hoà quan trọng trong việc quyết định số phận của nhiều loại tế bào, bao gồm cả việc định hướng dòng tế bào T, tăng sinh, biệt hóa và quá trình chết theo chương trình của tế bào. NOTCH1 có cấu trúc xuyên màng, thông qua gắn với các phối tử để điều hòa chu trình tế bào [66],[67].",{}
NghienCuuMotSoBienDoiDiTruyenVaLienQuanToiKetQuaDieuTriSomOBenhLoXeMiCapDongLymphoTreEmTheoPhacDoFralle2000.md:74,NghienCuuMotSoBienDoiDiTruyenVaLienQuanToiKetQuaDieuTriSomOBenhLoXeMiCapDongLymphoTreEmTheoPhacDoFralle2000.md,74,887,"Hình 1.6. Các kiểu đột biến NOTCH1 và cấu trúc protein NOTCH1 (https://www.researchgate.net/figure/Mutation-distribution-in-the-exons-and- functional-domains-of-NOTCH1-Each-arrowhead_fig3_318446739) EGF-like: epidermal growth factor-like; LNR: Lin12/Notch repeats; HDN: heterodimerization-N terminal; HDC: heterodimerization-C terminal; TM: transmembrane; RAM: Rbp-associated molecule; Ankyrin, CDC10/ankyrin domain; TAD: transactivation domain; PEST: một vùng giàu proline (P), glutamate (E), serine (S), và threonine (T). b. Gen TAL1 Gen TAL1 nằm trên nhánh ngắn NST số 1 (1p33), quy định tổng hợp protein thuộc họ các yếu tố phiên mã Helix-Loop-Helix cơ bản (bHLH), có vai trò trong quá trình biệt hóa của các tế bào gốc tạo máu. Gen TAL1 (T-cell acute lymphocytic leukemia protein 1) bị mất điều hoà trong 25% của T-ALL. Tuy nhiên, ý nghĩa tiên lượng của gen vẫn chưa thực sự rõ ràng",{}
NghienCuuMotSoBienDoiDiTruyenVaLienQuanToiKetQuaDieuTriSomOBenhLoXeMiCapDongLymphoTreEmTheoPhacDoFralle2000.md:75,NghienCuuMotSoBienDoiDiTruyenVaLienQuanToiKetQuaDieuTriSomOBenhLoXeMiCapDongLymphoTreEmTheoPhacDoFralle2000.md,75,681,". Gen TAL1 (T-cell acute lymphocytic leukemia protein 1) bị mất điều hoà trong 25% của T-ALL. Tuy nhiên, ý nghĩa tiên lượng của gen vẫn chưa thực sự rõ ràng. TAL1 được tách dòng đầu tiên từ chuyển đoạn NST t(1;14)(p32;q11) tạo gen lai TAL1/TCR, chiếm 3% các bệnh nhi T-ALL. Trong chuyển đoạn này, vùng đứt gãy là đầu 5’ chứa vùng mã hoá của TAL1 trên NST số 1, và chuyển đoạn NST này cũng đặt TAL1 dưới sự điều hoà của các gen / thụ thể tế bào T trên NST số 14. Một nhóm thứ hai của các tái tổ hợp xảy ra ở 26% các bệnh nhi T-ALL gây mất đoạn từ 90 tới 100 kb của ADN từ vùng 5’ ngược dòng của TAL1, đặt gen này dưới sự kiểm soát của cấu trúc khởi động SIL promoter vùng 5’ [53].",{}
NghienCuuMotSoBienDoiDiTruyenVaLienQuanToiKetQuaDieuTriSomOBenhLoXeMiCapDongLymphoTreEmTheoPhacDoFralle2000.md:76,NghienCuuMotSoBienDoiDiTruyenVaLienQuanToiKetQuaDieuTriSomOBenhLoXeMiCapDongLymphoTreEmTheoPhacDoFralle2000.md,76,683,"Hình 1.7. Cấu trúc gen TAL1 và SIL (https://www.researchgate.net/figure/Schematic-representation-of-the-SIL- and-TAL1-genes-in-chromosome-region-1p32-Deletion_fig1_11407748) c. Gen TLX1 (HOX11) Gen TLX1 (HOX11) thuộc nhóm gen homeobox, bị biểu hiện quá mức do sự tái tổ hợp NST hoặc các cơ chế khác trong 7% của T-ALL. TLX3 (HOX11L2) bị mất điều hoà phổ biến nhất bởi chuyển đoạn NST t(5;14)(q35.1;q32) trong 20% các trường hợp T-ALL người trưởng thành. Cụm gen HOXA bị mất điều hoà trong 5% các trường hợp T-ALL bởi đảo đoạn NST số 7 inv(7)(p15.2;q34) và các cơ chế phiên mã khác. T-ALL biểu hiện quá mức TLX1 có một sự ức chế đặc biệt ở giai đoạn vỏ của quá trình biệt hoá tế bào T",{}
NghienCuuMotSoBienDoiDiTruyenVaLienQuanToiKetQuaDieuTriSomOBenhLoXeMiCapDongLymphoTreEmTheoPhacDoFralle2000.md:77,NghienCuuMotSoBienDoiDiTruyenVaLienQuanToiKetQuaDieuTriSomOBenhLoXeMiCapDongLymphoTreEmTheoPhacDoFralle2000.md,77,598,". T-ALL biểu hiện quá mức TLX1 có một sự ức chế đặc biệt ở giai đoạn vỏ của quá trình biệt hoá tế bào T. Dữ liệu gần đây sử dụng chuột chuyển gen biểu hiện quá mức TLX1 cho thấy protein này có thể ức chế các gen kiểm soát sự phân bào, dẫn tới đột biến lệch bội, và có thể phá vỡ các yếu tố bình thường cần thiết cho quá trình tái tổ hợp thụ thể  tế bào T. MLL và các đối tác lai của nó là PICALM và MLLT10 được tái tổ hợp và biểu hiện quá mức trong 5-10% các trường hợp T-ALL và có thể có chức năng làm mất điều hoà biểu hiện của cụm gen HOXA [53]. Bất thường gen liên quan đến TLX1 thường có tiên",{}
NghienCuuMotSoBienDoiDiTruyenVaLienQuanToiKetQuaDieuTriSomOBenhLoXeMiCapDongLymphoTreEmTheoPhacDoFralle2000.md:78,NghienCuuMotSoBienDoiDiTruyenVaLienQuanToiKetQuaDieuTriSomOBenhLoXeMiCapDongLymphoTreEmTheoPhacDoFralle2000.md,78,829,"lượng tốt so với các nhóm T-ALL khác. Một số bất thường di truyền trong LXM cấp dòng T với ý nghĩa tiên lượng được liệt kê trong bảng 1.7 [16]: Bảng 1.7. Bất thƣờng di truyền trong lơ xê mi cấp dòng lympho T và ý nghĩa tiên lƣợng Chuyển đoạn NST Gen liên quan Tỷ lệ gặp ở T-ALL trẻ em Tiên lƣợng t(10;14)(q24;q11 TLX1 (HOX11) 5% Tốt t(7;10)(q35;q24) TLX1 (HOX11) 5% Tốt t(5;14)(q35;q32) TLX3 (HOX11L2) 20% Xấu inv(7)(p15q34) HOXA@ 5% - t(1;14)(p32;q11), t(1;14)(p34;q11) t(1;7)(p32;q34) TAL1 (SCL,TCL5) 40% - t(7;9)(q34;q32) TAL2 2% - t(7;19)(q34;p13) LYL1 Hiếm gặp - t(11;14)(p15;q11) t(11;14)(p13;q11) LMO1 LMO2 - - t(10;11)(p13;q14) PICALM-MLLT10 (CALM-AF10) 10% - t(11;19)(q23;p13) MLL-MLLT1 4% - t(9;9)(q34;q34) NUP214-ABL1 6% - Như vậy, không có nhiều đặc hiệu về tổn thương trong lơ xê mi cấp dòng lympho tế bào T ở trẻ em",{}
NghienCuuMotSoBienDoiDiTruyenVaLienQuanToiKetQuaDieuTriSomOBenhLoXeMiCapDongLymphoTreEmTheoPhacDoFralle2000.md:79,NghienCuuMotSoBienDoiDiTruyenVaLienQuanToiKetQuaDieuTriSomOBenhLoXeMiCapDongLymphoTreEmTheoPhacDoFralle2000.md,79,122,. Các biến đổi di truyền trong T-ALL chủ yếu liên quan đến cấu trúc và mối liên quan đến tiên lượng bệnh còn chưa rõ ràng.,{}
NghienCuuMotSoBienDoiDiTruyenVaLienQuanToiKetQuaDieuTriSomOBenhLoXeMiCapDongLymphoTreEmTheoPhacDoFralle2000.md:80,NghienCuuMotSoBienDoiDiTruyenVaLienQuanToiKetQuaDieuTriSomOBenhLoXeMiCapDongLymphoTreEmTheoPhacDoFralle2000.md,80,72,1.4. PHÁC ĐỒ FRALLE 2000 TRONG ĐIỀU TRỊ LƠ XÊ MI CẤP DÒNG LYMPHO TRẺ EM.,{}
NghienCuuMotSoBienDoiDiTruyenVaLienQuanToiKetQuaDieuTriSomOBenhLoXeMiCapDongLymphoTreEmTheoPhacDoFralle2000.md:81,NghienCuuMotSoBienDoiDiTruyenVaLienQuanToiKetQuaDieuTriSomOBenhLoXeMiCapDongLymphoTreEmTheoPhacDoFralle2000.md,81,584,"Phác đồ FRALLE 2000 (French acute lymphoblastic leukemia study group) là phác đồ điều trị theo phân tầng nguy cơ cho các bệnh nhi ALL ở lứa tuổi 1-20 của Pháp. Các phác đồ FRALLE được cải biên từ phác đồ có nguồn gốc từ nhóm BFM (Berlin-Frankfurt-Mu nster), được ứng dụng khá rộng rãi tại Pháp và một số các nước Châu Âu. Tại Việt Nam, phác đồ FRALLE 2000 được áp dụng điều trị tại Viện Huyết học – Truyền máu Trung ương và Bệnh viện Truyền máu – Huyết học thành phố Hồ Chí Minh. Phác đồ đã được Bộ Y tế phê duyệt [34]. 1.4.1. Xếp loại nhóm nguy cơ điều trị theo phác đồ FRALLE 2000 a",{}
NghienCuuMotSoBienDoiDiTruyenVaLienQuanToiKetQuaDieuTriSomOBenhLoXeMiCapDongLymphoTreEmTheoPhacDoFralle2000.md:82,NghienCuuMotSoBienDoiDiTruyenVaLienQuanToiKetQuaDieuTriSomOBenhLoXeMiCapDongLymphoTreEmTheoPhacDoFralle2000.md,82,864,". Phác đồ đã được Bộ Y tế phê duyệt [34]. 1.4.1. Xếp loại nhóm nguy cơ điều trị theo phác đồ FRALLE 2000 a. Đối với lơ xê mi cấp dòng lympho B [34] - Nhóm A: Nguy cơ chuẩn (Standard risk): Lơ xê mi cấp dòng lympho B, 1 < tuổi < 10, số lượng bạch cầu < 50G/L và có đủ các yếu tố sau:  Không có thâm nhiễm hệ thần kinh trung ương;  Không có t(9;22), t(4;11) hoặc bộ nhiễm sắc thể < 44;  BCR-ABL1 hay MLL-AF4 âm tính;  Không hiện diện sự tái sắp xếp gen MLL phát hiện bằng kỹ thuật Southern blot hay FISH cho trường hợp CD10 (+) yếu;  CD10 (+). Nhóm A sẽ được chia ra 3 nhóm A1, A2, A3 dựa vào đánh giá tế bào blast trong tủy ngày 21 (bất kể sự nhạy cảm với corticoid vào ngày 8 hay không):  Blast ≤ 5% (type M1): Nhóm A1  Blast 6 - 25% (type M2): Nhóm A2  Blast > 25% (type M3): Nhóm A3 Bệnh nhi có MRD (+) (≥ 10-2) vào ngày 35-42 sẽ được chuyển sang nhóm A3",{}
NghienCuuMotSoBienDoiDiTruyenVaLienQuanToiKetQuaDieuTriSomOBenhLoXeMiCapDongLymphoTreEmTheoPhacDoFralle2000.md:83,NghienCuuMotSoBienDoiDiTruyenVaLienQuanToiKetQuaDieuTriSomOBenhLoXeMiCapDongLymphoTreEmTheoPhacDoFralle2000.md,83,822,"- Nhóm B: Nguy cơ cao (high risk): Lơ xê mi cấp dòng lympho B và có một trong những tiêu chuẩn sau:  Tuổi > 10;  Có thâm nhiễm hệ thần kinh trung ương;  Bạch cầu > 50G/L;  Có t(9;22), t(4;11) hoặc bộ NST < 44;  BCR-ABL1 hay MLL-AF4 dương tính;  Hiện diện sự tái sắp xếp gen MLL phát hiện bằng kỹ thuật Southern blot hay FISH cho trường hợp CD10 (+) yếu. Chia nhóm B1 và B2 vào ngày 21 của điều trị tấn công dựa vào một số bất thường NST, đột biến dung hợp gen và sự nhạy cảm với corticoid vào ngày 8, nhạy cảm hóa trị vào ngày 21 (xin tham khảo bảng 2.4). b. Đối với lơ xê mi cấp dòng lympho T: Bệnh nhi được chẩn đoán lơ xê mi cấp dòng lympho T (dựa trên dấu ấn miễn dịch). Chia nhóm T1 và T2 dựa trên sự đánh giá nhạy cảm corticoid ngày 8, nhạy cảm hóa trị ngày 21, MRD ngày 35 - 42 (xin tham khảo bảng 2.5). 1.4.2",{}
NghienCuuMotSoBienDoiDiTruyenVaLienQuanToiKetQuaDieuTriSomOBenhLoXeMiCapDongLymphoTreEmTheoPhacDoFralle2000.md:84,NghienCuuMotSoBienDoiDiTruyenVaLienQuanToiKetQuaDieuTriSomOBenhLoXeMiCapDongLymphoTreEmTheoPhacDoFralle2000.md,84,665,". Chia nhóm T1 và T2 dựa trên sự đánh giá nhạy cảm corticoid ngày 8, nhạy cảm hóa trị ngày 21, MRD ngày 35 - 42 (xin tham khảo bảng 2.5). 1.4.2. Điều trị các nhóm trong phác đồ FRALLE 2000 Dựa trên kiểu hình miễn dịch và chia nhóm nguy cơ, phác đồ FRALLE 2000 có các nhánh áp dụng riêng cho các nhóm A, B và T và đều bao gồm các giai đoạn: Tấn công, củng cố, tăng cường 1, tích cực muộn, tăng cường 2 và duy trì trong 24 tháng. Sau khi đánh giá đáp ứng sớm với điều trị, phác đồ FRALLE 2000 tiếp tục được phân nhóm nguy cơ lại với từng nhóm A, B, T để lựa chọn phác đồ tiếp theo. Điều trị theo phân nhóm nguy cơ của phác đồ FRALLE 2000 được mô tả tổng quát như sau:",{}
NghienCuuMotSoBienDoiDiTruyenVaLienQuanToiKetQuaDieuTriSomOBenhLoXeMiCapDongLymphoTreEmTheoPhacDoFralle2000.md:85,NghienCuuMotSoBienDoiDiTruyenVaLienQuanToiKetQuaDieuTriSomOBenhLoXeMiCapDongLymphoTreEmTheoPhacDoFralle2000.md,85,626,"Sơ đồ 1.1. Chia nhóm điều trị lơ xê mi cấp dòng lympho trẻ em theo phác đồ FRALLE 2000 Các phác đồ chi tiết cho các nhóm bao gồm các giai đoạn được trình bày trong phần đối tượng và phương pháp nghiên cứu. 1.5. MỘT SỐ NGHIÊN CỨU VỀ ĐIỀU TRỊ LƠ XÊ MI CẤP DÒNG LYMPHO TRẺ EM 1.5.1. Nghiên cứu về điều trị lơ xê mi cấp dòng lympho trẻ em trên thế giới Trong vòng hơn 50 năm qua, thế giới đã chứng kiến sự thay đổi đáng kinh ngạc trong hiệu quả điều trị ALL trẻ em. Kết quả điều trị đã tăng từ xác suất sống thêm toàn bộ 5 năm (OS) 10% ở những năm 1960, lên tới trên 90% sống thêm toàn bộ 10 năm trong những nghiên cứu gần đây [1]",{}
NghienCuuMotSoBienDoiDiTruyenVaLienQuanToiKetQuaDieuTriSomOBenhLoXeMiCapDongLymphoTreEmTheoPhacDoFralle2000.md:86,NghienCuuMotSoBienDoiDiTruyenVaLienQuanToiKetQuaDieuTriSomOBenhLoXeMiCapDongLymphoTreEmTheoPhacDoFralle2000.md,86,505,". Kết quả điều trị đã tăng từ xác suất sống thêm toàn bộ 5 năm (OS) 10% ở những năm 1960, lên tới trên 90% sống thêm toàn bộ 10 năm trong những nghiên cứu gần đây [1]. Năm 2013, tác giả Ching Hong Pui đã có một báo cáo tổng kết chặng đường 50 năm trong điều trị LXM cấp dòng lympho trẻ em của bệnh viện nghiên cứu trẻ em St Jude, nhận thấy xác suất sống thêm toàn bộ tại thời điểm 10 năm giai đoạn Lơ xê mi cấp dòng lympho Lơ xê mi cấp dòng lympho B Lơ xê mi cấp dòng lympho T Nhóm nguy cơ chuẩn (Nhóm A1)",{}
NghienCuuMotSoBienDoiDiTruyenVaLienQuanToiKetQuaDieuTriSomOBenhLoXeMiCapDongLymphoTreEmTheoPhacDoFralle2000.md:87,NghienCuuMotSoBienDoiDiTruyenVaLienQuanToiKetQuaDieuTriSomOBenhLoXeMiCapDongLymphoTreEmTheoPhacDoFralle2000.md,87,74,"Nhóm nguy cơ cao (Nhóm A2, B1, T1)

Nhóm nguy cơ rất cao (Nhóm A3, B2, T2)",{}
NghienCuuMotSoBienDoiDiTruyenVaLienQuanToiKetQuaDieuTriSomOBenhLoXeMiCapDongLymphoTreEmTheoPhacDoFralle2000.md:88,NghienCuuMotSoBienDoiDiTruyenVaLienQuanToiKetQuaDieuTriSomOBenhLoXeMiCapDongLymphoTreEmTheoPhacDoFralle2000.md,88,861,"2000-2007 đã lên tới 91,1 2,8% [68]. Andre Baruchel và các cộng sự đã tổng hợp các kết quả nghiên cứu của phác đồ FRALLE 2000 A trên 1201 trẻ được chẩn đoán ALL nhóm nguy cơ tiêu chuẩn của các nghiên cứu đa trung tâm từ năm 2000-2010 [69]. Theo các báo cáo ghi nhận, xác suất đạt lui bệnh hoàn toàn sau điều trị cảm ứng là 99,7%. Tỷ lệ sống thêm 5 năm không sự kiện (EFS) là 91,5%; sống thêm toàn bộ (OS) là 97,4%. EFS và OS 5 năm của hai nhóm A1 và A3 lần lượt là 93,1% và 61,2% (p<0.001), 98,3% và 84,2% (p<0.0001). 30 bệnh nhi có MRD > 0,1% sau điều trị cảm ứng, tỷ lệ sống thêm toàn bộ 5 năm của nhóm này là 58,8%. Đặc biệt, tỷ lệ EFS tại thời điểm 5 năm của nhóm bệnh nhi có đột biến gen TEL-AML1 là 96,6% (95% CI: 94,4–98,8) [69]. Tổ chức CCG đã thực hiện điều trị trên 13.298 bệnh nhi ALL dưới 21 tuổi với 16 thử nghiệm lâm sàng từ năm 1983 đến 2002 [70]",{}
NghienCuuMotSoBienDoiDiTruyenVaLienQuanToiKetQuaDieuTriSomOBenhLoXeMiCapDongLymphoTreEmTheoPhacDoFralle2000.md:89,NghienCuuMotSoBienDoiDiTruyenVaLienQuanToiKetQuaDieuTriSomOBenhLoXeMiCapDongLymphoTreEmTheoPhacDoFralle2000.md,89,687,". Tổ chức CCG đã thực hiện điều trị trên 13.298 bệnh nhi ALL dưới 21 tuổi với 16 thử nghiệm lâm sàng từ năm 1983 đến 2002 [70]. Kết quả được tổng hợp qua ba giai đoạn, giai đoạn 1983–1988, giai đoạn 1989–1995 và giai đoạn 1996–2002. Trong ba khoảng thời gian, tỷ lệ EFS tại thời điểm 10 năm cho nhóm nguy cơ tiêu chuẩn và nguy cơ cao ở bệnh nhi B-ALL lần lượt là 68% và 58%, 77% và 63%, 78% và 67%; trong khi đối với nguy cơ tiêu chuẩn và nguy cơ cao hơn ở nhóm bệnh nhi T-ALL, EFS lần lượt là 65% và 56%, 78% và 68%, và 70% và 72%. EFS 5 năm cho trẻ sơ sinh lần lượt là 36%, 38% và 43% [71]. Dưới đây là tổng hợp một số báo cáo theo dõi kết quả điều trị của một số nhóm nghiên cứu [71].",{}
NghienCuuMotSoBienDoiDiTruyenVaLienQuanToiKetQuaDieuTriSomOBenhLoXeMiCapDongLymphoTreEmTheoPhacDoFralle2000.md:90,NghienCuuMotSoBienDoiDiTruyenVaLienQuanToiKetQuaDieuTriSomOBenhLoXeMiCapDongLymphoTreEmTheoPhacDoFralle2000.md,90,590,"Bảng 1.8. Các nhóm nghiên cứu có báo cáo kết quả điều trị gần đây Nhóm NC Khoảng thời gian NC Tuổi Số lƣợng BN Số lƣợng NC EFS thời điểm 10 năm AIEOP 1982-2000 71,7 1,3% BFM 1981-2000 < 18 78,0 1,1% CCG 1983-2002 < 21 72,6 2,9% COALL 1982-2003 < 18 76,3 3,0% CPH 1990-2002 < 18 72,1 2,3% DCOG 1984-2004 < 18 70,0 2,1% DFCI 1985-2000 < 18 80,8 2,1% INS 1984-2003 < 18 76,5 2,4% JCCLSG 1981-1993 < 18 63,4 3,3% NOPHO 1992-2007 1 - < 15 75,0 1,0% POG 1984-2001 1 - < 22 73,2 2,1% SJCRH 1984-1999 77,6 2,9% TCCSG 1984-1995 1 - < 15 75,0 1,8% TPOG 1997-2007 72,5 1,3% UK-WPCL 1980-2002 74,1 1,0%",{}
NghienCuuMotSoBienDoiDiTruyenVaLienQuanToiKetQuaDieuTriSomOBenhLoXeMiCapDongLymphoTreEmTheoPhacDoFralle2000.md:91,NghienCuuMotSoBienDoiDiTruyenVaLienQuanToiKetQuaDieuTriSomOBenhLoXeMiCapDongLymphoTreEmTheoPhacDoFralle2000.md,91,766,"AIEOP: Associazione Italiana di Ematologia ed Oncologia Pediatrica (Italy); BFM: Berlin-Frankfurt-Münster ALL Study Group (Germany, Austria, Switzerland); CCG: Children’s Cancer Group (USA); COALL: Cooperative ALL Study Group (Germany); DCOG: Dutch Childhood Oncology Group (Netherlands); DFCI: Dana-Farber Cancer Institute ALL Consortium (USA); INS: Israeli National Studies of childhood ALL; JCCLSG: Japanese Childhood Cancer and Leukemia Study Group; NOPHO: Nordic Society of Pediatric Hematology and Oncology; POG: Pediatric Oncology Group (USA); SJCRH: St. Jude Children’s Research Hospital (USA); TCCSG: Tokyo Children’s Cancer Study Group; TPOG: Taiwan Pediatric Oncology Group; UK-WPCL: UK Medical Research Council Working Party on Childhood Leukaemia (U.K).",{}
NghienCuuMotSoBienDoiDiTruyenVaLienQuanToiKetQuaDieuTriSomOBenhLoXeMiCapDongLymphoTreEmTheoPhacDoFralle2000.md:92,NghienCuuMotSoBienDoiDiTruyenVaLienQuanToiKetQuaDieuTriSomOBenhLoXeMiCapDongLymphoTreEmTheoPhacDoFralle2000.md,92,714,"1.5.2. Nghiên cứu về điều trị lơ xê mi cấp dòng lympho trẻ em tại Việt Nam Tại Việt Nam, một số phác đồ đã được áp dụng tại các trung tâm điều trị ALL trẻ em. Những báo cáo gần đây được ghi nhận như sau: Nghiên cứu của tác giả Bùi Ngọc Lan năm 2004, tỷ lệ lui bệnh hoàn toàn sau điều trị tấn công là 87,8%, tỷ lệ tử vong liên quan đến điều trị là 12,3%, tái phát là 12,2%, OS 5 năm đạt 74,2%, EFS 5 năm là 68,1% [13]. Nghiên cứu của tác giả Nguyễn Thị Mai Hương, 102 trẻ ALL nguy cơ cao tại Viện Nhi Trung ương điều trị theo phác đồ CCG 1961 ghi nhận được kết quả: 88,2% bệnh nhi đạt CR sau điều trị tấn công, tỷ lệ tái phát là 16,7%, tỷ lệ tử vong liên quan đến điều trị là 37,3%, OS 5 năm đạt 48,6%, EFS 46% [72]",{}
NghienCuuMotSoBienDoiDiTruyenVaLienQuanToiKetQuaDieuTriSomOBenhLoXeMiCapDongLymphoTreEmTheoPhacDoFralle2000.md:93,NghienCuuMotSoBienDoiDiTruyenVaLienQuanToiKetQuaDieuTriSomOBenhLoXeMiCapDongLymphoTreEmTheoPhacDoFralle2000.md,93,821,". Nghiên cứu của tác giả Võ Thị Thanh Trúc năm 2010 trên 120 bệnh nhi ALL được điều trị bằng phác đồ FRALLE 2000, tỷ lệ đạt lui bệnh hoàn toàn sau điều trị tấn công đạt 97,6%, tỷ lệ lui bệnh một phần đạt 0,8%, chỉ có 1,6% bệnh nhi tử vong trong quá trình điều trị tấn công; OS 5 năm đạt 87,5%, EFS 5 năm đạt 80,0% [73]. Nghiên cứu so sánh đáp ứng điều trị khi áp dụng phác đồ FRALLE 2000 giữa trẻ em Việt Nam và trẻ da trắng (Bỉ) năm 2014 của tác giả Phuong Thu Vu Hoang và cộng sự nhận thấy: trẻ LXM cấp ở Việt Nam có một số hằng số sinh học xấu hơn so với trẻ em da trắng, tỷ lệ sống thêm không tái phát (RFS- Relapse Free Survival) tại thời điểm 18 tháng và 5 năm ở trẻ em Việt Nam thấp hơn có ý nghĩa so với trẻ da trắng với tỷ lệ lần lượt là 70,4% và 47,8% ở trẻ em Việt Nam so với 95,7% và 83,8% ở trẻ da trắng [74]",{}
NghienCuuMotSoBienDoiDiTruyenVaLienQuanToiKetQuaDieuTriSomOBenhLoXeMiCapDongLymphoTreEmTheoPhacDoFralle2000.md:94,NghienCuuMotSoBienDoiDiTruyenVaLienQuanToiKetQuaDieuTriSomOBenhLoXeMiCapDongLymphoTreEmTheoPhacDoFralle2000.md,94,502,". Các nghiên cứu khác trong những năm gần đây với cùng phác đồ FRALLE 2000 đã bước đầu nghiên cứu những hướng mới như biến đổi di truyền và điều trị tấn công ALL trẻ em của tác giả Trần Quỳnh Mai [75], nghiên cứu về vai trò của MRD của tác giả Võ Thị Thanh Trúc [76], nghiên cứu hiệu quả điều trị với thời gian theo dõi nên đến 10 năm [77], nghiên cứu kết quả điều trị trên nhóm bệnh nhi có chuyển đoạn t(12;21) của Cai Thị Thu Ngân [78]…góp phần nâng cao chẩn đoán và điều trị ALL trẻ em tại Việt Nam.",{}
NghienCuuMotSoBienDoiDiTruyenVaLienQuanToiKetQuaDieuTriSomOBenhLoXeMiCapDongLymphoTreEmTheoPhacDoFralle2000.md:95,NghienCuuMotSoBienDoiDiTruyenVaLienQuanToiKetQuaDieuTriSomOBenhLoXeMiCapDongLymphoTreEmTheoPhacDoFralle2000.md,95,45,"CHƢƠNG 2

ĐỐI TƢỢNG VÀ PHƢƠNG PHÁP NGHIÊN CỨU",{}
NghienCuuMotSoBienDoiDiTruyenVaLienQuanToiKetQuaDieuTriSomOBenhLoXeMiCapDongLymphoTreEmTheoPhacDoFralle2000.md:96,NghienCuuMotSoBienDoiDiTruyenVaLienQuanToiKetQuaDieuTriSomOBenhLoXeMiCapDongLymphoTreEmTheoPhacDoFralle2000.md,96,825,"2.1. ĐỐI TƢỢNG NGHIÊN CỨU Đối tượng nghiên cứu là 288 bệnh nhi được chẩn đoán ALL, điều trị tại Viện Huyết học - Truyền máu Trung ương từ 1/8/2016 đến 1/8/2019. Trong số 288 bệnh nhi nghiên cứu, tất cả các bệnh nhi được thực hiện xét nghiệm xác định đột biến dung hợp gen (với 4 gen đột biến) và xét nghiệm công thức NST (có 188 bệnh nhi trong nghiên cứu có kết quả phân tích công thức NST). Tất cả các bệnh nhi được điều trị bằng phác đồ FRALLE 2000 theo các nhóm nguy cơ. 2.1.1. Tiêu chuẩn lựa chọn bệnh nhi - Bệnh nhi được chẩn đoán xác định là ALL; - Tuổi < 16 tuổi; - Gia đình bệnh nhi chấp nhận điều trị hoá chất và đồng ý tham gia nghiên cứu. 2.1.2. Tiêu chuẩn loại trừ bệnh nhi - Lơ xê mi cấp thể L3; - Lơ xê mi cấp có hội chứng Down; - Lơ xê mi cấp thứ phát; - Bệnh nhi bỏ điều trị. 2.2. PHƢƠNG PHÁP NGHIÊN CỨU 2.2.1",{}
NghienCuuMotSoBienDoiDiTruyenVaLienQuanToiKetQuaDieuTriSomOBenhLoXeMiCapDongLymphoTreEmTheoPhacDoFralle2000.md:97,NghienCuuMotSoBienDoiDiTruyenVaLienQuanToiKetQuaDieuTriSomOBenhLoXeMiCapDongLymphoTreEmTheoPhacDoFralle2000.md,97,294,". 2.1.2. Tiêu chuẩn loại trừ bệnh nhi - Lơ xê mi cấp thể L3; - Lơ xê mi cấp có hội chứng Down; - Lơ xê mi cấp thứ phát; - Bệnh nhi bỏ điều trị. 2.2. PHƢƠNG PHÁP NGHIÊN CỨU 2.2.1. Thiết kế nghiên cứu - Nghiên cứu mô tả cắt ngang; - Nghiên cứu can thiệp không có nhóm đối chứng, không ngẫu nhiên.",{}
NghienCuuMotSoBienDoiDiTruyenVaLienQuanToiKetQuaDieuTriSomOBenhLoXeMiCapDongLymphoTreEmTheoPhacDoFralle2000.md:98,NghienCuuMotSoBienDoiDiTruyenVaLienQuanToiKetQuaDieuTriSomOBenhLoXeMiCapDongLymphoTreEmTheoPhacDoFralle2000.md,98,846,"2.2.2. Cỡ mẫu - Cỡ mẫu thuận tiện: Tất cả các bệnh nhi mới, được chẩn đoán ALL nhập viện trong thời gian nghiên cứu. Dự kiến ban đầu là 250-300 bệnh nhi. Trong thời gian nghiên cứu, có 322 bệnh nhi chẩn đoán ALL mới, nhưng chỉ có 288 bệnh nhi đủ tiêu chuẩn lựa chọn. 34 bệnh nhi bị loại khỏi nghiên cứu do không được làm đầy đủ xét nghiệm khảo sát hoặc không đảm bảo tiêu chuẩn lựa chọn như: không đồng ý điều trị hóa chất, bỏ điều trị, lơ xê mi cấp thứ phát, lơ xê mi cấp có hội chứng Down. 2.2.3. Nội dung và các thông số nghiên cứu a. Mục tiêu 1: Nghiên cứu mô tả cắt ngang – Nội dung nghiên cứu: Xác định bất thƣờng nhiễm sắc thể, một số đột biến dung hợp gen và liên quan đến một số đặc điểm lâm sàng, xếp loại lơ xê mi cấp dòng lympho trẻ em theo phác đồ FRALLE 2000: + Đặc điểm chung nhóm bệnh nhi nghiên cứu: Tuổi, giới, xếp loại thể bệnh",{}
NghienCuuMotSoBienDoiDiTruyenVaLienQuanToiKetQuaDieuTriSomOBenhLoXeMiCapDongLymphoTreEmTheoPhacDoFralle2000.md:99,NghienCuuMotSoBienDoiDiTruyenVaLienQuanToiKetQuaDieuTriSomOBenhLoXeMiCapDongLymphoTreEmTheoPhacDoFralle2000.md,99,839,". + Xác định bất thường nhiễm sắc thể và một số đột biến dung hợp gen:  Xác định bất thường nhiễm sắc thể: Dựa trên số liệu của 188 bệnh nhi có kết quả phân tích NST (288 bệnh nhi trong nghiên cứu đều được thực hiện xét nghiệm NST tuy nhiên chỉ có 188 bệnh nhi có kết quả phân tích NST đủ tiêu chuẩn): Xác định tỷ lệ bất thường NST, phân tích đặc điểm bất thường số lượng, cấu trúc, bất thường theo thể xếp loại miễn dịch.  Xác định tỷ lệ một số đột biến dung hợp gen có ý nghĩa trong lơ xê mi cấp dòng lympho trẻ em: Dựa trên 288 bệnh nhi được thực hiện xét nghiệm PCR phát hiện 4 đột biến dung hợp gen: BCR-ABL1, MLL-AF4, E2A- PBX1, TEL-AML1. Lựa chọn 4 đột biến dung hợp gen trong nghiên cứu vì 4 đột biến gen này có tần xuất cao và có ý nghĩa trong tiên lượng: trong đó đột biến gen TEL-AML1 mang ý nghĩa tiên lượng tốt, đột biến gen",{}
NghienCuuMotSoBienDoiDiTruyenVaLienQuanToiKetQuaDieuTriSomOBenhLoXeMiCapDongLymphoTreEmTheoPhacDoFralle2000.md:100,NghienCuuMotSoBienDoiDiTruyenVaLienQuanToiKetQuaDieuTriSomOBenhLoXeMiCapDongLymphoTreEmTheoPhacDoFralle2000.md,100,813,"MLL-AF4 và BCR-ABL1 có ý nghĩa tiên lượng xấu, được xếp vào nhóm nguy cơ rất cao trong phác đồ FRALLE 2000, đột biến gen E2A-PBX1 có tiên lượng trung bình nhưng nguy cơ thâm nhiễm TKTW cao. Đây cũng là 4 đột biến dung hợp gen được khuyến cáo trong phác đồ FRALLE 2000 [79],[80].  Xếp nhóm nguy cơ theo phác đồ FRALLE 2000 tại thời điểm chẩn đoán và nhóm nguy cơ theo biến đổi di truyền đối với lơ xê mi cấp dòng lympho B theo tiêu chuẩn của A. Moorman dựa trên các bất thường nhiễm sắc thể và các đột biến dung hợp gen được khảo sát trong nghiên cứu [81]. + Một số đặc điểm lâm sàng, xét nghiệm theo các nhóm biến đổi di truyền lơ xê mi cấp dòng lympho B và lơ xê mi cấp dòng lympho T: Đặc điểm lâm sàng, tuổi, số lượng bạch cầu tại thời điểm chẩn đoán, các thể dưới nhóm xếp loại miễn dịch, đặc điểm dấu ấn CD10",{}
NghienCuuMotSoBienDoiDiTruyenVaLienQuanToiKetQuaDieuTriSomOBenhLoXeMiCapDongLymphoTreEmTheoPhacDoFralle2000.md:101,NghienCuuMotSoBienDoiDiTruyenVaLienQuanToiKetQuaDieuTriSomOBenhLoXeMiCapDongLymphoTreEmTheoPhacDoFralle2000.md,101,822,". + Tìm hiểu mối liên quan giữa xếp nhóm nguy cơ theo biến đổi di truyền và xếp nhóm nguy cơ theo phác đồ FRALLE 2000 với nhóm bệnh nhi lơ xê mi cấp dòng lympho B. – Các thông số nghiên cứu: + Thông tin hành chính: Tuổi, giới; + Thông số lâm sàng: Thiếu máu, xuất huyết, sốt, gan to, lách to, hạch to, đau xương…; + Số lượng bạch cầu (SLBC) tại thời điểm chẩn đoán; + Chỉ số xét nghiệm xếp loại miễn dịch: thể LXM cấp theo xếp loại miễn dịch, các dưới nhóm, CD10, các CD khác trong panel xếp loại miễn dịch (Các CD đặc trưng dòng lympho, dấu ấn CD bất thường); + Chỉ số xét nghiệm di truyền, sinh học phân tử:  Xét nghiệm công thức nhiễm sắc thể từ dịch hút tủy xương: phân tích các bất thường số lượng, cấu trúc NST.  Xét nghiệm sinh học phân tử phát hiện 4 đột biến dung hợp gen: BCR-ABL1, MLL-AF4, E2A-PBX1, TEL-AML1.",{}
NghienCuuMotSoBienDoiDiTruyenVaLienQuanToiKetQuaDieuTriSomOBenhLoXeMiCapDongLymphoTreEmTheoPhacDoFralle2000.md:102,NghienCuuMotSoBienDoiDiTruyenVaLienQuanToiKetQuaDieuTriSomOBenhLoXeMiCapDongLymphoTreEmTheoPhacDoFralle2000.md,102,641,"b. Mục tiêu 2: Nghiên cứu can thiệp, không có nhóm đối chứng, không ngẫu nhiên – Nội dung nghiên cứu: Đánh giá kết quả điều trị sớm và liên quan đến một số bất thƣờng nhiễm sắc thể, đột biến dung hợp một số gen. Các bệnh nhi trong nghiên cứu được điều trị theo các phân nhóm nguy cơ của phác đồ FRALLE 2000 và theo dõi sau điều trị. Kết quả điều trị sớm là kết quả đánh giá thông qua đáp ứng sớm, sau điều trị tấn công và đánh giá tái phát sau khi bệnh nhi đạt được lui bệnh hoàn toàn, đánh giá xác suất sống còn tại thời điểm 12 tháng. Thời gian theo dõi dài nhất là 39 tháng, ngắn nhất là 3 tháng, trung vị thời gian theo dõi là 15,9 tháng",{}
NghienCuuMotSoBienDoiDiTruyenVaLienQuanToiKetQuaDieuTriSomOBenhLoXeMiCapDongLymphoTreEmTheoPhacDoFralle2000.md:103,NghienCuuMotSoBienDoiDiTruyenVaLienQuanToiKetQuaDieuTriSomOBenhLoXeMiCapDongLymphoTreEmTheoPhacDoFralle2000.md,103,784,". Thời gian theo dõi dài nhất là 39 tháng, ngắn nhất là 3 tháng, trung vị thời gian theo dõi là 15,9 tháng. + Đánh giá kết quả sớm của điều trị theo phác đồ FRALLE 2000: Đánh giá đáp ứng sớm (huyết đồ ngày 8, tủy đồ ngày 21), đánh giá đáp ứng lui bệnh về huyết học và tồn dư tối thiểu của bệnh sau điều trị tấn công, xác định tỷ lệ tái phát sau điều trị, xác suất sống còn (OS và EFS) 12 tháng). So sánh giữa các nhóm nguy cơ theo xếp nhóm của phác đồ FRALLE 2000, bao gồm đánh giá theo các nhóm nguy cơ ABT tại thời điểm chẩn đoán và đánh giá theo nhóm nguy cơ được chia lại sau khi có kết quả đánh giá đáp ứng sớm trong điều trị tấn công. + Đánh giá kết quả điều trị sớm các nhóm nguy cơ theo biến đổi di truyền lơ xê mi cấp dòng lympho B: So sánh kết quả điều trị sớm giữa các nhóm",{}
NghienCuuMotSoBienDoiDiTruyenVaLienQuanToiKetQuaDieuTriSomOBenhLoXeMiCapDongLymphoTreEmTheoPhacDoFralle2000.md:104,NghienCuuMotSoBienDoiDiTruyenVaLienQuanToiKetQuaDieuTriSomOBenhLoXeMiCapDongLymphoTreEmTheoPhacDoFralle2000.md,104,567,". + Đánh giá kết quả điều trị sớm các nhóm nguy cơ theo biến đổi di truyền lơ xê mi cấp dòng lympho B: So sánh kết quả điều trị sớm giữa các nhóm. Dựa trên kết quả đáp ứng sớm (huyết đồ ngày 8, tủy đồ ngày 21), đánh giá đáp ứng lui bệnh về huyết học và tồn dư tối thiểu của bệnh sau điều trị tấn công, xác định tỷ lệ tái phát sau điều trị, xác suất sống còn (OS 12 tháng và EFS 12 tháng) giữa các nhóm. + Tìm hiểu mối liên quan giữa một số yếu tố với xác suất sống còn: Tìm hiểu mối liên quan đơn biến và đa biến đến xác suất sống thêm toàn bộ tại thời điểm 12 tháng.",{}
NghienCuuMotSoBienDoiDiTruyenVaLienQuanToiKetQuaDieuTriSomOBenhLoXeMiCapDongLymphoTreEmTheoPhacDoFralle2000.md:105,NghienCuuMotSoBienDoiDiTruyenVaLienQuanToiKetQuaDieuTriSomOBenhLoXeMiCapDongLymphoTreEmTheoPhacDoFralle2000.md,105,736,"– Thông số nghiên cứu: + Tỷ lệ đáp ứng sớm với corticoid: Nhạy cảm corticoid, kháng corticoid ngày 8; + Tỷ lệ đáp ứng hóa trị ngày 21 dựa trên tủy đồ: Chia các mức M1, M2, M3; + Tỷ lệ đáp ứng sau điều trị tấn công: Lui bệnh hoàn toàn (CR), Lui bệnh không hoàn toàn (CRi), không lui bệnh (NR); + MRD bằng phương pháp flowcytometry sau điều trị tấn công: Chia các mức: MRD < 10-4; 10-4 ≤ MRD < 10-3; 10-3 ≤ MRD <10-2, MRD ≥ 10-2; + Tỷ lệ tái phát sau điều trị: Đánh giá tái phát sau khi bệnh nhi đã đạt lui bệnh tối thiểu 01 tháng: Ghi nhận các biến: tái phát tủy xương (có/không), tái phát TKTW (có/không), tái phát ngoài tủy khác (có/không? Vị trí tái phát); + OS 12 tháng; + EFS 12 tháng. 2.2.4. Vật liệu và kỹ thuật nghiên cứu 2.2.4.1",{}
NghienCuuMotSoBienDoiDiTruyenVaLienQuanToiKetQuaDieuTriSomOBenhLoXeMiCapDongLymphoTreEmTheoPhacDoFralle2000.md:106,NghienCuuMotSoBienDoiDiTruyenVaLienQuanToiKetQuaDieuTriSomOBenhLoXeMiCapDongLymphoTreEmTheoPhacDoFralle2000.md,106,696,". 2.2.4. Vật liệu và kỹ thuật nghiên cứu 2.2.4.1. Bệnh phẩm - Máu ngoại vi: + 2 ml máu tĩnh mạch chống đông bằng EDTA K3 để đếm các chỉ số huyết học máu ngoại vi và làm tiêu bản máu đàn; - Dịch hút tủy xƣơng: Lấy tủy ở gai chậu sau trên của bệnh nhi. + 0,5 ml dịch tủy có chống đông bằng EDTA K3 để làm xét nghiệm huyết tuỷ đồ, nhuộm hoá học tế bào; + 1 ml dịch tủy có chống đông bằng EDTA K3 để làm xếp loại miễn dịch bằng kỹ thuật đếm tế bào dòng chảy; + Lấy 0,5ml dịch tủy có chống đông heparin sodium cho vào ống nghiệm có 1,5ml môi trường nuôi cấy tế bào RPMI 1640; + Lấy 1ml dịch tủy cho vào ống chống đông EDTA K3, tách tế bào BC, bảo quản mẫu để làm xét nghiệm PCR phát hiện đột biến gen;",{}
NghienCuuMotSoBienDoiDiTruyenVaLienQuanToiKetQuaDieuTriSomOBenhLoXeMiCapDongLymphoTreEmTheoPhacDoFralle2000.md:107,NghienCuuMotSoBienDoiDiTruyenVaLienQuanToiKetQuaDieuTriSomOBenhLoXeMiCapDongLymphoTreEmTheoPhacDoFralle2000.md,107,818,"2.2.4.2. Phương tiện, dụng cụ nghiên cứu, quy trình kỹ thuật xét nghiệm - Các kỹ thuật xét nghiệm được thực hiện tại các khoa: Tế bào – Tổ chức học, Miễn dịch, Di truyền – Sinh học phân tử theo quy trình chuẩn của Viện Huyết học – Truyền máu Trung ương. Các quy trình được thực hiện đã thông qua hội đồng khoa học kỹ thuật của Viện. Nghiên cứu sử dụng các trang thiết bị, phương tiện dụng cụ hiện đại, trong đó có: + Các hệ thống máy đếm tế bào tự động DXH – 800 của Beckman Coulter, ADVIA 2120i của Siemens; + Hệ thống máy Đếm tế bào dòng chảy Navios của hãng BD, và hệ thống máy FC500 của Beckman Coulter; + Hệ thống tìm và phân tích nhiễm sắc thể của hãng ZEISS; + Hệ thống máy PCR của hãng BioRad. - Quy trình xét nghiệm với dịch hút tế bào tủy xƣơng: + Xét nghiệm tủy đồ: Phân tích hình thái, nhuộm hóa học tế bào",{}
NghienCuuMotSoBienDoiDiTruyenVaLienQuanToiKetQuaDieuTriSomOBenhLoXeMiCapDongLymphoTreEmTheoPhacDoFralle2000.md:108,NghienCuuMotSoBienDoiDiTruyenVaLienQuanToiKetQuaDieuTriSomOBenhLoXeMiCapDongLymphoTreEmTheoPhacDoFralle2000.md,108,679,". - Quy trình xét nghiệm với dịch hút tế bào tủy xƣơng: + Xét nghiệm tủy đồ: Phân tích hình thái, nhuộm hóa học tế bào. + Xét nghiệm xếp loại miễn dịch: Sử dụng phương pháp đếm tế bào theo dòng chảy, phân tích các CD với 8 màu.  Giai đoạn 1: (lúc mới chẩn đoán) Panel kháng thể đơn dòng để chẩn đoán bệnh LXM cấp tại Viện Huyết học – Truyền máu Trung ương có tổng cộng 38 CD, chia thành 2 vòng. o Vòng 1: (sàng lọc) Các mẫu tủy được nhuộm cùng một bộ thuốc thử gồm 19 CD để chẩn đoán sơ bộ và gợi ý dòng của quần thể tế bào non. + Dấu ấn chung của tế bào tạo máu: CD45; + Dấu ấn non: HLA-DR, CD34, CD117; + Dấu ấn dòng tủy: CD13, CD33, CD15, MPO; + Dấu ấn dòng mono: CD14, CD64;",{}
NghienCuuMotSoBienDoiDiTruyenVaLienQuanToiKetQuaDieuTriSomOBenhLoXeMiCapDongLymphoTreEmTheoPhacDoFralle2000.md:109,NghienCuuMotSoBienDoiDiTruyenVaLienQuanToiKetQuaDieuTriSomOBenhLoXeMiCapDongLymphoTreEmTheoPhacDoFralle2000.md,109,804,"+ Dấu ấn dòng lympho B: CD19, CD20, CD22, CD10, CD79a; + Dấu ấn dòng lympho T: CD3, CD7, CD4, CD8. o Vòng 2: (xếp loại dưới nhóm) Dựa vào gợi ý của bước 1 hướng đến dòng tế bào nào, tiếp tục thiết kế thêm một số ống để xác định chính xác: CD71, CD235a, CD5, CyCD3, TdT, CD1a, CD2, CD38, IgM, FMC7, Kappa, Lamda, CD11b, CD41, CD61, CD16, CD56, CD138, CD38. – Giai đoạn 2: (sau hóa trị liệu): Xác định MRD: o Sử dụng mẫu tủy của bệnh nhi đã trải qua giai đoạn điều trị theo các phác đồ chuẩn đối với từng nhóm bệnh và được xác định lui bệnh hoàn toàn theo tiêu chuẩn của Hiệp hội chống ung thư quốc tế UICC/WHO. o Tiến hành khảo sát dấu ấn miễn dịch của bệnh nhi bao gồm cả dấu ấn miễn dịch bất thường: Số lượng tế bào blast, sự tái hoạt hóa tế bào trong tủy, kiểu hình dấu ấn miễn dịch bất thường (nếu có)",{}
NghienCuuMotSoBienDoiDiTruyenVaLienQuanToiKetQuaDieuTriSomOBenhLoXeMiCapDongLymphoTreEmTheoPhacDoFralle2000.md:110,NghienCuuMotSoBienDoiDiTruyenVaLienQuanToiKetQuaDieuTriSomOBenhLoXeMiCapDongLymphoTreEmTheoPhacDoFralle2000.md,110,701,". + Xét nghiệm di truyền: o Nuôi cấy tế bào tuỷ xương: Phân tích xét nghiệm nhiễm sắc thể từ dịch hút tế bào tủy xương. o Lưu mẫu làm gen và xét nghiệm các đột biến dung hợp gen khi có chẩn đoán xác định lơ xê mi cấp dòng lympho: Các đột biến gen E2A- PBX1; MLL-AF4; TEL-AML1 bằng phương pháp RT-PCR đơn cho từng đột biến gen, đột biến gen BCR-ABL1 bằng phương pháp Nested-RT-PCR cho cả BCR-ABL1 p190 và BCR-ABL1 p210. Quy trình xét nghiệm và hóa chất, sinh phẩm làm xét nghiệm di truyền: Xin xem phần phụ lục. 2.2.5. Các tiêu chuẩn xếp loại và đánh giá đáp ứng Các triệu chứng lâm sàng được thăm khám và nhận định bởi các bác sĩ chuyên khoa, điều trị tại khoa Bệnh máu trẻ em, Viện Huyết học – Truyền",{}
NghienCuuMotSoBienDoiDiTruyenVaLienQuanToiKetQuaDieuTriSomOBenhLoXeMiCapDongLymphoTreEmTheoPhacDoFralle2000.md:111,NghienCuuMotSoBienDoiDiTruyenVaLienQuanToiKetQuaDieuTriSomOBenhLoXeMiCapDongLymphoTreEmTheoPhacDoFralle2000.md,111,632,"máu Trung ương. Các phương pháp xét nghiệm tế bào, miễn dịch, di truyền, sinh học phân tử được tiến hành theo quy trình chuẩn tại Viện Huyết học – Truyền máu Trung ương. Một số tiêu chuẩn đánh giá áp dụng trong nghiên cứu được mô tả dưới đây: - Tiêu chuẩn chẩn đoán lơ xê mi cấp dòng lympho: Theo NCCN 2.2016 [82]: + Tăng sinh ≥ 20% nguyên bào lympho trong tủy xương, được xác định dựa trên:  Hình thái tế bào trên tủy đồ hoặc sinh thiết tủy xương;  Miễn dịch tế bào bằng phương pháp đếm tế bào dòng chảy (flow cytometry): Dương tính với dấu ấn miễn dịch dòng lympho. – Tiêu chuẩn đánh giá mức độ thiếu máu: Theo WHO [83] Bảng 2.1",{}
NghienCuuMotSoBienDoiDiTruyenVaLienQuanToiKetQuaDieuTriSomOBenhLoXeMiCapDongLymphoTreEmTheoPhacDoFralle2000.md:112,NghienCuuMotSoBienDoiDiTruyenVaLienQuanToiKetQuaDieuTriSomOBenhLoXeMiCapDongLymphoTreEmTheoPhacDoFralle2000.md,112,616,". – Tiêu chuẩn đánh giá mức độ thiếu máu: Theo WHO [83] Bảng 2.1. Đánh giá mức độ thiếu máu ở trẻ em Độ tuổi Không thiếu máu Thiếu máu Nhẹ Vừa Nặng Trẻ từ 0 - < 5 tuổi > 110 g/L 100 -109 g/L 70-99 g/L < 70 g/L Trẻ từ 5 - 11 tuổi > 115 g/L 110-114 g/L 80-109 g/L < 80 g/L Trẻ từ 12 - 16 tuổi > 120 g/L 110-119 g/L 80-109 g/L < 80 g/L – Tiêu chuẩn đánh giá trên xếp loại miễn dịch [84]: + Với mỗi một CD nếu tỷ lệ dương tính ≥ 20% thì được gọi là dương tính với CD đó, còn < 20% thì được gọi là âm tính; + Đồng biểu hiện kháng nguyên: Khi có ≥ 2 CD cần phân tích cùng xuất hiện trên một tế bào với mật độ tế bào ≥ 20%;",{}
NghienCuuMotSoBienDoiDiTruyenVaLienQuanToiKetQuaDieuTriSomOBenhLoXeMiCapDongLymphoTreEmTheoPhacDoFralle2000.md:113,NghienCuuMotSoBienDoiDiTruyenVaLienQuanToiKetQuaDieuTriSomOBenhLoXeMiCapDongLymphoTreEmTheoPhacDoFralle2000.md,113,858," Xếp loại miễn dịch lơ xê mi cấp dòng lympho: Tham khảo bảng 1.3 và bảng 1.4, mục 1.2.3 (trang 12). + Tiêu chuẩn xếp loại lơ xê mi cấp thể lai như sau [37]: Bảng 2.2. Xếp loại lơ xê mi cấp thể lai Thang điểm

Dòng tế bào 0,5 Lympho B CD79a, cyCD22, cyIgM CD19, CD20, CD10 TdT, CD24 Lympho T CD3, Anti- TCR/, Anti- TCR/ CD2, CD5, CD8, CD10 TdT, CD7, CD1a Dòng tủy MPO CD117, CD33, CD13, CD65 CD14, CD15, CD64 Chẩn đoán LXM cấp thể lai khi có > 2 điểm cho mỗi dòng - Tiêu chuẩn đánh giá bất thƣờng nhiễm sắc thể: Theo quy định danh cụm phân bào. Quy định bất thường nhiễm sắc thể khi: + Bất thường cấu trúc: Khi có tối thiểu 2 cụm phân bào có cùng một bất thường cấu trúc. + Bất thường số lượng:  Trên lưỡng bội: Khi có tối thiểu 2 cụm phân bào có thêm cùng một nhiễm sắc thể;  Dưới lưỡng bội: Khi có tối thiểu 3 cụm phân bào mất cùng một nhiễm sắc thể.",{}
NghienCuuMotSoBienDoiDiTruyenVaLienQuanToiKetQuaDieuTriSomOBenhLoXeMiCapDongLymphoTreEmTheoPhacDoFralle2000.md:114,NghienCuuMotSoBienDoiDiTruyenVaLienQuanToiKetQuaDieuTriSomOBenhLoXeMiCapDongLymphoTreEmTheoPhacDoFralle2000.md,114,377,"- Tiêu chuẩn chia nhóm nguy cơ theo biến đổi di truyền Lơ xê mi cấp dòng lympho B theo A.V. Moorman [81]: Bảng 2.3. Chia nhóm nguy cơ theo biến đổi di truyền Lơ xê mi cấp dòng lympho B Nhóm nguy cơ Bất thƣờng di truyền

Nguy cơ thấp Trên lưỡng bội tăng nhiều nhiễm sắc thể (51-65 NST) t(12;21)(p13;q32) TEL-AML1 Nguy cơ trung bình B-ALL khác t(1;19) E2A-PBX1 IGH translocations",{}
NghienCuuMotSoBienDoiDiTruyenVaLienQuanToiKetQuaDieuTriSomOBenhLoXeMiCapDongLymphoTreEmTheoPhacDoFralle2000.md:115,NghienCuuMotSoBienDoiDiTruyenVaLienQuanToiKetQuaDieuTriSomOBenhLoXeMiCapDongLymphoTreEmTheoPhacDoFralle2000.md,115,863,"Nguy cơ thấp Trên lưỡng bội tăng nhiều nhiễm sắc thể (51-65 NST) t(12;21)(p13;q32) TEL-AML1 Nguy cơ trung bình B-ALL khác t(1;19) E2A-PBX1 IGH translocations

Nguy cơ cao Dưới lưỡng bội Gần nửa lưỡng bội iAMP21 t(v;11q23): sự sắp xếp lại gen MLL; trong đó có t(4;11) t(9;22)(q34;q11.2) BCR-ABL1 Tổn thương NST phức tạp t(17;19) E2A-HLF Hạn chế của nghiên cứu là một số đột biến gen chưa thực hiện được như iAMP21, IGH translocations, các biến đổi khác của gen MLL. Những trường hợp không phát hiện đột biến, bệnh nhi được xếp loại vào nhóm nguy cơ trung bình. - Xếp loại nhóm nguy cơ điều trị (ABT) theo phác đồ FRALLE 2000 [34]: + Nhóm A: Nguy cơ chuẩn (Standard risk): Lơ xê mi cấp dòng lympho B, 1<tuổi<10, số lượng bạch cầu < 50G/L và có đủ các yếu tố sau:  Không có thâm nhiễm hệ thần kinh trung ương;  Không có t(9;22), t(4;11) hoặc bộ nhiễm sắc thể < 44;",{}
NghienCuuMotSoBienDoiDiTruyenVaLienQuanToiKetQuaDieuTriSomOBenhLoXeMiCapDongLymphoTreEmTheoPhacDoFralle2000.md:116,NghienCuuMotSoBienDoiDiTruyenVaLienQuanToiKetQuaDieuTriSomOBenhLoXeMiCapDongLymphoTreEmTheoPhacDoFralle2000.md,116,885," BCR-ABL1 hay MLL-AF4 âm tính;  Không hiện diện sự tái sắp xếp gen MLL phát hiện bằng kỹ thuật Southern blot hay FISH cho trường hợp CD10 (+) yếu;  CD10 (+). Nhóm A sẽ được chia ra 3 phân nhóm A1, A2, A3 dựa vào sự đánh giá tế bào blast trong tủy vào ngày 21 (bất kể sự nhạy cảm với corticoid vào ngày 8 hay không):  Blast ≤5% (type M1): Nhóm A1  Blast 6-25% (type M2): Nhóm A2  Blast >25% (type M3): Nhóm A3 Bệnh nhi có MRD (+) (≥10-2) vào ngày 35 - 42 sẽ được chuyển sang nhóm A3 bất kể lúc đầu thuộc nhóm nào. + Nhóm B: Nguy cơ cao (high risk): Lơ xê mi cấp dòng lympho B de novo và có một trong những tiêu chuẩn sau:  Tuổi > 10;  Có thâm nhiễm hệ thần kinh trung ương;  Bạch cầu > 50G/L;  Có t(9;22), t(4;11) hoặc bộ NST < 44;  BCR-ABL1 hay MLL-AF4 dương tính;  Hiện diện sự tái sắp xếp gen MLL phát hiện bằng kỹ thuật Southern blot hay FISH cho trường hợp CD10 (+) yếu",{}
NghienCuuMotSoBienDoiDiTruyenVaLienQuanToiKetQuaDieuTriSomOBenhLoXeMiCapDongLymphoTreEmTheoPhacDoFralle2000.md:117,NghienCuuMotSoBienDoiDiTruyenVaLienQuanToiKetQuaDieuTriSomOBenhLoXeMiCapDongLymphoTreEmTheoPhacDoFralle2000.md,117,132,. Chia nhóm B1 và B2 vào ngày 21 của điều trị tấn công dựa vào sự nhạy cảm với corticoid vào ngày 8 và nhạy cảm hóa trị vào ngày 21.,{}
NghienCuuMotSoBienDoiDiTruyenVaLienQuanToiKetQuaDieuTriSomOBenhLoXeMiCapDongLymphoTreEmTheoPhacDoFralle2000.md:118,NghienCuuMotSoBienDoiDiTruyenVaLienQuanToiKetQuaDieuTriSomOBenhLoXeMiCapDongLymphoTreEmTheoPhacDoFralle2000.md,118,737,"Bảng 2.4. Chia nhóm lơ xê mi cấp dòng lympho B nguy cơ cao Nhóm B1 (Tất cả các tiêu chuẩn sau) Nhóm B2 (Chỉ 1 trong các tiêu chuẩn) - Không có thể thiểu bội < 44, hoặc t(4;11) hoặc t(9 ;22) - Không có gen MLL-AF4 hay BCR- ABL1 - Nhạy cảm corticoid ngày 8 - Nhạy cảm hóa trị ngày 21 - Có thể thiểu bội < 44, hoặc t(4;11) hoặc t(9 ;22) - Có gen MLL-AF4 hay BCR-ABL1 - Kháng corticoid ngày 8 - Kháng hóa trị ngày 21

+ Nhóm T: Lơ xê mi cấp dòng lympho T, chia nhóm T1 và T2. Bảng 2.5. Chia nhóm lơ xê mi cấp dòng lympho T Nhóm T1 (Khi có đủ cả 3 tiêu chuẩn) Nhóm T2 (Có từ 1 trong 3 tiêu chuẩn) - Nhạy cảm corticoid ngày 8 - Kháng corticoid ngày 8 - Nhạy cảm hóa trị ngày 21 - Kháng hóa trị ngày 21 - MRD ngày 35 < 10-2 - MRD ngày 35 > 10-2",{}
NghienCuuMotSoBienDoiDiTruyenVaLienQuanToiKetQuaDieuTriSomOBenhLoXeMiCapDongLymphoTreEmTheoPhacDoFralle2000.md:119,NghienCuuMotSoBienDoiDiTruyenVaLienQuanToiKetQuaDieuTriSomOBenhLoXeMiCapDongLymphoTreEmTheoPhacDoFralle2000.md,119,449,"- Xếp nhóm nguy cơ sau khi đánh giá đáp ứng điều trị sớm của phác đồ FRALLE 2000 [34]: + Nhóm nguy cơ chuẩn: Bệnh nhi thuộc nhóm A1. + Nhóm nguy cơ cao: Các bệnh nhi thuộc nhóm A2, B1, T1. + Nhóm nguy cơ rất cao: Các bệnh nhi thuộc nhóm A3, B2, T2. - Đánh giá thâm nhiễm thần kinh trung ƣơng theo NCCN 2.2016 [82]: + CNS1: Không có tế bào bạch cầu trong dịch não tuỷ; + CNS2: Có < 5 bạch cầu/ml với sự hiện diện nguyên bào lympho trong dịch não tuỷ;",{}
NghienCuuMotSoBienDoiDiTruyenVaLienQuanToiKetQuaDieuTriSomOBenhLoXeMiCapDongLymphoTreEmTheoPhacDoFralle2000.md:120,NghienCuuMotSoBienDoiDiTruyenVaLienQuanToiKetQuaDieuTriSomOBenhLoXeMiCapDongLymphoTreEmTheoPhacDoFralle2000.md,120,587,"+ CNS3: Có ≥ 5 bạch cầu/ml với sự hiện diện nguyên bào lympho trong dịch não tuỷ; + Nếu dịch não tuỷ có lẫn máu: so sánh tỷ lệ bạch cầu/hồng cầu dịch não tuỷ và máu ngoại vi, nếu bạch cầu/hồng cầu dịch não tuỷ > máu ngoại vi ít nhất 2 lần, được tính giai đoạn CNS3, dưới mức đó được tính CNS2. - Đánh giá đáp ứng sau điều trị theo phác đồ FRALLE 2000 [34]: + Tiêu chuẩn đánh giá đáp ứng corticoid trên huyết đồ ngày 8:  Nhạy với cortioid: Số lượng tế bào blast máu ngoại vi ngày 8 của phác đồ < 1 G/L;  Kháng với corticoid: Số lượng tế bào blast máu ngoại vi ngày 8 của phác đồ ≥ 1 G/L",{}
NghienCuuMotSoBienDoiDiTruyenVaLienQuanToiKetQuaDieuTriSomOBenhLoXeMiCapDongLymphoTreEmTheoPhacDoFralle2000.md:121,NghienCuuMotSoBienDoiDiTruyenVaLienQuanToiKetQuaDieuTriSomOBenhLoXeMiCapDongLymphoTreEmTheoPhacDoFralle2000.md,121,789,". + Tiêu chuẩn đánh giá đáp ứng hóa trị trên tủy đồ ngày 21:  Nhạy với hóa trị: tỷ lệ tế bào blast trong tủy đồ ngày 21 của phác đồ ≤ 5% (Type M1);  Đáp ứng kém với hóa trị: tỷ lệ tế bào blast trong tủy đồ ngày 21 của phác đồ > 5 %, chia làm 2 loại: Type M2: Tế bào blast trong tủy từ 6 - 25%; Type M3: Tế bào blast trong tủy > 25%. - Tiêu chuẩn lui bệnh về huyết học sau điều trị tấn công theo NCCN 2.2016 [82]: + Tiêu chuẩn lui bệnh hoàn toàn về mặt huyết học (CR):  Không phát hiện tế bào ác tính trong máu ngoại vi hay biểu hiện thâm nhiễm ngoài tủy (hết các triệu chứng gan to, lách, hạch to, thâm nhiễm thần kinh trung ương);  Phục hồi các dòng tế bào sinh máu trong tuỷ; Tỷ lệ blast < 5% tổng số tế bào có nhân trong tủy;  Số lượng tuyệt đối bạch cầu đoạn máu ngoại vi > 1 G/l;",{}
NghienCuuMotSoBienDoiDiTruyenVaLienQuanToiKetQuaDieuTriSomOBenhLoXeMiCapDongLymphoTreEmTheoPhacDoFralle2000.md:122,NghienCuuMotSoBienDoiDiTruyenVaLienQuanToiKetQuaDieuTriSomOBenhLoXeMiCapDongLymphoTreEmTheoPhacDoFralle2000.md,122,898," Số lượng tiểu cầu > 100 G/l;  Không tái phát trong vòng 4 tuần. + Lui bệnh không hoàn toàn về mặt huyết học (CRi): Có đầy đủ tiêu chuẩn lui bệnh hoàn toàn ngoại trừ:  Số lượng bạch cầu hạt máu ngoại vi < 1 G/l;  Số lượng tiểu cầu < 100 G/l; + Tỷ lệ đáp ứng toàn bộ (ORR) = CR + CRi + Không lui bệnh về mặt huyết học: Không đạt được các tiêu chuẩn CR khi kết thúc điều trị cảm ứng. + Tiêu chuẩn đánh giá bệnh tiến triển: Tăng ít nhất trên 25% số lượng tế bào ác tính trong máu ngoại vi hoặc tuỷ xương hoặc tiến triển các triệu chứng thâm nhiễm ngoài tuỷ. + Tiêu chuẩn tái phát bệnh:  Tái phát tuỷ xương đơn độc: Sau khi đạt lui bệnh hoàn toàn, bệnh nhi có biểu hiện thiếu máu, xuất huyết dưới da, sốt, hạch to trở lại..., xuất hiện tế bào blast trong máu ngoại vi, tuỷ xương có ≥ 25% tế bào blast.  Tái phát tuỷ xương kết hợp: tái phát tuỷ xương + có ít nhất 1 vị trí tái phát ngoài tuỷ xương",{}
NghienCuuMotSoBienDoiDiTruyenVaLienQuanToiKetQuaDieuTriSomOBenhLoXeMiCapDongLymphoTreEmTheoPhacDoFralle2000.md:123,NghienCuuMotSoBienDoiDiTruyenVaLienQuanToiKetQuaDieuTriSomOBenhLoXeMiCapDongLymphoTreEmTheoPhacDoFralle2000.md,123,567,".  Tái phát tuỷ xương kết hợp: tái phát tuỷ xương + có ít nhất 1 vị trí tái phát ngoài tuỷ xương.  Tái phát TKTW: có hoặc không có đau đầu, buồn nôn, dịch não tuỷ có > 5 bạch cầu/mm3 và có tế bào blast, hoặc có u nội sọ, tổn thương các dây thần kinh sọ, tổn thương võng mạc không giải thích được nguyên nhân.  Tái phát ngoài tủy khác: có hiện diện của nguyên bào lympho ở thận hay tinh hoàn... - Tiêu chuẩn đánh giá đáp ứng cho thâm nhiễm thần kinh trung ƣơng theo NCCN 2.2016 [82]: + Lui bệnh: Đạt được CNS1 với bệnh nhi bị CNS2 hoặc CNS3 tại thời điểm chẩn đoán.",{}
NghienCuuMotSoBienDoiDiTruyenVaLienQuanToiKetQuaDieuTriSomOBenhLoXeMiCapDongLymphoTreEmTheoPhacDoFralle2000.md:124,NghienCuuMotSoBienDoiDiTruyenVaLienQuanToiKetQuaDieuTriSomOBenhLoXeMiCapDongLymphoTreEmTheoPhacDoFralle2000.md,124,821,"+ Tái phát thần kinh trung ương: Tiến triển lên CNS3 hoặc có dấu hiệu lâm sàng thâm nhiễm thần kinh trung ương. - Tiêu chuẩn xếp loại mức độ tồn dƣ tối thiểu của bệnh [9],[34]: + Xếp loại MRD theo phác đồ FRALLE 2000:  MRD dương tính: ≥ 10-2  MRD âm tính: MRD < 10-2 + Xếp loại MRD theo nguy cơ tái phát [9]: Bảng 2.6. Tiêu chuẩn xếp loại nguy cơ tái phát theo mức độ tồn dƣ tối thiểu của bệnh Mức tồn dƣ tối thiểu của bệnh (MRD) Ý nghĩa lâm sàng MRD > 10-2 Nguy cơ tái phát cao 10-3 < MRD ≤ 10-2 Nguy cơ tái phát trung bình 10-4 < MRD ≤ 10-3 Nguy cơ tái phát thấp MRD ≤ 10-4 Nguy cơ tái phát rất thấp - Thời gian sống còn: + Thời gian tử vong: Tính từ khi bắt đầu điều trị đến khi tử vong + Thời gian sống thêm toàn bộ (OS): thời gian từ khi bệnh nhi được chẩn đoán bệnh đến khi tử vong hay thời điểm kết thúc theo dõi",{}
NghienCuuMotSoBienDoiDiTruyenVaLienQuanToiKetQuaDieuTriSomOBenhLoXeMiCapDongLymphoTreEmTheoPhacDoFralle2000.md:125,NghienCuuMotSoBienDoiDiTruyenVaLienQuanToiKetQuaDieuTriSomOBenhLoXeMiCapDongLymphoTreEmTheoPhacDoFralle2000.md,125,403,". + Thời gian sống thêm không sự kiện (EFS): Thời gian từ khi bệnh nhi đạt lui bệnh hoàn toàn đến khi bệnh nhi gặp sự kiện (biến cố trong điều trị, tái phát, tử vong), hay thời điểm kết thúc theo dõi. 2.2.6. Tóm tắt phác đồ FRALLE 2000 sử dụng trong nghiên cứu Phác đồ FRALLE 2000 được áp dụng điều trị theo các nhóm nguy cơ, trải qua các giai đoạn: Tấn công, củng cố, tăng cường, trung gian, tăng cường",{}
NghienCuuMotSoBienDoiDiTruyenVaLienQuanToiKetQuaDieuTriSomOBenhLoXeMiCapDongLymphoTreEmTheoPhacDoFralle2000.md:126,NghienCuuMotSoBienDoiDiTruyenVaLienQuanToiKetQuaDieuTriSomOBenhLoXeMiCapDongLymphoTreEmTheoPhacDoFralle2000.md,126,889,"muộn, duy trì. Trước khi điều trị, bệnh nhi được làm đầy đủ xét nghiệm chẩn đoán, tiên lượng và xếp nhóm nguy cơ ABT. Trong quá trình điều trị, bệnh nhi được đánh giá đáp ứng sớm (nhạy cảm với corticoid trên huyết đồ ngày 8, nhạy cảm với hóa trị trên tủy đồ ngày 21), đánh giá tồn dư tối thiểu của bệnh, thông qua đó tiếp tục đánh giá và xếp loại lại nhóm nguy cơ sau kết quả đáp ứng sớm: nhóm nguy cơ chuẩn (A1), nguy cơ cao (A2, B1, T1) và nguy cơ rất cao (A3, B2, T2). Phác đồ có thể chuyển đổi dựa trên đánh giá đáp ứng sớm và nhóm nguy cơ sau điều trị tấn công. Một số thuốc trong phác đồ được thay đổi để phù hợp với điều kiện tại Việt Nam. Thuốc 6 thioguanine (6TG) của giai đoạn tăng cường được thay bằng 6 - mercatopurine (6MP); vindesine được thay bằng vincristin. Sự thay thế được thực hiện với các loại thuốc cùng nhóm theo khuyến cáo nên không ảnh hưởng nhiều đến phác đồ [34]",{}
NghienCuuMotSoBienDoiDiTruyenVaLienQuanToiKetQuaDieuTriSomOBenhLoXeMiCapDongLymphoTreEmTheoPhacDoFralle2000.md:127,NghienCuuMotSoBienDoiDiTruyenVaLienQuanToiKetQuaDieuTriSomOBenhLoXeMiCapDongLymphoTreEmTheoPhacDoFralle2000.md,127,239,. Sự thay thế được thực hiện với các loại thuốc cùng nhóm theo khuyến cáo nên không ảnh hưởng nhiều đến phác đồ [34]. Không có sự gián đoạn thuốc của các bệnh nhi trong nghiên cứu. Dưới đây là sơ đồ điều trị chi tiết cho từng nhóm nguy cơ:,{}
NghienCuuMotSoBienDoiDiTruyenVaLienQuanToiKetQuaDieuTriSomOBenhLoXeMiCapDongLymphoTreEmTheoPhacDoFralle2000.md:128,NghienCuuMotSoBienDoiDiTruyenVaLienQuanToiKetQuaDieuTriSomOBenhLoXeMiCapDongLymphoTreEmTheoPhacDoFralle2000.md,128,818,"(1) Làm tiêu bản máu ngoại vi và xác định số lượng tế bào non (blast) vào ngày 8; (2) Đánh giá MRD tủy vào ngày 35 hoặc ngày 42

Sơ đồ 2.1. PHÁC ĐỒ FRALLE 2000 - NHÓM A (2) (2) (2) (2) (1) Cảm ứng: Ngày 1-7 Corticoid + IT MTX Tấn công VCR, DEX, L-Aspa Tủy đồ ngày 21 Tủy M1: A1 Tủy M2: A2 Tủy M3: A3 DNR Ngày 22 DNR Ngày 22 và 29 Đánh giá tủy: Ngày 35 - Ngày 42, Xác định MRD Củng cố nhóm A1/A2 (12 tuần) VCR, DEX, 6MP, MTX Củng cố nhóm A3 (9 tuần/ 3 đợt) VEDA/COPADM/VED MRD ≥ 10-2 Tăng cƣờng lần 1 (tất cả nhóm) - (8 tuần) VB, DEX, DOXO, L-Aspa/ VP-16, Ara-C, 6MP Trung gian (8 tuần) VCR, DEX, 6-MP, MTX Tăng cƣờng 2 (không có anthracycline) VCR, MTX-DI, L-Aspa Duy trì 24 tháng: 12 tháng (VCR/Dex x 5 ngày) và 6 MP/MTX Trung gian (8 tuần) VCR, DEX, 6-MP, MTX+ MTX-HD x 3 Tăng cƣờng 2 (8 tuần) VCR, PRED, DNR, L-Aspa",{}
NghienCuuMotSoBienDoiDiTruyenVaLienQuanToiKetQuaDieuTriSomOBenhLoXeMiCapDongLymphoTreEmTheoPhacDoFralle2000.md:129,NghienCuuMotSoBienDoiDiTruyenVaLienQuanToiKetQuaDieuTriSomOBenhLoXeMiCapDongLymphoTreEmTheoPhacDoFralle2000.md,129,864,"(*) Những người bệnh thuộc nhóm B2 nhưng nhỏ hơn 4 tuổi: Không xạ trị dự phòng trên hệ thần kinh trung ương.

Sơ đồ 2.2. PHÁC ĐỒ FRALLE 2000 - NHÓM B Cảm ứng: Ngày 1-7 Corticoid + IT MTX

Ngày 8-21: Tấn công VCR, PRED, DNR (Ngày 8 và 15), L-Aspa x 6 (ngày 8 - 20)

NHÓM B1

NHÓM B2 Tiếp tục tấn công VCR, PRED + DNR ngày 22 + L-Aspa x 3 (ngày 22-26) Chú ý: MRD Ngày 35-42 >10-2, chuyển nhóm B2

Tiếp tục tấn công VCR, PRED + DNR ngày 22 + 23 + Endoxan (ngày 22) + L-Aspa x 3 (Ngày 22-26)

Củng cố (8 tuần) VP16, ARAC, 6TG rồi đến VCR, PRED, 6MP, MTX + 2 đợt MTX-HD (5.000 mg/m2)

Củng cố (9 tuần) 3 đợt: VEDA, COPADM2000, VEDA

Tăng cƣờng 1 (8 tuần) VDS/ ADRIA/ PRED/ L-Aspa rồi đến 6-TG/ AraC/ VP-16

Trung gian (8 tuần) VCR, PRED, 6-MP, MTX + 2 đợt MTX-HD (5.000 mg/m2) XẠ TRỊ (*)

Trung gian (8 tuần) VCR, PRED, 6-MP, MTX + 3 đợt MTX-HD (5.000 mg/m2) XẠ TRỊ (*)",{}
NghienCuuMotSoBienDoiDiTruyenVaLienQuanToiKetQuaDieuTriSomOBenhLoXeMiCapDongLymphoTreEmTheoPhacDoFralle2000.md:130,NghienCuuMotSoBienDoiDiTruyenVaLienQuanToiKetQuaDieuTriSomOBenhLoXeMiCapDongLymphoTreEmTheoPhacDoFralle2000.md,130,881,"Trung gian (8 tuần) VCR, PRED, 6-MP, MTX + 2 đợt MTX-HD (5.000 mg/m2) XẠ TRỊ (*)

Trung gian (8 tuần) VCR, PRED, 6-MP, MTX + 3 đợt MTX-HD (5.000 mg/m2) XẠ TRỊ (*)

Tăng cƣờng 2 (8 tuần) VCR, PRED, DNR, L-ASPA rồi đến 6-TG, Endoxan, AraC

Duy trì 24 tháng 6-MP + MTX cùng với 12 RI: VCR + PRED

Sơ đồ 2.3. PHÁC ĐỒ FRALLE 2000 - NHÓM T Cảm ứng: Ngày 1-7 Corticoid + IT MTX

Ngày 8-21: Tấn công VCR, PRED, DNR ngày 8, 9,10 và15 ENDOXAN 1 g/m2 N8 + L-Aspa x 9

NHÓM T1 Chú ý: MRD Ngày 35-42 >10-2, chuyển nhóm T2

NHÓM T2 Củng cố (8 tuần) Endoxan, ARAC, 6TG rồi đến VCR, PRED, 6MP, MTX + 2 đợt MTX-HD (5.000 mg/m2)

Củng cố (9 tuần) 3 đợt: VEDA, COPADM2000, VEDA

Tăng cƣờng 1 (8 tuần) VDS/ ADRIA/ PRED/ L-Aspa rồi đến 6-TG, AraC, VP-16

Trung gian (8 tuần) VCR, PRED, 6-MP, MTX + 4 đợt MTX-HD (5.000 mg/m2)

Trung gian (8 tuần) VCR, PRED, 6-MP, MTX + 3 đợt MTX-HD (5.000 mg/m2) XẠ TRỊ",{}
NghienCuuMotSoBienDoiDiTruyenVaLienQuanToiKetQuaDieuTriSomOBenhLoXeMiCapDongLymphoTreEmTheoPhacDoFralle2000.md:131,NghienCuuMotSoBienDoiDiTruyenVaLienQuanToiKetQuaDieuTriSomOBenhLoXeMiCapDongLymphoTreEmTheoPhacDoFralle2000.md,131,277,"Trung gian (8 tuần) VCR, PRED, 6-MP, MTX + 4 đợt MTX-HD (5.000 mg/m2)

Trung gian (8 tuần) VCR, PRED, 6-MP, MTX + 3 đợt MTX-HD (5.000 mg/m2) XẠ TRỊ

Tăng cƣờng 2 (8 tuần) VCR, PRED, DNR, L-ASPA rồi đến 6-TG, endoxan, AraC

Duy trì 18 tháng 6-MP + MTX cùng với 12 RI: VCR + PRED",{}
NghienCuuMotSoBienDoiDiTruyenVaLienQuanToiKetQuaDieuTriSomOBenhLoXeMiCapDongLymphoTreEmTheoPhacDoFralle2000.md:132,NghienCuuMotSoBienDoiDiTruyenVaLienQuanToiKetQuaDieuTriSomOBenhLoXeMiCapDongLymphoTreEmTheoPhacDoFralle2000.md,132,675,"DEX: dexamethasone, IT: intrathecal therapy (liệu pháp tiêm tủy sống), MTX: Methotrexate, VCR: Vincristine, PRED: prednisone, DNR: Daunorubicine, L-asp: L- asparaginase, ARAC: Aracytine, 6TG: 6 thioguanine, 6MP: 6-mercatopurine, DOXO: doxorubicine, ADRIA: Adriamycin, VP-16: etoposide, MTX-DI: Methotrexate – dose intermediate (Methotrexat liều trung gian) , MTX-HD: Methotrexate - high dose (Methotrexat liều cao), VB: Vinblastine, VDS: Vindesine, RI: Reinduction (tái tấn công). Các thuốc trong liệu trình VEDA: Vincristine, Dexamethasone, Cytarabine, Etoposide. Thuốc trong liệu trình COPADM: Methylprednisolon, Vincristine, Methotrexat, Cyclophosphamid, Adriamycin. 2.2.7",{}
NghienCuuMotSoBienDoiDiTruyenVaLienQuanToiKetQuaDieuTriSomOBenhLoXeMiCapDongLymphoTreEmTheoPhacDoFralle2000.md:133,NghienCuuMotSoBienDoiDiTruyenVaLienQuanToiKetQuaDieuTriSomOBenhLoXeMiCapDongLymphoTreEmTheoPhacDoFralle2000.md,133,845,". Thuốc trong liệu trình COPADM: Methylprednisolon, Vincristine, Methotrexat, Cyclophosphamid, Adriamycin. 2.2.7. Phân tích, xử lý số liệu Các dữ liệu được mã hóa và thu thập vào phần mềm Excel 2013, xử lý thống kê bằng phần mềm SPSS 20.0: sử dụng các thuật toán thống kê: Tính tỷ lệ, trung bình, trung vị, min, max, so sánh tỷ lệ, tính phương sai…để mô tả các đặc điểm biến đổi di truyền tế bào và sinh học phân tử và liên quan tới một số đặc điểm xếp loại nhóm nguy cơ trong phác đồ FRALLE 2000. Sử dụng ước tính Kaplan-Meier để phân tích thời gian sống thêm toàn bộ, xác suất sống thêm toàn bộ, sống thêm không sự kiện tại thời điểm 12 tháng. So sánh Log-rank được sử dụng để phân tích mối liên quan giữa các nhóm nguy cơ theo phác đồ FRALLE 2000 và nhóm nguy cơ theo biến đổi di truyền đến xác suất sống thêm toàn bộ, sống thêm không sự kiện",{}
NghienCuuMotSoBienDoiDiTruyenVaLienQuanToiKetQuaDieuTriSomOBenhLoXeMiCapDongLymphoTreEmTheoPhacDoFralle2000.md:134,NghienCuuMotSoBienDoiDiTruyenVaLienQuanToiKetQuaDieuTriSomOBenhLoXeMiCapDongLymphoTreEmTheoPhacDoFralle2000.md,134,469,". Sử dụng mô hình Cox Regression để phân tích tác động của một số yếu tố nguy cơ theo mô hình phân tích đơn biến, đa biến để tìm ra yếu tố tác động có ý nghĩa đến xác suất sống thêm toàn bộ tại thời điểm 12 tháng. 2.2.8. Vấn đề đạo đức trong nghiên cứu Nghiên cứu nhằm mục đích nâng cao khả năng xếp loại, phân tích các biến đổi di truyền và đánh giá mối liên quan giữa một số biến đổi di truyền đến kết quả điều trị để tiên lượng bệnh một cách chính xác, góp phần nâng",{}
NghienCuuMotSoBienDoiDiTruyenVaLienQuanToiKetQuaDieuTriSomOBenhLoXeMiCapDongLymphoTreEmTheoPhacDoFralle2000.md:135,NghienCuuMotSoBienDoiDiTruyenVaLienQuanToiKetQuaDieuTriSomOBenhLoXeMiCapDongLymphoTreEmTheoPhacDoFralle2000.md,135,535,"cao hiệu quả điều trị bệnh nhi. Phác đồ điều trị tuân theo cuốn “Hướng dẫn chẩn đoán và điều trị bệnh lý huyết học”, được Bộ Y tế ban hành và đã được áp dụng tại nhiều cơ sở trong đó có Viện Huyết học – Truyền máu Trung ương. Xét nghiệm được thực hiện với các mẫu bệnh phẩm. Bệnh nhi và gia đình bệnh nhi tự nguyện điều trị hóa chất, tham gia vào nghiên cứu. Nghiên cứu cũng đã được thông qua hội đồng đạo đức Trường Đại học Y Hà Nội theo quyết định số 35/HĐĐĐĐHYHN ngày 06 tháng 01 năm 2017.

Sơ đồ 2.4. Sơ đồ nghiên cứu theo mục tiêu",{}
NghienCuuMotSoBienDoiDiTruyenVaLienQuanToiKetQuaDieuTriSomOBenhLoXeMiCapDongLymphoTreEmTheoPhacDoFralle2000.md:136,NghienCuuMotSoBienDoiDiTruyenVaLienQuanToiKetQuaDieuTriSomOBenhLoXeMiCapDongLymphoTreEmTheoPhacDoFralle2000.md,136,808,"Sơ đồ 2.4. Sơ đồ nghiên cứu theo mục tiêu

Bệnh nhi chẩn đoán xác định ALL Mục tiêu 1: Xác định các bất thƣờng nhiễm sắc thể và đột biến dung hợp một số gen liên quan đến bệnh lơ xê mi cấp dòng lympho trẻ em theo phác đồ FRALLE 2000 tại Viện Huyết học – Truyền máu Trung ƣơng trong thời gian 2016 – 2019 Điều trị theo phác đồ FRALLE 2000 các nhóm nguy cơ Theo dõi đáp ứng điều trị, so sánh Mục tiêu 2: Đánh giá kết quả điều trị sớm và mối liên quan với các bất thƣờng nhiễm sắc thể, đột biến dung hợp một số gen ở trẻ mắc bệnh lơ xê mi cấp dòng lympho theo phác đồ FRALLE 2000 tại Viện Huyết học – Truyền máu Trung ƣơng trong thời gian 2016 – 2019 Xét nghiệm di truyền (n=288) Lâm sàng + Xét nghiệm (Huyết học + Miễn dịch) 4 đột biến dung hợp gen (BCR-ABL1, TEL-AML1, MLL-AF4, E2A-PBX1) Nhiễm sắc thể (n=188)",{}
NghienCuuMotSoBienDoiDiTruyenVaLienQuanToiKetQuaDieuTriSomOBenhLoXeMiCapDongLymphoTreEmTheoPhacDoFralle2000.md:137,NghienCuuMotSoBienDoiDiTruyenVaLienQuanToiKetQuaDieuTriSomOBenhLoXeMiCapDongLymphoTreEmTheoPhacDoFralle2000.md,137,861,"CHƢƠNG 3 KẾT QUẢ 3.1. ĐẶC ĐIỂM CHUNG CỦA NHÓM BỆNH NHI NGHIÊN CỨU 3.1.1. Đặc điểm về tuổi Bảng 3.1. Đặc điểm về tuổi nhóm bệnh nhi nghiên cứu Lứa tuổi Số lƣợng bệnh nhi Tỷ lệ (%) ≤ 5 tuổi 55,2 6 - 10 tuổi 28,1 11 – 15 tuổi 16,7 Tổng Độ tuổi trung bình 6,4 ± 3,8 Nhận xét : Nhóm tuổi dưới 5 chiếm tỷ lệ cao nhất (55,2%), nhóm 11-15 tuổi chiếm tỷ lệ thấp nhất với 16,7%. Phân bố chi tiết theo tuổi của nhóm bệnh nhi nghiên cứu được biểu thị dưới biểu đổ 3.1:

Biểu đồ 3.1. Phân bố theo tuổi nhóm bệnh nhi nghiên cứu (n=288) Nhận xét: Nhóm tuổi dưới 10 chiếm 83,3% trong nghiên cứu, tuổi gặp với tỷ lệ cao nhất trong nghiên cứu là lứa 3-5 tuổi, tuổi thường gặp nhất là 4 tuổi. Nghiên cứu chỉ gặp 2 bệnh nhi dưới 1 tuổi. 14 15 11 10 Dưới 1 tuổi 1 tuổi 2 tuổi 3 tuổi 4 tuổi 5 tuổi 6 tuổi 7 tuổi 8 tuổi 9 tuổi 10 tuổi tuổi tuổi tuổi tuổi tuổi

3.1.2. Đặc điểm về giới",{}
NghienCuuMotSoBienDoiDiTruyenVaLienQuanToiKetQuaDieuTriSomOBenhLoXeMiCapDongLymphoTreEmTheoPhacDoFralle2000.md:138,NghienCuuMotSoBienDoiDiTruyenVaLienQuanToiKetQuaDieuTriSomOBenhLoXeMiCapDongLymphoTreEmTheoPhacDoFralle2000.md,138,632,"3.1.2. Đặc điểm về giới

Biểu đồ 3.2. Đặc điểm về giới nhóm bệnh nhi nghiên cứu (n=288) Nhận xét: Bệnh nhi nam gặp nhiều hơn nữ trong nghiên cứu. Tỷ lệ nam : nữ là 1,4 : 1. 3.1.3. Đặc điểm xếp loại miễn dịch Bảng 3.2. Phân bố bệnh nhi theo xếp loại miễn dịch (n=288) Thể theo xếp loại miễn dịch Số lƣợng bệnh nhi Tỷ lệ (%) Lơ xê mi cấp dòng lympho B 83,0 Lơ xê mi cấp dòng lympho T 15,3 Lơ xê mi cấp lai tủy – lympho B 1,4 Lơ xê mi cấp lai lympho B-T 0,3 Tổng Nhận xét: Lơ xê mi cấp dòng lympho B chiếm tỷ lệ cao nhất với 83,0%. Lơ xê mi cấp dòng lympho T chiếm 15,3%. Lơ xê mi cấp thể lai chiếm tỷ lệ thấp với 1,7%.

59% 41% Nam Nữ",{}
NghienCuuMotSoBienDoiDiTruyenVaLienQuanToiKetQuaDieuTriSomOBenhLoXeMiCapDongLymphoTreEmTheoPhacDoFralle2000.md:139,NghienCuuMotSoBienDoiDiTruyenVaLienQuanToiKetQuaDieuTriSomOBenhLoXeMiCapDongLymphoTreEmTheoPhacDoFralle2000.md,139,768,"Bảng 3.3. Xếp loại dƣới nhóm miễn dịch Lơ xê mi cấp dòng lympho B (n=239) Thể theo xếp loại miễn dịch dƣới nhóm lympho B Số lƣợng bệnh nhi Tỷ lệ (%) B sớm 3,8 B chung 66,9 Tiền B 29,3 Tổng Nhận xét: Hai dưới nhóm B chung và tiền B là hai nhóm phổ biến nhất trong nhóm lơ xê mi cấp dòng lympho B, chiếm tỷ lệ lần lượt là 66,9% và 29,3%. 3.2. XÁC ĐỊNH BẤT THƢỜNG NHIỄM SẮC THỂ VÀ ĐỘT BIẾN DUNG HỢP MỘT SỐ GEN LIÊN QUAN ĐẾN BỆNH LƠ XÊ MI CẤP DÒNG LYMPHO TRẺ EM THEO PHÁC ĐỒ FRALLE 2000 3.2.1. Đặc điểm bất thƣờng nhiễm sắc thể và đột biến dung hợp một số gen 3.2.1.1. Đặc điểm bất thường nhiễm sắc thể Các bất thường nhiễm sắc thể (NST) được mô tả dựa trên kết quả phân tích nhiễm sắc thể từ tế bào dịch hút tủy xương của bệnh nhi trong nghiên cứu tại thời điểm chẩn đoán",{}
NghienCuuMotSoBienDoiDiTruyenVaLienQuanToiKetQuaDieuTriSomOBenhLoXeMiCapDongLymphoTreEmTheoPhacDoFralle2000.md:140,NghienCuuMotSoBienDoiDiTruyenVaLienQuanToiKetQuaDieuTriSomOBenhLoXeMiCapDongLymphoTreEmTheoPhacDoFralle2000.md,140,412,". 288 bệnh nhi nghiên cứu đều được thực hiện xét nghiệm NST từ dịch hút tủy xương, tuy nhiên chỉ ghi nhận được kết quả phân tích công thức NST ở 188 bệnh nhi (100 bệnh nhi trong nghiên cứu, chiếm 34,7%, không được phân tích kết quả NST do nuôi cấy không thành công hoặc không đủ cụm phân tích). Qua các kết quả phân tích NST, chúng tôi đưa ra được một số đặc điểm bất thường NST nhóm bệnh nhi nghiên cứu như sau:",{}
NghienCuuMotSoBienDoiDiTruyenVaLienQuanToiKetQuaDieuTriSomOBenhLoXeMiCapDongLymphoTreEmTheoPhacDoFralle2000.md:141,NghienCuuMotSoBienDoiDiTruyenVaLienQuanToiKetQuaDieuTriSomOBenhLoXeMiCapDongLymphoTreEmTheoPhacDoFralle2000.md,141,809,"a. Tỷ lệ phát hiện bất thường nhiễm sắc thể Bảng 3.4. Tỷ lệ phát hiện bất thƣờng nhiễm sắc thể (n=188) Bất thƣờng NST Số lƣợng bệnh nhi Tỷ lệ (%) Có bất thường NST 13,8 NST bình thường 86,2 Tổng Nhận xét: Tỷ lệ phát hiện bất thường NST thấp, chỉ đạt 13,8%. NST bình thường (không phát hiện đột biến) chiếm 86,2%. b. Đặc điểm bất thường nhiễm sắc thể Bảng 3.5. Xếp loại bất thƣờng nhiễm sắc thể (n=26) Bất thƣờng NST Số lƣợng bệnh nhi Tỷ lệ (%) Bất thường cấu trúc đơn thuần 57,7 Bất thường số lượng đơn thuần 26,9 Bất thường cấu trúc + số lượng 15,4 Tổng Nhận xét: Bất thường cấu trúc đơn thuần chiếm tỷ lệ 57,7%, cao hơn bất thường số lượng đơn thuần (26,9%). Bất thường phối hợp cả cấu trúc và số lượng chiếm tỷ lệ thấp nhất với 15,4%.

Bảng 3.6. Mô tả cụ thể bất thƣờng nhiễm sắc thể (n=26) Loại bất thƣờng",{}
NghienCuuMotSoBienDoiDiTruyenVaLienQuanToiKetQuaDieuTriSomOBenhLoXeMiCapDongLymphoTreEmTheoPhacDoFralle2000.md:142,NghienCuuMotSoBienDoiDiTruyenVaLienQuanToiKetQuaDieuTriSomOBenhLoXeMiCapDongLymphoTreEmTheoPhacDoFralle2000.md,142,779,"Bảng 3.6. Mô tả cụ thể bất thƣờng nhiễm sắc thể (n=26) Loại bất thƣờng

Công thức nhiễm sắc thể n Bất thường cấu trúc đơn thuần (n=15) Chuyển đoạn t(9;22) đơn thuần t(1;19) đơn thuần t(4;11) đơn thuần Mất đoạn 46,XX/46,XX,del(14q) Thêm đoạn 46,XY,3q+[20] 46,XY[5]/46,XY, 16q+[15] 46,XY[16]/46,XY,-15,+mar,14q+[4] Đảo đoạn 46,XX[16]/46,XX, inv9[4] Bất thường số lượng đơn thuần (n=7)

56,XY,+X,+4,+6,+14,+18,+21,+21,+3 mar[20] 46,XX[5]/cụm 55 NST[15] 46,XY[15]/cụm 56 NST [5]

57 NST[20] 58 NST[20] 46,XX[14]/cụm 53 NST[6] 47,XY,+mar[20] Bất thường phối hợp cấu trúc và số lượng (n=4)

47,XX, +22, del(3q),7q+,9p+[20] 46,XY[2]/46,XY,t(9;22)[6]/48,XY,+9,+17,t(9;22)[12] 46,XX[10]/46,X,-X,- 5,+mar,+mar,del(4q),10p+[4]/47,XX,- 10,+22,+mar,10p+,del(15q)[6] 45,XX,-20,del(9p)[20] Tổng",{}
NghienCuuMotSoBienDoiDiTruyenVaLienQuanToiKetQuaDieuTriSomOBenhLoXeMiCapDongLymphoTreEmTheoPhacDoFralle2000.md:143,NghienCuuMotSoBienDoiDiTruyenVaLienQuanToiKetQuaDieuTriSomOBenhLoXeMiCapDongLymphoTreEmTheoPhacDoFralle2000.md,143,362,"Nhận xét: - Trong số các bệnh nhi có bất thường cấu trúc thì chuyển đoạn t(9;22) được phát hiện với tỷ lệ cao nhất là 6/15 bệnh nhi có bất thường cấu trúc (5 bệnh nhi có chuyển đoạn t(9;22) đơn thuần và 1 bệnh nhi có phối hợp bất thường số lượng). Các tổn thương nhiễm sắc thể khác như mất đoạn, thêm đoạn, chuyển đoạn khác, tổn thương phức tạp hiếm gặp hơn. Bất",{}
NghienCuuMotSoBienDoiDiTruyenVaLienQuanToiKetQuaDieuTriSomOBenhLoXeMiCapDongLymphoTreEmTheoPhacDoFralle2000.md:144,NghienCuuMotSoBienDoiDiTruyenVaLienQuanToiKetQuaDieuTriSomOBenhLoXeMiCapDongLymphoTreEmTheoPhacDoFralle2000.md,144,721,"thường đảo đoạn chỉ được phát hiện ở 1 bệnh nhi. - Bất thường trên lưỡng bội NST chiếm chủ yếu trong nhóm bất thường về số lượng NST với 10/11 bệnh nhi. Bất thường dưới lưỡng bội NST chỉ gặp ở 1 bệnh nhi. - Bất thường phối hợp cả cấu trúc và số lượng NST gặp ở 4 bệnh nhi, trong đó có 2 bệnh nhi có tổn thương phức tạp nhiều NST. 3.2.1.2. Tỷ lệ phát hiện một số đột biến dung hợp gen khảo sát trong nghiên cứu Nghiên cứu thực hiện khảo sát 4 đột biến dung hợp gen thường gặp và có ý nghĩa tiên lượng trong điều trị lơ xê mi cấp trẻ em bằng kỹ thuật PCR, bao gồm các đột biến: BCR-ABL1, MLL-AF4, E2A-PBX1, TEL-AML1. Qua phân tích các đột biến dung hợp gen ở nhóm bệnh nhi nghiên cứu, chúng tôi đưa ra được kết quả như sau:",{}
NghienCuuMotSoBienDoiDiTruyenVaLienQuanToiKetQuaDieuTriSomOBenhLoXeMiCapDongLymphoTreEmTheoPhacDoFralle2000.md:145,NghienCuuMotSoBienDoiDiTruyenVaLienQuanToiKetQuaDieuTriSomOBenhLoXeMiCapDongLymphoTreEmTheoPhacDoFralle2000.md,145,457,"Biểu đồ 3.3. Tỷ lệ phát hiện các đột biến dung hợp gen khảo sát (n=288) Nhận xét: Tỷ lệ phát hiện cả 4 đột biến dung hợp gen trong nghiên cứu là 28,1%. Trong đó, đột biến gen TEL-AML1 chiếm tỷ lệ cao nhất với 13,5%, tiếp đó là đột biến gen BCR-ABL1 (8,3%). Hai đột biến gen E2A-PBX1 và MLL-AF4 chiếm tỷ lệ thấp, lần lượt là 3,5% và 2,8%. Không phát hiện ĐBG khảo sát 71,9% TEL-AML1 n= 39 (13,5%) BCR-ABL1 n=24 (8,3%) MLL-AF4 n= 8 (2,8%) E2A-PBX1 n=10 (3,5%)",{}
NghienCuuMotSoBienDoiDiTruyenVaLienQuanToiKetQuaDieuTriSomOBenhLoXeMiCapDongLymphoTreEmTheoPhacDoFralle2000.md:146,NghienCuuMotSoBienDoiDiTruyenVaLienQuanToiKetQuaDieuTriSomOBenhLoXeMiCapDongLymphoTreEmTheoPhacDoFralle2000.md,146,847,"3.2.1.3. Chia nhóm nguy cơ bệnh nhi nghiên cứu a. Chia nhóm nguy cơ điều trị theo phác đồ FRALLE 2000 Bảng 3.7. Chia nhóm nguy cơ ABT theo phác đồ FRALLE 2000 tại thời điểm chẩn đoán (n=288) Nhóm nguy cơ Số lƣợng bệnh nhi Tỷ lệ (%) Nhóm A 48,6 Nhóm B 36,1 Nhóm T 15,3 Tổng Nhận xét: Nhóm A (nguy cơ chuẩn) chiếm tỷ lệ cao nhất với 48,6%. b. Chia nhóm nguy cơ theo biến đổi di truyền lơ xê mi cấp dòng lympho B Nghiên cứu có 244 bệnh nhi có mang dấu ấn lơ xê mi cấp dòng lympho B, bao gồm 239 bệnh nhi được xếp loại vào nhóm lơ xê mi cấp dòng lympho B và 5 bệnh lơ xê mi cấp thể lai có mang dấu ấn của tế bào lympho B. Dựa trên kết quả NST, đột biến gen khảo sát trong nghiên cứu và xếp loại nhóm nguy cơ theo biến đổi di truyền năm 2016 của Anthony V. Moorman, chia nhóm nguy cơ theo biến đổi di truyền lơ xê mi cấp dòng lympho B như sau: Bảng 3.8",{}
NghienCuuMotSoBienDoiDiTruyenVaLienQuanToiKetQuaDieuTriSomOBenhLoXeMiCapDongLymphoTreEmTheoPhacDoFralle2000.md:147,NghienCuuMotSoBienDoiDiTruyenVaLienQuanToiKetQuaDieuTriSomOBenhLoXeMiCapDongLymphoTreEmTheoPhacDoFralle2000.md,147,453,". Moorman, chia nhóm nguy cơ theo biến đổi di truyền lơ xê mi cấp dòng lympho B như sau: Bảng 3.8. Chia nhóm nguy cơ theo biến đổi di truyền lơ xê mi cấp dòng lympho B (n=244) Nhóm nguy cơ Số lƣợng bệnh nhi Tỷ lệ (%) Nguy cơ thấp 19,7 Nguy cơ trung bình 66,0 Nguy cơ cao 14,3 Tổng Nhận xét: Nhóm nguy cơ trung bình theo biến đổi di truyền chiếm tỷ lệ cao nhất với 66,0%. Nhóm nguy cơ thấp và nguy cơ cao gần tương đương nhau, lần lượt là 19,7% và 14,3%.",{}
NghienCuuMotSoBienDoiDiTruyenVaLienQuanToiKetQuaDieuTriSomOBenhLoXeMiCapDongLymphoTreEmTheoPhacDoFralle2000.md:148,NghienCuuMotSoBienDoiDiTruyenVaLienQuanToiKetQuaDieuTriSomOBenhLoXeMiCapDongLymphoTreEmTheoPhacDoFralle2000.md,148,278,"3.2.2. Một số đặc điểm lâm sàng, xét nghiệm lơ xê mi cấp dòng lympho B theo nhóm nguy cơ di truyền và lơ xê mi cấp dòng lympho T 3.2.2.1. Đặc điểm về tuổi Phân bố nhóm tuổi theo phác đồ FRALLE 2000 để chia các nhóm nguy cơ, với 3 độ tuổi: Nhóm tuổi ≤ 1, 1< tuổi <10 và tuổi ≥10.",{}
NghienCuuMotSoBienDoiDiTruyenVaLienQuanToiKetQuaDieuTriSomOBenhLoXeMiCapDongLymphoTreEmTheoPhacDoFralle2000.md:149,NghienCuuMotSoBienDoiDiTruyenVaLienQuanToiKetQuaDieuTriSomOBenhLoXeMiCapDongLymphoTreEmTheoPhacDoFralle2000.md,149,670,"Biểu đồ 3.4. Phân bố tuổi ở lơ xê mi cấp dòng lympho B theo nhóm nguy cơ di truyền và lơ xê mi cấp dòng lympho T (n=288) Nhận xét : Bệnh nhi có độ tuổi từ 1 đến 10 chiếm tỷ lệ cao ở các nhóm. Nhóm B-ALL nguy cơ cao theo biến đổi di truyền và nhóm T-ALL có tỷ lệ bệnh nhi ≥ 10 tuổi cao hơn nhóm B-ALL nguy cơ thấp và nguy cơ trung bình. Nghiên cứu chỉ gặp 2 bệnh nhi dưới 1 tuổi có biến đổi di truyền thuộc nhóm nguy cơ thấp và nguy cơ cao. 2,1% 2,9% 87,5% 85,7% 60% 65,9% 10,4% 14,3% 37,1% 34,1% 0% 10% 20% 30% 40% 50% 60% 70% 80% 90% 100% B-ALL- Nguy cơ thấp B-ALL-Nguy cơ trung bình B-ALL-Nguy cơ cao T-ALL Tuổi ≤1 1<tuổi<10 ≥10 tuổi

3.2.2.2. Một số đặc điểm lâm sàng",{}
NghienCuuMotSoBienDoiDiTruyenVaLienQuanToiKetQuaDieuTriSomOBenhLoXeMiCapDongLymphoTreEmTheoPhacDoFralle2000.md:150,NghienCuuMotSoBienDoiDiTruyenVaLienQuanToiKetQuaDieuTriSomOBenhLoXeMiCapDongLymphoTreEmTheoPhacDoFralle2000.md,150,719,"3.2.2.2. Một số đặc điểm lâm sàng

Biểu đồ 3.5. Một số đặc điểm lâm sàng ở các nhóm lơ xê mi cấp dòng lympho B theo nguy cơ di truyền và lơ xê mi cấp dòng lympho T (n=288) Nhận xét: Thiếu máu là triệu chứng phổ biến nhất ở các nhóm (dao động từ 84,1% - 95%). Sốt cũng là triệu chứng thường thấy ở các nhóm (dao động từ 56,8% - 65,2%). Triệu chứng xuất huyết dao động trong khoảng 50% ở các nhóm. Các triệu chứng lách, hạch to có xu hướng cao hơn ở nhóm B-ALL nguy cơ cao và nhóm T-ALL. Ngược lại, nhóm B-ALL nguy cơ thấp và trung bình có tỷ lệ bệnh nhi có biểu hiện đau xương có xu hướng cao hơn hai nhóm còn lại. Tuy nhiên, sự khác biệt về các triệu chứng lâm sàng giữa các nhóm không có ý nghĩa thống kê với p > 0,05.",{}
NghienCuuMotSoBienDoiDiTruyenVaLienQuanToiKetQuaDieuTriSomOBenhLoXeMiCapDongLymphoTreEmTheoPhacDoFralle2000.md:151,NghienCuuMotSoBienDoiDiTruyenVaLienQuanToiKetQuaDieuTriSomOBenhLoXeMiCapDongLymphoTreEmTheoPhacDoFralle2000.md,151,309,Thiếu máu (%) Sốt (%) Xuất huyết (%) Gan to (%) Lách to (%) Hạch to (%) Đau xương (%) B-ALL- Nguy cơ thấp 93.8 58.3 47.9 39.6 37.5 22.9 20.8 B-ALL-Nguy cơ trung bình 65.2 49.7 31.7 28.6 20.5 B-ALL-Nguy cơ cao 91.4 42.9 22.9 45.7 31.4 2.9 T-ALL 84.1 56.8 56.8 40.9 43.2 61.4 2.3 Tỷ lệ xuất hiện triệu chứng (%),{}
NghienCuuMotSoBienDoiDiTruyenVaLienQuanToiKetQuaDieuTriSomOBenhLoXeMiCapDongLymphoTreEmTheoPhacDoFralle2000.md:152,NghienCuuMotSoBienDoiDiTruyenVaLienQuanToiKetQuaDieuTriSomOBenhLoXeMiCapDongLymphoTreEmTheoPhacDoFralle2000.md,152,726,"3.2.2.3. Đặc điểm về số lượng bạch cầu Bảng 3.9. Số lƣợng bạch cầu các nhóm lơ xê mi cấp dòng lympho B theo nguy cơ di truyền và lơ xê mi cấp dòng lympho T (n=288) SLBC Nhóm Trung vị Min Max Range B-ALL - Nguy cơ thấp (n=48) 12,1 1,2 495,0 493,8 B-ALL - Nguy cơ trung bình (n=161) 11,2 1,2 416,0 414,8 B-ALL - Nguy cơ cao (n=35) 56,6 1,1 457,0 455,9 T-ALL (n=44) 121,0 0,3 493,5 493,2 Nhận xét: Độ biến thiên về số lượng bạch cầu ở các nhóm đều rất lớn. Trung vị số lượng bạch cầu cao nhất ở nhóm T-ALL. Trong các nhóm nguy cơ theo biến đổi di truyền lơ xê mi cấp dòng lympho B, nhóm nguy cơ cao có trung vị số lượng bạch cầu cao nhất. Hai nhóm nguy cơ thấp và nguy cơ trung bình có trung vị số lượng bạch cầu tương đương nhau",{}
NghienCuuMotSoBienDoiDiTruyenVaLienQuanToiKetQuaDieuTriSomOBenhLoXeMiCapDongLymphoTreEmTheoPhacDoFralle2000.md:153,NghienCuuMotSoBienDoiDiTruyenVaLienQuanToiKetQuaDieuTriSomOBenhLoXeMiCapDongLymphoTreEmTheoPhacDoFralle2000.md,153,297,. Hai nhóm nguy cơ thấp và nguy cơ trung bình có trung vị số lượng bạch cầu tương đương nhau. Chia nhóm theo mức độ số lượng bạch cầu (bạch cầu < 50 G/L và bạch cầu ≥ 50 G/L) giữa các nhóm biến đổi di truyền lơ xê mi cấp dòng lympho B và lơ xê mi cấp dòng lympho T được thể hiện trong biểu đồ 3.6:,{}
NghienCuuMotSoBienDoiDiTruyenVaLienQuanToiKetQuaDieuTriSomOBenhLoXeMiCapDongLymphoTreEmTheoPhacDoFralle2000.md:154,NghienCuuMotSoBienDoiDiTruyenVaLienQuanToiKetQuaDieuTriSomOBenhLoXeMiCapDongLymphoTreEmTheoPhacDoFralle2000.md,154,613,"Biểu đồ 3.6. Đặc điểm phân bố số lƣợng bạch cầu lơ xê mi cấp dòng lympho B theo nhóm nguy cơ di truyền và lơ xê mi cấp dòng lympho T (n=288) Nhận xét: Tỷ lệ bệnh nhi có số lượng bạch cầu < 50 G/L ở nhóm nguy cơ thấp và nguy cơ trung bình cao, lần lượt là 87,5% và 83,2%. Nhóm T-ALL và nhóm B-ALL nguy cơ cao có tỷ lệ bệnh nhi có số lượng bạch cầu tăng > 50 G/L cao với 65,9% và 54,3%. Khác biệt có ý nghĩa thống kê với p < 0,05.

0% 10% 20% 30% 40% 50% 60% 70% 80% 90% 100% B-ALL- Nguy cơ thấp B-ALL-Nguy cơ trung bình B-ALL-Nguy cơ cao T-ALL 87,5% 83,2% 45,7% 34,1% 12,5% 16,8% 54,3% 65,9% BC < 50 G/L BC ≥ 50G/L",{}
NghienCuuMotSoBienDoiDiTruyenVaLienQuanToiKetQuaDieuTriSomOBenhLoXeMiCapDongLymphoTreEmTheoPhacDoFralle2000.md:155,NghienCuuMotSoBienDoiDiTruyenVaLienQuanToiKetQuaDieuTriSomOBenhLoXeMiCapDongLymphoTreEmTheoPhacDoFralle2000.md,155,169,3.2.2.4. Đặc điểm bất thường nhiễm sắc thể và một số đột biến dung hợp gen theo xếp loại miễn dịch a. Đặc điểm bất thường nhiễm sắc thể theo xếp loại miễn dịch Bảng 3.10,{}
NghienCuuMotSoBienDoiDiTruyenVaLienQuanToiKetQuaDieuTriSomOBenhLoXeMiCapDongLymphoTreEmTheoPhacDoFralle2000.md:156,NghienCuuMotSoBienDoiDiTruyenVaLienQuanToiKetQuaDieuTriSomOBenhLoXeMiCapDongLymphoTreEmTheoPhacDoFralle2000.md,156,894,". Bất thƣờng nhiễm sắc thể theo xếp loại miễn dịch (n=26) Nhóm BN Công thức nhiễm sắc thể B chung 46,XY[6]/46,XY,t(1,19)[14] 46,XX[5]/46,XX,t(1;19)[15] 46,XY[5]/46,XY,t(1;19)[15] 46,XX[10]/46,XX,t(4;11)[10] 46,XX[16]/46,XX, inv9[4] 46,XY[16]/46,XY,-15,+mar,14q+[4] 46,XY[2]/46,XY, t(9;22) [6]/48,XY,+9,+17, t(9;22) [12] 47,XX,+22, del(3q),7q+,9p+ [20] 58 NST [20] 10 57 NST [20] 11 56,XY,+X,+4,+6,+14,+18,+21,+21,+3 mar [20] 12 46,XY[15]/cụm 56 NST[5] 13 46,XX[5]/cụm 55 NST[15] 14 46,XX[14]/cụm 53 NST[6] Tiền B 15 46, XY[4]/46,XY,t(4;11)[16] 16 46,XY[5]/46,XY,16q+[15] 17 46,XX,t(9;22)[20] 18 46,XX[3]/46,XX,t(9;22)[17] 19 46,XY,t(9;22) [20] 20 46,XY,t(9;22) [20] 21 46,XY[5]/46,XY,t(9;22)[15] 22 45,XX, -20,del(9p)[20] T-ALL 46,XX[10]/46,X,-X,-5,+2mar,del(4q),10p+[4]/47,XX,- 10,+22,+mar,10p+,del(15q)[6] 24 47,XY,+ mar [20] 25 46,XY,3q+[20] 26 46,XX[10]/46,XX,del(14q)[10] Nhận xét: Các bất",{}
NghienCuuMotSoBienDoiDiTruyenVaLienQuanToiKetQuaDieuTriSomOBenhLoXeMiCapDongLymphoTreEmTheoPhacDoFralle2000.md:157,NghienCuuMotSoBienDoiDiTruyenVaLienQuanToiKetQuaDieuTriSomOBenhLoXeMiCapDongLymphoTreEmTheoPhacDoFralle2000.md,157,259,"T-ALL 46,XX[10]/46,X,-X,-5,+2mar,del(4q),10p+[4]/47,XX,- 10,+22,+mar,10p+,del(15q)[6] 24 47,XY,+ mar [20] 25 46,XY,3q+[20] 26 46,XX[10]/46,XX,del(14q)[10] Nhận xét: Các bất thường trên lưỡng bội NST và bất thường chuyển đoạn t(1;19) chủ yếu gặp ở nhóm B chung",{}
NghienCuuMotSoBienDoiDiTruyenVaLienQuanToiKetQuaDieuTriSomOBenhLoXeMiCapDongLymphoTreEmTheoPhacDoFralle2000.md:158,NghienCuuMotSoBienDoiDiTruyenVaLienQuanToiKetQuaDieuTriSomOBenhLoXeMiCapDongLymphoTreEmTheoPhacDoFralle2000.md,158,35,. Chuyển đoạn t(9;22) chủ yếu gặp ở,{}
NghienCuuMotSoBienDoiDiTruyenVaLienQuanToiKetQuaDieuTriSomOBenhLoXeMiCapDongLymphoTreEmTheoPhacDoFralle2000.md:159,NghienCuuMotSoBienDoiDiTruyenVaLienQuanToiKetQuaDieuTriSomOBenhLoXeMiCapDongLymphoTreEmTheoPhacDoFralle2000.md,159,820,"nhóm tiền B. Nhóm T-ALL có 4 bệnh nhi có bất thường NST, trong đó gặp 1 bệnh nhi có tổn thương NST phức tạp. b. Tỷ lệ phát hiện bất thường nhiễm sắc thể và một số đột biến dung hợp gen các nhóm lơ xê mi cấp dòng lympho B Bảng 3.11. Tỷ lệ phát hiện bất thƣờng nhiễm sắc thể và một số đột biến dung hợp gen theo xếp loại miễn dịch các nhóm lơ xê mi cấp dòng lympho B (n=244) Bất thƣờng NST và gen Nhóm Không phát hiện bất thƣờng Có phát hiện bất thƣờng n % n % B sớm 88,9 11,1 B chung 60,6 39,4 Tiền B 65,3 34,7 Lơ xê mi cấp thể lai có dấu ấn lympho B 60,0 40,0 Tổng 63,1 36,9 Nhận xét: Tỷ lệ bệnh nhi có phát hiện bất thường di truyền ở các dưới nhóm lơ xê mi cấp mang dấu ấn lympho B là 36,9% và tương đương nhau ở các nhóm: B chung, tiền B (39,4% và 34,7%). Nhóm B sớm chỉ phát hiện 1/9 bệnh nhi có bất thường di truyền",{}
NghienCuuMotSoBienDoiDiTruyenVaLienQuanToiKetQuaDieuTriSomOBenhLoXeMiCapDongLymphoTreEmTheoPhacDoFralle2000.md:160,NghienCuuMotSoBienDoiDiTruyenVaLienQuanToiKetQuaDieuTriSomOBenhLoXeMiCapDongLymphoTreEmTheoPhacDoFralle2000.md,160,157,. Nhóm B sớm chỉ phát hiện 1/9 bệnh nhi có bất thường di truyền. Nhóm lơ xê mi cấp thể lai có dấu ấn lympho B phát hiện 2/5 bệnh nhi có bất thường di truyền.,{}
NghienCuuMotSoBienDoiDiTruyenVaLienQuanToiKetQuaDieuTriSomOBenhLoXeMiCapDongLymphoTreEmTheoPhacDoFralle2000.md:161,NghienCuuMotSoBienDoiDiTruyenVaLienQuanToiKetQuaDieuTriSomOBenhLoXeMiCapDongLymphoTreEmTheoPhacDoFralle2000.md,161,863,"Bảng 3.12. Tỷ lệ phát hiện đột biến dung hợp gen khảo sát theo xếp loại miễn dịch ở các nhóm lơ xê mi cấp dòng lympho B (n=244) ĐBG khảo sát

Nhóm TEL-AML1 n(%) BCR-ABL1 n(%) E2A-PBX1 n(%) MLL-AF4 n(%) B sớm 0 (0%) 0 (0%) 0 (0%) 1 (12,5%) B chung 32 (82,1%) 10 (41,7%) 9 (90%) 4 (50%) Tiền B 7 (17,9% 12 (50%) 1 (10%) 3 (37,5%) Lơ xê mi cấp thể lai có dấu ấn lympho B 0 (0%) 2 (8,3%) 0 (0%) 0 (0%) Tổng Nhận xét: Nhóm có đột biến gen TEL-AML1 chủ yếu thuộc nhóm B chung theo xếp loại miễn dịch (82,1%). Đột biến gen BCR-ABL1 gặp với tỷ lệ tương đương ở hai nhóm B chung và tiền B, đặc biệt có 2 bệnh nhi lơ xê mi cấp thể lai có dấu ấn lympho B có đột biến gen BCR-ABL1. Nhóm có đột biến gen E2A-PBX1 chủ yếu ở nhóm B chung (9/10 bệnh nhi). Nhóm có đột biến gen MLL-AF4 gặp ở cả hai nhóm B chung và tiền B với tỷ lệ tương đương, ngoài ra có 01 bệnh nhi nhóm B sớm.",{}
NghienCuuMotSoBienDoiDiTruyenVaLienQuanToiKetQuaDieuTriSomOBenhLoXeMiCapDongLymphoTreEmTheoPhacDoFralle2000.md:162,NghienCuuMotSoBienDoiDiTruyenVaLienQuanToiKetQuaDieuTriSomOBenhLoXeMiCapDongLymphoTreEmTheoPhacDoFralle2000.md,162,585,"c. Đặc điểm dấu ấn CD10 ở các nhóm lơ xê mi cấp dòng lympho B Bảng 3.13. Tỷ lệ xuất hiện dấu ấn CD10 ở các nhóm nguy cơ theo bất thƣờng di truyền lơ xê mi cấp dòng lympho B (n=244) CD 10

Nhóm Dƣơng tính

Âm tính n % n % Nguy cơ thấp (n=48) 93,7 6,3 Nguy cơ trung bình (n=161) 88,8 11,2 Nhóm nguy cơ cao (n=35) 80,0 20,0 p > 0,05 > 0,05 Nhận xét: Tỷ lệ bệnh nhi dương tính với CD 10 đều ở mức cao, trên 80%. Trong các nhóm, tỷ lệ bệnh nhi dương tính với CD 10 cao nhất ở nhóm nguy cơ thấp (93,7%) và thấp nhất ở nhóm nguy cơ cao (80%). Khác biệt không có ý nghĩa thống kê với p > 0,05.",{}
NghienCuuMotSoBienDoiDiTruyenVaLienQuanToiKetQuaDieuTriSomOBenhLoXeMiCapDongLymphoTreEmTheoPhacDoFralle2000.md:163,NghienCuuMotSoBienDoiDiTruyenVaLienQuanToiKetQuaDieuTriSomOBenhLoXeMiCapDongLymphoTreEmTheoPhacDoFralle2000.md,163,477,3.2.3. Liên quan giữa nhóm nguy cơ theo biến đổi di truyền lơ xê mi cấp dòng lympho B và xếp loại nhóm nguy cơ theo phác đồ FRALLE 2000 Nghiên cứu mối liên quan giữa xếp loại nhóm nguy cơ theo biến đổi di truyền và xếp loại nguy cơ theo phác đồ FRALLE với nhóm lơ xê mi cấp dòng lympho B được trình bày trong bảng 3.14: Bảng 3.14. Tỷ lệ xếp loại nguy cơ theo phác đồ FRALLE 2000 ở các nhóm nguy cơ theo biến đổi di truyền lơ xê mi cấp dòng lympho B (n=244) Nhóm di truyền B-ALL,{}
NghienCuuMotSoBienDoiDiTruyenVaLienQuanToiKetQuaDieuTriSomOBenhLoXeMiCapDongLymphoTreEmTheoPhacDoFralle2000.md:164,NghienCuuMotSoBienDoiDiTruyenVaLienQuanToiKetQuaDieuTriSomOBenhLoXeMiCapDongLymphoTreEmTheoPhacDoFralle2000.md,164,576,"FRALLE Nguy cơ thấp Nguy cơ trung bình Nguy cơ cao n % n % n % Nhóm A 75,0 64,0 2,9 Nhóm B 25,0 36,0 97,1 p p < 0,01 p < 0,01 p < 0,01 Nhận xét: 75% bệnh nhi có biến đổi di truyền thuộc nhóm nguy cơ thấp được xếp loại vào nhóm A (nguy cơ chuẩn) của phác đồ FRALLE 2000 tại thời điểm chẩn đoán. Tỷ lệ bệnh nhi nhóm nguy cơ trung bình theo biến đổi di truyền được xếp loại vào nhóm A của phác đồ FRALLE khá cao với 64%. Đa số bệnh nhi thuộc nhóm nguy cơ cao theo biến đổi di truyền được xếp loại vào nhóm B (nhóm nguy cơ cao lơ xê mi cấp dòng lympho B theo phác đồ FRALLE 2000).",{}
NghienCuuMotSoBienDoiDiTruyenVaLienQuanToiKetQuaDieuTriSomOBenhLoXeMiCapDongLymphoTreEmTheoPhacDoFralle2000.md:165,NghienCuuMotSoBienDoiDiTruyenVaLienQuanToiKetQuaDieuTriSomOBenhLoXeMiCapDongLymphoTreEmTheoPhacDoFralle2000.md,165,768,"3.3. ĐÁNH GIÁ KẾT QUẢ ĐIỀU TRỊ SỚM THEO PHÁC ĐỒ FRALLE 2000 VÀ LIÊN QUAN VỚI MỘT SỐ BẤT THƢỜNG DI TRUYỀN 3.3.1. Đánh giá kết quả điều trị sớm nhóm bệnh nhi nghiên cứu 3.3.1.1. Đánh giá đáp ứng sớm với điều trị a. Đánh giá đáp ứng sớm với corticoid và hóa trị Bảng 3.15. Đáp ứng sớm với corticoid trên máu ngoại vi ngày 8 (n=288) Đáp ứng với corticoid

Nhóm Nhạy cảm corticoid Kháng corticoid n % n % Nhóm A (n=140) 89,3 10,7 Nhóm B (n=104) 70,2 29,8 Nhóm T (n=44) 72,7 27,3 Tất cả (n=288) 79,9 20,1 p p1 < 0,05 p1 < 0,05 p1: So sánh nhóm A với các nhóm Nhận xét: Tỷ lệ đáp ứng nhạy cảm với corticoid ở máu ngoại vi ngày 8 của tất cả bệnh nhi nghiên cứu là 79,9%, cao nhất ở nhóm A (89,3%). Sự khác biệt giữa nhóm A với hai nhóm B và T có ý nghĩa thống kê với p < 0,05.",{}
NghienCuuMotSoBienDoiDiTruyenVaLienQuanToiKetQuaDieuTriSomOBenhLoXeMiCapDongLymphoTreEmTheoPhacDoFralle2000.md:166,NghienCuuMotSoBienDoiDiTruyenVaLienQuanToiKetQuaDieuTriSomOBenhLoXeMiCapDongLymphoTreEmTheoPhacDoFralle2000.md,166,851,"Bảng 3.16. Đáp ứng sớm với hóa trị trên tủy đồ ngày 21 (n=288) Đáp ứng Nhóm M1 M2 M3 n % n % n % Nhóm A (n=140) 87,9 2,1 Nhóm B (n=104) 75,0 17,3 7,7 Nhóm T (n=44) 77,3 15,9 6,8 Tất cả (n=288) 81,6 13,5 4,9 p > 0,05 > 0,05 > 0,05 Nhận xét: 81,6% bệnh nhi nghiên cứu nhạy cảm với hóa trị trên tủy đồ ngày 21. Không có sự khác biệt giữa các nhóm A, B và T theo xếp loại nguy cơ của phác đồ FRALLE 2000. b. Đánh giá kết quả điều trị tấn công Bảng 3.17. Kết quả điều trị tấn công (n=288) Đáp ứng Nhóm CR CRi NR Tử vong n % n % n % n % Nhóm A (n=140) 119 85,0 10,7 4,3 Nhóm B (n=104) 71,2 11,5 13,5 3,8 Nhóm T (n=44) 88,6 2,3 6,8 2,3 Tất cả (n=288) 80,6 9,7 8,0 1,7 p p2 <0,05 > 0,05 p2 <0,05 > 0,05 p2: So sánh giữa nhóm B với các nhóm khác Nhận xét: Tỷ lệ đáp ứng lui bệnh sau điều trị tấn công của tất cả bệnh nhi trong nghiên cứu đạt 90,3% (80,6 + 9,7)",{}
NghienCuuMotSoBienDoiDiTruyenVaLienQuanToiKetQuaDieuTriSomOBenhLoXeMiCapDongLymphoTreEmTheoPhacDoFralle2000.md:167,NghienCuuMotSoBienDoiDiTruyenVaLienQuanToiKetQuaDieuTriSomOBenhLoXeMiCapDongLymphoTreEmTheoPhacDoFralle2000.md,167,174,". Tỷ lệ bệnh nhi không lui bệnh sau điều trị tấn công cao nhất ở nhóm B (13,5%). Có 5 bệnh nhi tử vong trong điều trị tấn công, chiếm 1,7%, chủ yếu thuộc nhóm B (4 bệnh nhi).",{}
NghienCuuMotSoBienDoiDiTruyenVaLienQuanToiKetQuaDieuTriSomOBenhLoXeMiCapDongLymphoTreEmTheoPhacDoFralle2000.md:168,NghienCuuMotSoBienDoiDiTruyenVaLienQuanToiKetQuaDieuTriSomOBenhLoXeMiCapDongLymphoTreEmTheoPhacDoFralle2000.md,168,597,"c. Đánh giá tồn dư tối thiểu của bệnh sau điều trị tấn công Có 137 bệnh nhi trong số các bệnh nhi có đáp ứng lui bệnh hoàn toàn về huyết học sau điều trị tấn công được tiến hành làm xét nghiệm đánh giá tồn dư tối thiểu của bệnh (MRD). Nghiên cứu không gặp bệnh nhi nào có mức MRD ≥ 10-2. Do đó, chia mức MRD trong nghiên cứu dựa trên mức đánh giá nguy cơ tái phát trên bệnh nhi. Kết quả đánh giá các mức MRD theo phân nhóm nguy cơ (ABT) của phác đồ FRALLE 2000 được trình bày trong bảng 3.18: Bảng 3.18. Đánh giá tồn dƣ tối thiểu của bệnh sau điều trị tấn công bằng phác đồ FRALLE 2000 (n=137) MRD",{}
NghienCuuMotSoBienDoiDiTruyenVaLienQuanToiKetQuaDieuTriSomOBenhLoXeMiCapDongLymphoTreEmTheoPhacDoFralle2000.md:169,NghienCuuMotSoBienDoiDiTruyenVaLienQuanToiKetQuaDieuTriSomOBenhLoXeMiCapDongLymphoTreEmTheoPhacDoFralle2000.md,169,472,"Nhóm MRD < 10-4 10-4 ≤ MRD < 10-3 10-3≤ MRD < 10-2 n % n % n % Nhóm A (n=76) 1,3 80,3 18,4 Nhóm B (n=43) 9,3 76,7 14,0 Nhóm T (n=18) 94,4 5,6 Tất cả (n=137) 3,6 81,1 15,3 p > 0,05 > 0,05 > 0,05 Nhận xét: Tỷ lệ bệnh nhi đạt mức MRD < 10-4 thấp (3,6%). Đa số bệnh nhi đạt được mức MRD từ 10-4 - 10-3 (81,1%). Không có bệnh nhi nào có mức MRD ≥ 10-2. Sự khác biệt giữa các nhóm không có ý nghĩa thống kê.

d. Xếp nhóm nguy cơ theo phác đồ FRALLE 2000 sau đánh giá đáp ứng sớm",{}
NghienCuuMotSoBienDoiDiTruyenVaLienQuanToiKetQuaDieuTriSomOBenhLoXeMiCapDongLymphoTreEmTheoPhacDoFralle2000.md:170,NghienCuuMotSoBienDoiDiTruyenVaLienQuanToiKetQuaDieuTriSomOBenhLoXeMiCapDongLymphoTreEmTheoPhacDoFralle2000.md,170,696,"d. Xếp nhóm nguy cơ theo phác đồ FRALLE 2000 sau đánh giá đáp ứng sớm

Biểu đồ 3.7. Xếp nhóm nguy cơ theo phác đồ FRALLE 2000 sau đánh giá đáp ứng sớm (n=288) Nhận xét: Dựa trên đáp ứng sớm với điều trị (nhạy cảm corticoid, nhạy cảm hóa trị, tồn dư tối thiểu của bệnh), các bệnh nhi trong phân nhóm ABT tiếp tục được chia nhóm và xếp loại theo các nhóm nguy cơ chuẩn, nguy cơ cao và rất cao. Kết quả xếp loại nhóm nguy cơ sau điều trị tấn công như sau: Nhóm nguy cơ chuẩn chiếm tỷ lệ cao nhất với 42,7%. Nhóm nguy cơ rất cao chiếm tỷ lệ thấp nhất với 20,1%.

A1 A2 B1 T1 A3 B2 T2 Nguy cơ chuẩn (n=123; 42,7%) Nguy cơ cao (n= 107; 37,2%) Nguy cơ rất cao (n=58; 20,1%) Series1 Số lƣợng bệnh nhi (n)",{}
NghienCuuMotSoBienDoiDiTruyenVaLienQuanToiKetQuaDieuTriSomOBenhLoXeMiCapDongLymphoTreEmTheoPhacDoFralle2000.md:171,NghienCuuMotSoBienDoiDiTruyenVaLienQuanToiKetQuaDieuTriSomOBenhLoXeMiCapDongLymphoTreEmTheoPhacDoFralle2000.md,171,691,"A1 A2 B1 T1 A3 B2 T2 Nguy cơ chuẩn (n=123; 42,7%) Nguy cơ cao (n= 107; 37,2%) Nguy cơ rất cao (n=58; 20,1%) Series1 Số lƣợng bệnh nhi (n)

e. Đánh giá tái phát Có 260 bệnh nhi đạt lui bệnh sau điều trị tấn công, được tiếp tục điều trị theo phác đồ, theo dõi và ghi nhận tái phát, bao gồm tái phát tủy xương, tái phát TKTW, tái phát ngoài tủy khác. Bảng 3.19. Tỷ lệ tái phát các nhóm nguy cơ ABT phác đồ FRALLE 2000 (n=260) Tái phát

Nhóm Tái phát chung Tái phát tuỷ xƣơng Tái phát TKTW Tái phát ngoài tuỷ khác n % n % n % n % Nhóm A (n=134) 14,9 19 14,2 3,7 0,7 Nhóm B (n=86) 25,6 24,4 8,1 1,2 Nhóm T (n=40) 37,5 32,5 20,0 Tất cả (n=260) 21,9 20,4 7,7 0,8 p p3< 0,05 p3< 0,05 p3< 0,05 > 0,05",{}
NghienCuuMotSoBienDoiDiTruyenVaLienQuanToiKetQuaDieuTriSomOBenhLoXeMiCapDongLymphoTreEmTheoPhacDoFralle2000.md:172,NghienCuuMotSoBienDoiDiTruyenVaLienQuanToiKetQuaDieuTriSomOBenhLoXeMiCapDongLymphoTreEmTheoPhacDoFralle2000.md,172,815,"p3: So sánh nhóm T với các nhóm khác Nhận xét: Tỷ lệ tái phát chung của nhóm bệnh nhi nghiên cứu là 21,9%, trong đó tái phát tủy xương cao nhất với 20,4%. Tái phát TKTW và tái phát ngoài tủy khác ít gặp hơn. Tỷ lệ tái phát chung, tái phát tủy xương và tái phát TKTW đều cao nhất ở nhóm T (tái phát chung 37,5%, tái phát tủy xương 32,5%, tái phát TKTW 20%). Tỷ lệ tái phát thấp nhất ở nhóm A (14,9%).

Bảng 3.20. Tỷ lệ tái phát theo các nhóm nguy cơ của phác đồ FRALLE 2000 (n=260) Tái phát

Nhóm Tái phát chung Tái phát tuỷ xƣơng Tái phát TKTW Tái phát ngoài tuỷ khác n % n % n % n % Nguy cơ chuẩn (1) (n=119) 14,3 13,4 4,2 0,8 Nguy cơ cao (2) (n=100) 25,0 23,0 8,0 Nguy cơ rất cao (3) (n=41) 36,6 34,1 17,1 2,4 p (1,2) < 0,05 < 0,05 > 0,05 > 0,05 p(1,3) < 0,05 < 0,05 < 0,05 >0,05 p(2,3) < 0,05 < 0,05 < 0,05 >0,05",{}
NghienCuuMotSoBienDoiDiTruyenVaLienQuanToiKetQuaDieuTriSomOBenhLoXeMiCapDongLymphoTreEmTheoPhacDoFralle2000.md:173,NghienCuuMotSoBienDoiDiTruyenVaLienQuanToiKetQuaDieuTriSomOBenhLoXeMiCapDongLymphoTreEmTheoPhacDoFralle2000.md,173,753,"Nhận xét: Tỷ lệ tái phát chung, tái phát tủy xương, tái phát TKTW đều cao nhất ở nhóm nguy cơ rất cao theo phác đồ FRALLE 2000, thấp nhất ở nhóm nguy cơ chuẩn. Khác biệt có ý nghĩa thống kê với p < 0,05. f. Xác suất sống còn Xác suất sống thêm toàn bộ và sống thêm không sự kiện nhóm bệnh nhi nghiên cứu được minh họa trên biểu đồ 3.8 và biểu đồ 3.9:

Biểu đồ 3.8. Đƣờng biểu biễn xác suất sống thêm toàn bộ tại thời điểm 12 tháng (n=288) Nhận xét: Xác suất sống thêm toàn bộ tại thời điểm 12 tháng của nhóm bệnh nhi nghiên cứu khá cao, đạt 88,7 ± 2,0%.

Biểu đồ 3.9. Đƣờng biểu diễn xác suất sống thêm không sự kiện tại thời điểm 12 tháng (n=288) Nhận xét: Xác xuất sống không sự kiện tại thời điểm 12 tháng của nhóm bệnh nhi nghiên cứu là 76,7 ± 2,7%.",{}
NghienCuuMotSoBienDoiDiTruyenVaLienQuanToiKetQuaDieuTriSomOBenhLoXeMiCapDongLymphoTreEmTheoPhacDoFralle2000.md:174,NghienCuuMotSoBienDoiDiTruyenVaLienQuanToiKetQuaDieuTriSomOBenhLoXeMiCapDongLymphoTreEmTheoPhacDoFralle2000.md,174,746,"Đánh giá xác suất sống còn 12 tháng của các nhóm bệnh nhi theo nhóm ABT và nhóm nguy cơ sau đánh giá đáp ứng sớm theo phác đồ FRALLE 2000 được lần lượt trình bày trên các biểu đồ 3.10, 3.11, 3.12, 3.13:

Biểu đồ 3.10. Đƣờng biểu diễn xác suất sống thêm toàn bộ tại thời điểm 12 tháng ở các nhóm ABT của phác đồ FRALLE 2000 (n=288) Nhận xét: Xác suất sống thêm toàn bộ tại thời điểm 12 tháng cao nhất ở nhóm A, đạt 96,5 ± 1,7%, thấp nhất ở nhóm B với 76,8 ± 4,5%. Khác biệt giữa nhóm A và nhóm B có ý nghĩa thống kê với p < 0,001. Nhóm T có xác suất sống thêm toàn bộ khá cao (92,1 ± 4,4%). Khác biệt giữa các nhóm T và nhóm B có ý nghĩa thống kê với p < 0,05. Không có sự khác biệt về xác suất sống thêm toàn bộ giữa nhóm A và nhóm T (p = 0,245).",{}
NghienCuuMotSoBienDoiDiTruyenVaLienQuanToiKetQuaDieuTriSomOBenhLoXeMiCapDongLymphoTreEmTheoPhacDoFralle2000.md:175,NghienCuuMotSoBienDoiDiTruyenVaLienQuanToiKetQuaDieuTriSomOBenhLoXeMiCapDongLymphoTreEmTheoPhacDoFralle2000.md,175,496,"Biểu đồ 3.11. Đƣờng biểu diễn xác suất sống thêm không sự kiện tại thời điểm 12 tháng ở các nhóm ABT của phác đồ FRALLE 2000 (n=288) Nhận xét: Xác suất sống thêm không sự kiện tại thời điểm 12 tháng cao nhất ở nhóm A, đạt 90,5 ± 2,6%. Nhóm B và nhóm T có xác suất sống thêm không sự kiện thấp hơn, lần lượt là 62,5 ± 5,2% và 67,5 ± 5,2%. Khác biệt giữa nhóm A và 2 nhóm B, T có ý nghĩa thống kê với p < 0,01. Xác suất sống thêm không sự kiện của nhóm B và nhóm T không có sự khác biệt (p = 0,481)",{}
NghienCuuMotSoBienDoiDiTruyenVaLienQuanToiKetQuaDieuTriSomOBenhLoXeMiCapDongLymphoTreEmTheoPhacDoFralle2000.md:176,NghienCuuMotSoBienDoiDiTruyenVaLienQuanToiKetQuaDieuTriSomOBenhLoXeMiCapDongLymphoTreEmTheoPhacDoFralle2000.md,176,558,"Biểu đồ 3.12. Đƣờng biểu diễn xác suất sống thêm toàn bộ tại thời điểm 12 tháng các nhóm nguy cơ của phác đồ FRALLE 2000 (n=288) Nhận xét: Với các nhóm nguy cơ của phác đồ FRALLE 2000 được đánh giá lại sau điều trị tấn công, xác suất sống thêm toàn bộ của nhóm nguy cơ chuẩn cao nhất với 96,7 ± 1,9%, thấp nhất ở nhóm nguy cơ rất cao với 72,6 ± 6,3%. Xác suất sống thêm toàn bộ của nhóm nguy cơ cao đạt 88,6 ± 3,3%. Khác biệt giữa các nhóm có ý nghĩa thống kê với p < 0,05, đặc biệt, nhóm nguy cơ chuẩn có OS khác biệt với nhóm nguy cơ rất cao với p < 0,001.",{}
NghienCuuMotSoBienDoiDiTruyenVaLienQuanToiKetQuaDieuTriSomOBenhLoXeMiCapDongLymphoTreEmTheoPhacDoFralle2000.md:177,NghienCuuMotSoBienDoiDiTruyenVaLienQuanToiKetQuaDieuTriSomOBenhLoXeMiCapDongLymphoTreEmTheoPhacDoFralle2000.md,177,886,"Biểu đồ 3.13. Đƣờng biểu diễn xác suất sống thêm không sự kiện tại thời điểm 12 tháng các nhóm nguy cơ của phác đồ FRALLE 2000 (n=288) Nhận xét: Xác suất sống thêm không sự kiện của nhóm nguy cơ chuẩn cao nhất với 90,9 ± 2,8 %. Xác suất sống thêm không sự kiện của nhóm nguy cơ cao chỉ đạt 75,8 ± 4,5 %. Nhóm nguy cơ rất cao có xác suất sống thêm thấp nhất với 50,4 ± 6,9 %. Khác biệt giữa các nhóm nguy cơ chuẩn và nhóm nguy cơ cao có ý nghĩa thống kê với p < 0,01. Nhóm nguy cơ rất cao có EFS thấp hơn các nhóm khác với p < 0,001.

3.3.2. Đánh giá kết quả điều trị sớm các nhóm nguy cơ theo biến đổi di truyền lơ xê mi cấp dòng lympho B 3.3.2.1. Đánh giá đáp ứng điều trị sớm các nhóm nguy cơ theo biến đổi di truyền lơ xê mi cấp dòng lympho B a. Đánh giá đáp ứng sớm với corticoid và hóa trị Bảng 3.21. Đáp ứng sớm với corticoid trên máu ngoại vi ngày 8 (n=244) Đáp ứng với corticoid",{}
NghienCuuMotSoBienDoiDiTruyenVaLienQuanToiKetQuaDieuTriSomOBenhLoXeMiCapDongLymphoTreEmTheoPhacDoFralle2000.md:178,NghienCuuMotSoBienDoiDiTruyenVaLienQuanToiKetQuaDieuTriSomOBenhLoXeMiCapDongLymphoTreEmTheoPhacDoFralle2000.md,178,688,"Nhóm Nhạy cảm corticoid Kháng corticoid n % n % Nguy cơ thấp 79,2 20,8 Nguy cơ trung bình 79,5 20,5 Nguy cơ cao 62,9 37,1 p p3 < 0,05 p3 < 0,05 p3: So sánh giữa nhóm nguy cơ cao với hai nhóm còn lại Nhận xét: Tỷ lệ đáp ứng nhạy cảm với corticoid ở máu ngoại vi ngày 8 thấp nhất ở nhóm nguy cơ cao (62,9%). Nhóm nguy cơ thấp và nguy cơ trung bình có tỷ lệ bệnh nhi nhạy cảm với corticoid gần tương tự nhau, xấp xỉ 79%. Bảng 3.22. Đánh giá nhạy cảm với hóa trị trên tủy đồ ngày 21 (n=244) Đáp ứng Nhóm M1 M2 M3 n % n % n % Nguy cơ thấp 87,5 12,5 Nguy cơ trung bình 84,5 12,4 3,1 Nguy cơ cao 65,7 17,1 17,1 p p3 <0,05 p3 >0,05 p3 <0,05 p3: So sánh giữa nhóm nguy cơ cao với các nhóm còn lại.",{}
NghienCuuMotSoBienDoiDiTruyenVaLienQuanToiKetQuaDieuTriSomOBenhLoXeMiCapDongLymphoTreEmTheoPhacDoFralle2000.md:179,NghienCuuMotSoBienDoiDiTruyenVaLienQuanToiKetQuaDieuTriSomOBenhLoXeMiCapDongLymphoTreEmTheoPhacDoFralle2000.md,179,391,Nhận xét: Tỷ lệ bệnh nhi nhạy cảm với hóa trị ngày 21 đạt trên 80% ở cả hai nhóm nguy cơ thấp và nguy cơ trung bình. Nhóm nguy cơ cao theo biến đổi di truyền lơ xê mi cấp dòng lympho B có tỷ lệ nhạy cảm với hóa trị thấp nhất b. Đánh giá đáp ứng sau điều trị tấn công Bảng 3.23. Đáp ứng sau điều trị tấn công các nhóm nguy cơ theo biến đổi di truyền lơ xê mi cấp dòng lympho B (n=244) Đáp ứng,{}
NghienCuuMotSoBienDoiDiTruyenVaLienQuanToiKetQuaDieuTriSomOBenhLoXeMiCapDongLymphoTreEmTheoPhacDoFralle2000.md:180,NghienCuuMotSoBienDoiDiTruyenVaLienQuanToiKetQuaDieuTriSomOBenhLoXeMiCapDongLymphoTreEmTheoPhacDoFralle2000.md,180,655,"Nhóm CR CRi NR Tử vong n % n % n % n % Nguy cơ thấp 87,5 10,4 2,1 Nguy cơ trung bình 128 79,5 11,8 6,8 1,9 Nguy cơ cao 65,7 8,6 22,9 2,8 p p3<0,05 > 0,05 p3 <0,05 > 0,05 p3: So sánh nhóm nguy cơ cao với hai nhóm còn lại Nhận xét: Bệnh nhi nhóm nguy cơ cao theo biến đổi di truyền lơ xê mi cấp dòng lympho B có đáp ứng lui bệnh hoàn toàn (CR) thấp nhất (65,7%), tỷ lệ bệnh nhi không lui bệnh cao nhất (22,9%). Nhóm nguy cơ thấp có tỷ lệ đáp ứng lui bệnh cao nhất, chỉ có 1 bệnh nhi, chiếm 2,1% không đạt lui bệnh và không có bệnh nhi nào tử vong trong điều trị tấn công. Khác biệt giữa nhóm nguy cơ cao và hai nhóm còn lại có ý nghĩa thống kê với p < 0,05.",{}
NghienCuuMotSoBienDoiDiTruyenVaLienQuanToiKetQuaDieuTriSomOBenhLoXeMiCapDongLymphoTreEmTheoPhacDoFralle2000.md:181,NghienCuuMotSoBienDoiDiTruyenVaLienQuanToiKetQuaDieuTriSomOBenhLoXeMiCapDongLymphoTreEmTheoPhacDoFralle2000.md,181,774,"c. Đánh giá tồn dư tối thiểu của bệnh các nhóm nguy cơ theo biến đổi di truyền lơ xê mi cấp dòng lympho B Có 119 bệnh nhi lơ xê mi cấp dòng lympho B trong tổng số 137 bệnh nhi được xét nghiệm đánh giá tồn dư tối thiểu của bệnh sau điều trị tấn công. Kết quả được thể hiện trong bảng 3.24: Bảng 3.24. Đánh giá tồn dƣ tối thiểu của bệnh sau điều trị tấn công các nhóm nguy cơ theo biến đổi di truyền lơ xê mi cấp dòng lympho B (n=119) MRD Nhóm MRD < 10-4 10-4 ≤ MRD < 10-3 10-3 ≤ MRD < 10-2 n % n % n % Nguy cơ thấp (n=27) 7,4 70,4 22,2 Nguy cơ trung bình (n=80) 3,8 82,5 13,7 Nguy cơ cao (n=12) 83,3 16,7 p > 0,05 > 0,05 > 0,05 Nhận xét: Không có sự khác biệt về MRD giữa các nhóm nguy cơ theo biến đổi di truyền tế bào B. Đa số bệnh nhi đạt mức MRD từ 10-3 đến 10-4 (83,3%).",{}
NghienCuuMotSoBienDoiDiTruyenVaLienQuanToiKetQuaDieuTriSomOBenhLoXeMiCapDongLymphoTreEmTheoPhacDoFralle2000.md:182,NghienCuuMotSoBienDoiDiTruyenVaLienQuanToiKetQuaDieuTriSomOBenhLoXeMiCapDongLymphoTreEmTheoPhacDoFralle2000.md,182,445,d. Đánh giá tái phát các nhóm nguy cơ theo biến đổi di truyền lơ xê mi cấp dòng lympho B Nghiên cứu ghi nhận 220 bệnh nhi lơ xê mi cấp có dấu ấn dòng lympho B đạt lui bệnh sau điều trị tấn công. Các bệnh nhi này được theo dõi và ghi nhận tái phát. Tỷ lệ tái phát các nhóm nguy cơ theo biến đổi di truyền được tổng hợp trong bảng 3.25: Bảng 3.25. Tỷ lệ tái phát các nhóm nguy cơ theo biến đổi di truyền lơ xê mi cấp dòng lympho B (n=220) Tái phát,{}
NghienCuuMotSoBienDoiDiTruyenVaLienQuanToiKetQuaDieuTriSomOBenhLoXeMiCapDongLymphoTreEmTheoPhacDoFralle2000.md:183,NghienCuuMotSoBienDoiDiTruyenVaLienQuanToiKetQuaDieuTriSomOBenhLoXeMiCapDongLymphoTreEmTheoPhacDoFralle2000.md,183,582,"Nhóm Tái phát chung Tái phát tuỷ xƣơng Tái phát TKTW Tái phát ngoài tuỷ khác n % n % n % n % Nguy cơ thấp (n=47) 12,8 10,6 4,3 Nguy cơ trung bình (n=147) 19,0 28,4 5,4 0,7 Nguy cơ cao (n=26) 30,8 30,8 7,7 3,8 p p3< 0,05 p3< 0,05 > 0,05 > 0,05 p3: So sánh nhóm nguy cơ cao với các nhóm Nhận xét: Tỷ lệ tái phát chung, tái phát tủy xương cao nhất ở nhóm nguy cơ cao (30,8%), thấp nhất ở nhóm nguy cơ thấp. Tái phát TKTW và tái phát khác ngoài tủy hiếm gặp hơn và không có sự khác biệt giữa các nhóm.

e. Xác suất sống còn các nhóm nguy cơ theo biến đổi di truyền lơ xê mi cấp lympho B",{}
NghienCuuMotSoBienDoiDiTruyenVaLienQuanToiKetQuaDieuTriSomOBenhLoXeMiCapDongLymphoTreEmTheoPhacDoFralle2000.md:184,NghienCuuMotSoBienDoiDiTruyenVaLienQuanToiKetQuaDieuTriSomOBenhLoXeMiCapDongLymphoTreEmTheoPhacDoFralle2000.md,184,627,"e. Xác suất sống còn các nhóm nguy cơ theo biến đổi di truyền lơ xê mi cấp lympho B

Biểu đồ 3.14. Đƣờng biểu diễn xác suất sống thêm toàn bộ tại thời điểm 12 tháng ở các nhóm nguy cơ theo biến đổi di truyền lơ xê mi cấp dòng lympho B (n=244) Nhận xét: Xác suất sống thêm toàn bộ của nhóm nguy cơ thấp cao nhất với 97,8 ± 2,2%, thấp nhất ở nhóm nguy cơ cao với 62,3 ± 8,7%. Xác suất sống thêm toàn bộ của nhóm nguy cơ trung bình đạt 91,3 ± 2,4%. Khác biệt giữa nhóm nguy cơ cao với các nhóm có ý nghĩa thống kê với p < 0,001. Nhóm nguy cơ thấp và nguy cơ trung bình không có khác biệt về xác suất sống thêm toàn bộ với p=0,189.",{}
NghienCuuMotSoBienDoiDiTruyenVaLienQuanToiKetQuaDieuTriSomOBenhLoXeMiCapDongLymphoTreEmTheoPhacDoFralle2000.md:185,NghienCuuMotSoBienDoiDiTruyenVaLienQuanToiKetQuaDieuTriSomOBenhLoXeMiCapDongLymphoTreEmTheoPhacDoFralle2000.md,185,618,"Biểu đồ 3.15. Đƣờng biểu diễn xác suất sống thêm không sự kiện tại thời điểm 12 tháng ở các nhóm nguy cơ theo biến đổi di truyền lơ xê mi cấp dòng lympho B (n=244) Nhận xét: Xác suất sống thêm không sự kiện của nhóm nguy cơ thấp cao nhất với 89,8 ± 4,9 %. Xác suất sống thêm toàn bộ của nhóm nguy cơ trung bình đạt gần tương tự với 81,6 ± 3,2%. Không có sự khác biệt về xác suất sống thêm không sự kiện giữa nhóm nguy cơ thấp và nguy cơ trung bình (p=0,146). Nhóm nguy cơ cao có xác suất sống thêm không sự kiện thấp nhất với 49,8 ± 9,2%. Khác biệt giữa nhóm nguy cơ cao với các nhóm có ý nghĩa thống kê với p < 0,001.",{}
NghienCuuMotSoBienDoiDiTruyenVaLienQuanToiKetQuaDieuTriSomOBenhLoXeMiCapDongLymphoTreEmTheoPhacDoFralle2000.md:186,NghienCuuMotSoBienDoiDiTruyenVaLienQuanToiKetQuaDieuTriSomOBenhLoXeMiCapDongLymphoTreEmTheoPhacDoFralle2000.md,186,507,"3.3.2.2. Xác suất sống còn liên quan tới một số đột biến dung hợp gen lơ xê mi cấp dòng lympho B a. Xác suất sống còn liên quan tới đột biến gen BCR-ABL1 Phân nhóm B của phác đồ FRALLE 2000 được xếp loại tại thời điểm chẩn đoán có 24 bệnh nhi có đột biến gen BCR-ABL1. So sánh xác suất sống còn tại thời điểm 12 tháng giữa nhóm các bệnh nhi có đột biến gen BCR-ABL1 và nhóm bệnh nhi không có đột biến gen BCR-ABL1 trong cùng phân nhóm B của phác đồ FRALLE 2000 được biểu thị trên biểu đồ 3.16, biểu đồ 3.17:",{}
NghienCuuMotSoBienDoiDiTruyenVaLienQuanToiKetQuaDieuTriSomOBenhLoXeMiCapDongLymphoTreEmTheoPhacDoFralle2000.md:187,NghienCuuMotSoBienDoiDiTruyenVaLienQuanToiKetQuaDieuTriSomOBenhLoXeMiCapDongLymphoTreEmTheoPhacDoFralle2000.md,187,425,"Biểu đồ 3.16. Đƣờng biểu diễn xác suất sống thêm toàn bộ tại thời điểm 12 tháng liên quan tới đột biến gen BCR-ABL1 trong phân nhóm B của phác đồ FRALLE 2000 (n=104) Nhận xét: Trong cùng phân nhóm B của phác đồ FRALLE 2000, nhóm bệnh nhi có đột biến gen BCR-ABL1 có xác suất sống thêm toàn bộ thấp hơn nhóm bệnh nhi không có đột biến gen BCR-ABL1 (57,1 ± 11,1% so với 83,1 ± 4,5%). Khác biệt có ý nghĩa thống kê với p < 0,05.",{}
NghienCuuMotSoBienDoiDiTruyenVaLienQuanToiKetQuaDieuTriSomOBenhLoXeMiCapDongLymphoTreEmTheoPhacDoFralle2000.md:188,NghienCuuMotSoBienDoiDiTruyenVaLienQuanToiKetQuaDieuTriSomOBenhLoXeMiCapDongLymphoTreEmTheoPhacDoFralle2000.md,188,752,"Biểu đồ 3.17. Đƣờng biểu diễn xác suất sống thêm không sự kiện tại thời điểm 12 tháng liên quan tới đột biến gen BCR-ABL1 trong phân nhóm B của phác đồ FRALLE 2000 (n=104) Nhận xét: Xác suất sống thêm không sự kiện nhóm bệnh nhi có đột biến gen BCR-ABL1 chỉ đạt 43,0 ± 11,4%, thấp hơn nhóm bệnh nhi không có đột biến gen BCR-ABL1 (68,2 ± 5,6%). Khác biệt có ý nghĩa thống kê với p < 0,05. b. Xác suất sống còn liên quan tới đột biến gen TEL-AML1 Trong nhóm nguy cơ chuẩn (Nhóm A) theo phác đồ FRALLE 2000, có 30 bệnh nhi có đột biến gen TEL-AML1. Xác suất sống thêm toàn bộ và sống thêm không sự kiện của nhóm bệnh nhi có đột biến gen TEL-AML1 được so sánh với các bệnh nhi còn lại của cùng phân nhóm A. Kết quả được biểu thị trên biểu đồ 3.18 và 3.19:",{}
NghienCuuMotSoBienDoiDiTruyenVaLienQuanToiKetQuaDieuTriSomOBenhLoXeMiCapDongLymphoTreEmTheoPhacDoFralle2000.md:189,NghienCuuMotSoBienDoiDiTruyenVaLienQuanToiKetQuaDieuTriSomOBenhLoXeMiCapDongLymphoTreEmTheoPhacDoFralle2000.md,189,452,"Biểu đồ 3.18. Đƣờng biểu diễn xác suất sống thêm toàn bộ tại thời điểm 12 tháng liên quan tới đột biến gen TEL-AML1 trong phân nhóm A của phác đồ FRALLE 2000 (n=140) Nhận xét: Trong nhóm A - nguy cơ chuẩn của phác đồ FRALLE 2000, bệnh nhi có đột biến gen TEL-AML1 có xác suất sống thêm toàn bộ tại thời điểm 12 tháng là 100%, cao hơn so với nhóm không có đột biến gen TEL- AML1 (95,6 ± 2,2%). Tuy nhiên khác biệt không có ý nghĩa thống kê với p > 0,05.",{}
NghienCuuMotSoBienDoiDiTruyenVaLienQuanToiKetQuaDieuTriSomOBenhLoXeMiCapDongLymphoTreEmTheoPhacDoFralle2000.md:190,NghienCuuMotSoBienDoiDiTruyenVaLienQuanToiKetQuaDieuTriSomOBenhLoXeMiCapDongLymphoTreEmTheoPhacDoFralle2000.md,190,456,"Biểu đồ 3.19. Đƣờng biểu diễn xác suất sống thêm không sự kiện tại thời điểm 12 tháng liên quan tới đột biến gen TEL-AML1 trong phân nhóm A của phác đồ FRALLE 2000 (n=140) Nhận xét: Bệnh nhi có đột biến gen TEL-AML1 có xác suất sống thêm không sự kiện tại thời điểm 12 tháng là 100%, cao hơn so với nhóm không có đột biến gen TEL-AML1 (87,9 ± 3,3%) trong cùng phân nhóm A của phác đồ FRALLE 2000. Tuy nhiên khác biệt không có ý nghĩa thống kê với p > 0,05.",{}
NghienCuuMotSoBienDoiDiTruyenVaLienQuanToiKetQuaDieuTriSomOBenhLoXeMiCapDongLymphoTreEmTheoPhacDoFralle2000.md:191,NghienCuuMotSoBienDoiDiTruyenVaLienQuanToiKetQuaDieuTriSomOBenhLoXeMiCapDongLymphoTreEmTheoPhacDoFralle2000.md,191,258,3.3.3. Liên quan giữa một số yếu tố với xác suất sống còn 3.3.3.1. Liên quan của một số yếu tố với xác suất sống thêm toàn bộ tại thời điểm 12 tháng Nghiên cứu mối liên quan quan đơn biến giữa một số yếu tố với xác suất sống thêm toàn bộ nhận thấy: Bảng 3.26,{}
NghienCuuMotSoBienDoiDiTruyenVaLienQuanToiKetQuaDieuTriSomOBenhLoXeMiCapDongLymphoTreEmTheoPhacDoFralle2000.md:192,NghienCuuMotSoBienDoiDiTruyenVaLienQuanToiKetQuaDieuTriSomOBenhLoXeMiCapDongLymphoTreEmTheoPhacDoFralle2000.md,192,698,". Kết quả phân tích mối liên quan đơn biến giữa một số yếu tố đến xác suất sống thêm toàn bộ tại thời điểm 12 tháng (n=288) Yếu tố Đặc tính Hazard risk CI-95% p Giới tính Nam 1,34 0,64 - 2,80 0,45 Nữ Tuổi từ 1-10 Có 2,83 1,33 – 6,10 < 0,01 Không Bạch cầu <50 G/L 2,99 1,43 - 6,30 < 0,01 ≥50G/L CD10 Dương tính 1,13 0,48 – 2,65 0,79 Âm tính Xếp loại miễn dịch B 0,88 0,30 – 2,52 0,80 T Nguy cơ cao về di truyền Có 5,99 2,73 – 13,17 < 0,001 Không Nhạy cảm corticoid Có 4,43 2,10 - 9,36 < 0,01 Không Nhạy cảm hóa trị Có 2,22 1,37 - 3,60 < 0,01 Không Nhận xét: Phân tích một số yếu tố nguy cơ đến xác suất sống thêm toàn bộ tại thời điểm 12 tháng nhận thấy các yếu tố: Tuổi, bạch cầu, nguy cơ cao về di",{}
NghienCuuMotSoBienDoiDiTruyenVaLienQuanToiKetQuaDieuTriSomOBenhLoXeMiCapDongLymphoTreEmTheoPhacDoFralle2000.md:193,NghienCuuMotSoBienDoiDiTruyenVaLienQuanToiKetQuaDieuTriSomOBenhLoXeMiCapDongLymphoTreEmTheoPhacDoFralle2000.md,193,384,"truyền, nhạy cảm với corticoid, nhạy cảm hóa trị có tác động có ý nghĩa thống kê với p < 0,01. Các yếu tố xếp loại miễn dịch, giới tính, CD10 tác động không có ý nghĩa thống kê đến xác suất sống thêm toàn bộ (p > 0,05). Dựa trên một số yếu tố tác động có ý nghĩa đến xác suất sống thêm toàn bộ, chúng tôi nghiên cứu mối liên quan đa biến và ghi nhận kết quả trong bảng 3.27: Bảng 3.27",{}
NghienCuuMotSoBienDoiDiTruyenVaLienQuanToiKetQuaDieuTriSomOBenhLoXeMiCapDongLymphoTreEmTheoPhacDoFralle2000.md:194,NghienCuuMotSoBienDoiDiTruyenVaLienQuanToiKetQuaDieuTriSomOBenhLoXeMiCapDongLymphoTreEmTheoPhacDoFralle2000.md,194,694,". Dựa trên một số yếu tố tác động có ý nghĩa đến xác suất sống thêm toàn bộ, chúng tôi nghiên cứu mối liên quan đa biến và ghi nhận kết quả trong bảng 3.27: Bảng 3.27. Liên quan đa biến giữa một số yếu tố đến xác suất sống thêm toàn bộ tại thời điểm 12 tháng (n=288) Yếu tố Đặc tính Hazard risk CI-95% p Tuổi từ 1-10 Có 1,87 0,79 - 4,40 0,15 Không Bạch cầu <50 G/L 2,35 0,96 – 5,76 0,06 ≥50G/L Nguy cơ cao về di truyền Có 3,10 1,20 - 8,04 < 0,05 Không Nhạy cảm corticoid Có 3,12 0,84 - 11,63 0,09 Không Nhạy cảm hóa trị Có 0,89 0,35 – 2,28 0,80 Không Nhận xét: Phân tích đa biến cho thấy, yếu tố nguy cơ cao về di truyền tác động có ý nghĩa thống kê đến xác suất sống thêm toàn bộ với p < 0,05.",{}
NghienCuuMotSoBienDoiDiTruyenVaLienQuanToiKetQuaDieuTriSomOBenhLoXeMiCapDongLymphoTreEmTheoPhacDoFralle2000.md:195,NghienCuuMotSoBienDoiDiTruyenVaLienQuanToiKetQuaDieuTriSomOBenhLoXeMiCapDongLymphoTreEmTheoPhacDoFralle2000.md,195,801,"CHƢƠNG 4 BÀN LUẬN 4.1. ĐẶC ĐIỂM CHUNG CỦA NHÓM BỆNH NHI NGHIÊN CỨU 4.1.1. Đặc điểm về tuổi Tuổi bệnh nhi tại thời điểm chẩn đoán là một trong những yếu tố tiên lượng độc lập trong ALL trẻ em. Trong các tiêu chí xếp loại nhóm nguy cơ của phác đồ FRALLE 2000 thì tuổi là một yếu tố quan trọng. Đặc điểm về tuổi nhóm bệnh nhi nghiên cứu được biểu thị trên bảng 3.1, cho thấy: độ tuổi trung bình trong nghiên cứu là 6,4 ± 3,8, nhóm tuổi dưới 5 chiếm tỷ lệ cao nhất với 55,2%, nhóm tuổi 11 - 15 tuổi chiếm tỷ lệ thấp nhất với chỉ 16,7%. Số lượng bệnh nhi theo từng tuổi cũng được minh họa trên biểu đồ 3.1, qua đó cho thấy ALL có thể gặp ở mọi lứa tuổi từ 0 - 15 tuổi, tuổi thường gặp nhất là 2 - 5 tuổi, cao nhất là 4 tuổi (17,4%). Nhóm bệnh nhi dưới 1 tuổi chiếm tỷ lệ thấp nhất với chỉ 2 bệnh nhi (0,7%)",{}
NghienCuuMotSoBienDoiDiTruyenVaLienQuanToiKetQuaDieuTriSomOBenhLoXeMiCapDongLymphoTreEmTheoPhacDoFralle2000.md:196,NghienCuuMotSoBienDoiDiTruyenVaLienQuanToiKetQuaDieuTriSomOBenhLoXeMiCapDongLymphoTreEmTheoPhacDoFralle2000.md,196,885,". Nhóm bệnh nhi dưới 1 tuổi chiếm tỷ lệ thấp nhất với chỉ 2 bệnh nhi (0,7%). Như vậy, đa số bệnh nhi trong nghiên cứu thuộc nhóm có tiên lượng tốt về tuổi tại thời điểm chẩn đoán: nhóm tuổi 1 đến 10 chiếm tới 83,3%. Nghiên cứu này cũng tương đồng với nhiều tác giả trong và ngoài nước khi nghiên cứu về ALL trẻ em tại Việt Nam. Nghiên cứu của tác giả Bùi Ngọc Lan trên 97 trẻ từ năm 2001 - 2004 tại Bệnh viện Nhi Trung ương, tuổi trung bình trong nghiên cứu là 6,0 ± 3,8, lứa tuổi 1 - 5 chiếm tỷ lệ cao nhất với 49,5%, tuổi thường gặp nhất là 4 tuổi [13]. Một nghiên cứu tại Bệnh viện Truyền máu – Huyết học Hồ Chí Minh năm 2010 trên 120 trẻ của tác giả Võ Thị Thanh Trúc cũng có kết quả gần tương tự với tuổi trung bình 6,8 ± 4,3, tỷ lệ trẻ 1 - 5 tuổi là 48,3% [73]. Nghiên cứu của Huỳnh Thiện Ngôn và cộng sự trên 255 trẻ thấy tuổi trung bình trong nghiên cứu là 6,43 ± 4,2 tuổi [77]",{}
NghienCuuMotSoBienDoiDiTruyenVaLienQuanToiKetQuaDieuTriSomOBenhLoXeMiCapDongLymphoTreEmTheoPhacDoFralle2000.md:197,NghienCuuMotSoBienDoiDiTruyenVaLienQuanToiKetQuaDieuTriSomOBenhLoXeMiCapDongLymphoTreEmTheoPhacDoFralle2000.md,197,323,". Nghiên cứu của Huỳnh Thiện Ngôn và cộng sự trên 255 trẻ thấy tuổi trung bình trong nghiên cứu là 6,43 ± 4,2 tuổi [77]. Các nghiên cứu trên thế giới cũng cho thấy nhóm tuổi dưới 10 gặp với tỷ lệ cao nhất, trong đó lứa tuổi 2 - 5 là lứa tuổi thường gặp nhất như nghiên cứu của các tác giả G. Bahoush tại Iran năm 2019 [86],",{}
NghienCuuMotSoBienDoiDiTruyenVaLienQuanToiKetQuaDieuTriSomOBenhLoXeMiCapDongLymphoTreEmTheoPhacDoFralle2000.md:198,NghienCuuMotSoBienDoiDiTruyenVaLienQuanToiKetQuaDieuTriSomOBenhLoXeMiCapDongLymphoTreEmTheoPhacDoFralle2000.md,198,833,"hay tác giả Stiller CA tại Anh năm 2012 cũng thống kê thấy lứa tuổi 2 - 6 là tuổi thường gặp nhất ở ALL trẻ em [87]. 4.1.2. Đặc điểm về giới Giới tính cũng là một trong các yếu tố được xem xét trong xếp loại nguy cơ của nhiều phác đồ điều trị trên thế giới. Một số nghiên cứu chỉ ra rằng bệnh nhi nam có tỷ lệ mắc bệnh cao hơn, thời gian sống thêm không bệnh thấp hơn [72]. Nghiên cứu đặc điểm về giới trong nghiên cứu này cho thấy: bệnh nhi nam có tỷ lệ cao hơn bệnh nhi nữ với tỷ lệ nam:nữ là 1,4:1 (biểu đồ 3.2). Đa số các nghiên cứu về ALL trẻ em tại Việt Nam và trên thế giới cũng cho thấy tỷ lệ mắc ALL ở bệnh nhi nam cao hơn bệnh nhi nữ có ý nghĩa thống kê. Nghiên cứu của tác giả Trần Quỳnh Mai năm 2016, tỷ lệ nam:nữ là 1,8:1 [75]. Nghiên cứu của tác giả Nguyễn Thị Mai Hương cho kết quả nam chiếm 67,4%, nữ chiếm 32,6% [72]",{}
NghienCuuMotSoBienDoiDiTruyenVaLienQuanToiKetQuaDieuTriSomOBenhLoXeMiCapDongLymphoTreEmTheoPhacDoFralle2000.md:199,NghienCuuMotSoBienDoiDiTruyenVaLienQuanToiKetQuaDieuTriSomOBenhLoXeMiCapDongLymphoTreEmTheoPhacDoFralle2000.md,199,712,". Nghiên cứu của tác giả Trần Quỳnh Mai năm 2016, tỷ lệ nam:nữ là 1,8:1 [75]. Nghiên cứu của tác giả Nguyễn Thị Mai Hương cho kết quả nam chiếm 67,4%, nữ chiếm 32,6% [72]. Tác giả Stiller CA thống kê trên 1574 trẻ ALL mới tại Anh từ năm 2009 đến 2011, nam chiếm 55%, nữ chiếm 45%, tỷ lệ nam: nữ là 1,2:1 [87]. Nghiên cứu của G. Bahoush và cộng sự, tỷ lệ bệnh nhi nam ALL chiếm 56,3%, bệnh nhi nữ chiếm 43,7% [86]. Như vậy, rõ ràng bệnh nhi nam có xu hướng mắc bệnh ALL cao hơn so với bệnh nhi nữ. Mặc dù vậy, cho đến nay, dù đưa ra nhiều giả thuyết liên quan đến môi trường, di truyền, nhưng các nhà khoa học vẫn chưa giải thích được nguyên nhân tại sao bệnh nhi nam có nguy cơ mắc ALL cao hơn bệnh nhi nữ. 4.1.3",{}
NghienCuuMotSoBienDoiDiTruyenVaLienQuanToiKetQuaDieuTriSomOBenhLoXeMiCapDongLymphoTreEmTheoPhacDoFralle2000.md:200,NghienCuuMotSoBienDoiDiTruyenVaLienQuanToiKetQuaDieuTriSomOBenhLoXeMiCapDongLymphoTreEmTheoPhacDoFralle2000.md,200,484,". 4.1.3. Đặc điểm xếp loại thể bệnh theo dấu ấn miễn dịch Xếp loại thể bệnh dựa trên các dấu ấn miễn dịch để chia nhóm ALL là một trong những yếu tố tiên lượng độc lập, cũng là một trong những tiêu chuẩn để chia nhóm nguy cơ và lựa chọn điều trị trong phác đồ FRALLE 2000. Trong nghiên cứu này, tỷ lệ bệnh nhi có dấu ấn miễn dịch tế bào được xếp vào nhóm B-ALL chiếm chủ yếu với 83%. Tỷ lệ bệnh nhi T-ALL chiếm 15,3% bệnh nhi trong nghiên cứu (bảng 3.2). LXM cấp thể lai hiếm gặp nhất",{}
NghienCuuMotSoBienDoiDiTruyenVaLienQuanToiKetQuaDieuTriSomOBenhLoXeMiCapDongLymphoTreEmTheoPhacDoFralle2000.md:201,NghienCuuMotSoBienDoiDiTruyenVaLienQuanToiKetQuaDieuTriSomOBenhLoXeMiCapDongLymphoTreEmTheoPhacDoFralle2000.md,201,775,"trong hầu hết các nghiên cứu, dao động từ 1 - 8%. Nghiên cứu này cũng gặp tỷ lệ bệnh nhi được chẩn đoán LXM cấp thể lai với tỷ lệ thấp (1,7%). Dưới đây là bảng so sánh tỷ lệ chia nhóm ALL trẻ em theo xếp loại miễn dịch ở một số nghiên cứu trong và ngoài nước: Bảng 4.1. Phân bố theo xếp loại miễn dịch ALL trẻ em trong một số nghiên cứu Tác giả (năm NC) Khu vực/ Nƣớc B-ALL T-ALL LXM cấp thể lai Phan Thị Duy An (2011)[88] Việt Nam 85% 15% - Hoàng Chí Cương (2014)[89] Việt Nam 78,7% 17% 4,3% Pui CH (2009)[90] Trung Mỹ 82,7% 17,3% - Kamps (2010)[91] Hà Lan 88% 12% - Supriyadi (2011)[92] Indonesia 83% 17% - Zhang YD (2012)[93] Trung Quốc 74,1% 17,3% 8,6% Siddaiahgari (2015)[94] Ấn Độ 82,4% 17,6% - G.Bahoush – 2019 [86] Iran 87,3% 12,7% - Chúng tôi Việt Nam 83% 15,3% 1,7%",{}
NghienCuuMotSoBienDoiDiTruyenVaLienQuanToiKetQuaDieuTriSomOBenhLoXeMiCapDongLymphoTreEmTheoPhacDoFralle2000.md:202,NghienCuuMotSoBienDoiDiTruyenVaLienQuanToiKetQuaDieuTriSomOBenhLoXeMiCapDongLymphoTreEmTheoPhacDoFralle2000.md,202,381,"Trong xếp loại dưới nhóm miễn dịch lơ xê mi cấp dòng lympho B, nghiên cứu gặp nhóm B chung chiếm tỷ lệ cao nhất với 66,9%, sau đó là nhóm tiền B (29,3%). Kết quả gần tương tự nghiên cứu của tác giả Hoàng Chí Cương năm 2014 [89]. Như vậy, tỷ lệ bệnh nhi theo các dưới nhóm xếp loại miễn dịch trong nghiên cứu này tương tự như các nghiên cứu của các tác giả khác trong và ngoài nước.",{}
NghienCuuMotSoBienDoiDiTruyenVaLienQuanToiKetQuaDieuTriSomOBenhLoXeMiCapDongLymphoTreEmTheoPhacDoFralle2000.md:203,NghienCuuMotSoBienDoiDiTruyenVaLienQuanToiKetQuaDieuTriSomOBenhLoXeMiCapDongLymphoTreEmTheoPhacDoFralle2000.md,203,865,"4.2. XÁC ĐỊNH BẤT THƢỜNG NHIỄM SẮC THỂ VÀ ĐỘT BIẾN DUNG HỢP MỘT SỐ GEN LIÊN QUAN ĐẾN BỆNH LƠ XÊ MI CẤP DÒNG LYMPHO TRẺ EM THEO PHÁC ĐỒ FRALLE 2000 4.2.1. Đặc điểm bất thƣờng nhiễm sắc thể và đột biến dung hợp một số gen 4.2.1.1. Đặc điểm bất thường nhiễm sắc thể Phân tích bộ NST của bệnh nhi ALL là một trong những tiêu chí quan trọng để đánh giá tiên lượng, qua đó lựa chọn được phác đồ điều trị phù hợp cho bệnh nhi. Ảnh hưởng độc lập của các bất thường NST đến kết quả điều trị và thời gian sống còn đã được các nhà nghiên cứu đưa ra từ năm 1981 trong hội nghị quốc tế lần thứ 3 về NST trong LXM cấp [95] và thể hiện trong nhiều nghiên cứu về vai trò của bất thường nhiễm sắc thể trong bệnh ALL những năm sau đó [96],[97]. Tại Viện Huyết học – Truyền máu Trung ương, các bệnh nhi chẩn đoán LXM cấp sẽ được chỉ định xét nghiệm phân tích NST từ dịch hút tủy xương",{}
NghienCuuMotSoBienDoiDiTruyenVaLienQuanToiKetQuaDieuTriSomOBenhLoXeMiCapDongLymphoTreEmTheoPhacDoFralle2000.md:204,NghienCuuMotSoBienDoiDiTruyenVaLienQuanToiKetQuaDieuTriSomOBenhLoXeMiCapDongLymphoTreEmTheoPhacDoFralle2000.md,204,878,". Tại Viện Huyết học – Truyền máu Trung ương, các bệnh nhi chẩn đoán LXM cấp sẽ được chỉ định xét nghiệm phân tích NST từ dịch hút tủy xương. Trong thời gian nghiên cứu, có 188 bệnh nhi được phân tích bộ NST có kết quả đảm bảo theo tiêu chuẩn (phân tích đủ 20 cụm NST ở kỳ giữa). Qua đó chúng tôi ghi nhận một số kết quả: a. Tỷ lệ phát hiện bất thƣờng nhiễm sắc thể Tỷ lệ bệnh nhi được phát hiện bất thường NST chỉ đạt 13,8% (bảng 3.4). Kết quả của nghiên cứu này tương tự nghiên cứu của tác giả Trần Quỳnh Mai, ghi nhận 13,9% bệnh nhi có bất thường NST khi nghiên cứu 108 trẻ ALL được điều trị tại Viện Huyết học – Truyền máu Trung ương giai đoạn năm 2015 – 2016 [75]. Nhiều nghiên cứu của các tác giả trong nước và trên thế giới cho tỷ lệ phát hiện các bất thường NST khác nhau. Theo tác giả Phan Thị Duy An nghiên cứu trên 91 bệnh nhi thấy 16% bệnh nhi có bất thường NST [88]",{}
NghienCuuMotSoBienDoiDiTruyenVaLienQuanToiKetQuaDieuTriSomOBenhLoXeMiCapDongLymphoTreEmTheoPhacDoFralle2000.md:205,NghienCuuMotSoBienDoiDiTruyenVaLienQuanToiKetQuaDieuTriSomOBenhLoXeMiCapDongLymphoTreEmTheoPhacDoFralle2000.md,205,236,. Theo tác giả Phan Thị Duy An nghiên cứu trên 91 bệnh nhi thấy 16% bệnh nhi có bất thường NST [88]. Tác giả Bùi Ngọc Lan nghiên cứu trên 40 bệnh nhi thấy 30% bệnh nhi có bất thường NST [13]. Tác giả An Thúy Lan nghiên cứu bất thường di,{}
NghienCuuMotSoBienDoiDiTruyenVaLienQuanToiKetQuaDieuTriSomOBenhLoXeMiCapDongLymphoTreEmTheoPhacDoFralle2000.md:206,NghienCuuMotSoBienDoiDiTruyenVaLienQuanToiKetQuaDieuTriSomOBenhLoXeMiCapDongLymphoTreEmTheoPhacDoFralle2000.md,206,852,"truyền trên 109 bệnh nhi ALL điều trị tại Viện nhi Trung ương từ tháng 1/2017-6/2018, phát hiện 36,7% bất thường di truyền (bao gồm cả kỹ thuật nhuộm băng G và kỹ thuật FISH) [98]. Tại Ấn Độ, một nghiên cứu của tác giả Rachana trên 240 trẻ, trong đó có 125 trẻ có kết quả phân tích NST, ghi nhận 38,6% có bất thường NST (bao gồm kỹ thuật FISH) [99]. Nghiên cứu tại Iran của tác giả G. Bahoush có 40,8% bệnh nhi có bất thường NST [86]. Tác giả Osman nghiên cứu tại Thổ Nhĩ Kỳ trên bệnh nhân ALL trẻ em và người lớn phát hiện 23,1% bệnh nhân có bất thường NST [100]. Như vậy, có thể nhận thấy tỷ lệ phát hiện bất thường NST trong các nghiên cứu trên thế giới có tỷ lệ cao hơn so với nghiên cứu này. Theo Faderl (1998), nuôi cấy tế bào LXM thuộc dòng lympho rất khó và nếu sử dụng nhuộm băng thông thường chỉ phát hiện tối đa 50 - 60% bất thường NST [101]",{}
NghienCuuMotSoBienDoiDiTruyenVaLienQuanToiKetQuaDieuTriSomOBenhLoXeMiCapDongLymphoTreEmTheoPhacDoFralle2000.md:207,NghienCuuMotSoBienDoiDiTruyenVaLienQuanToiKetQuaDieuTriSomOBenhLoXeMiCapDongLymphoTreEmTheoPhacDoFralle2000.md,207,689,". Theo Faderl (1998), nuôi cấy tế bào LXM thuộc dòng lympho rất khó và nếu sử dụng nhuộm băng thông thường chỉ phát hiện tối đa 50 - 60% bất thường NST [101]. Các đột biến NST trong bệnh LXM cấp thường là các đột biến phát sinh trong đời sống, tồn tại ở dạng khảm và chỉ có ở các tế bào LXM. Trong quá trình nuôi cấy từ tế bào dịch hút tủy xương, với môi trường nuôi cấy chung cho các tế bào có nguồn gốc từ tủy xương, dòng tế bào LXM thuộc dòng lympho có thể không sinh sản và phát triển được làm giảm tỷ lệ phát hiện bất thường. b. Xếp loại bất thƣờng nhiễm sắc thể Các bất thường NST bao gồm các đột biến cấu trúc và số lượng hoặc có thể phối hợp cả đột biến về số lượng và cấu trúc NST",{}
NghienCuuMotSoBienDoiDiTruyenVaLienQuanToiKetQuaDieuTriSomOBenhLoXeMiCapDongLymphoTreEmTheoPhacDoFralle2000.md:208,NghienCuuMotSoBienDoiDiTruyenVaLienQuanToiKetQuaDieuTriSomOBenhLoXeMiCapDongLymphoTreEmTheoPhacDoFralle2000.md,208,549,". b. Xếp loại bất thƣờng nhiễm sắc thể Các bất thường NST bao gồm các đột biến cấu trúc và số lượng hoặc có thể phối hợp cả đột biến về số lượng và cấu trúc NST. Trong số những bệnh nhi được phát hiện bất thường NST thông qua kỹ thuật nhuộm băng G, chúng tôi nhận thấy: bất thường cấu trúc NST chiếm tỷ lệ cao nhất với 57,7%, bệnh nhi có bất thường số lượng đơn thuần chiếm 26,9% và 15,4% bệnh nhi có phối hợp cả bất thường cấu trúc và bất thường số lượng (bảng 3.5). Nghiên cứu của tác giả Trần Quỳnh Mai cũng nhận thấy bất thường cấu trúc chiếm tỷ",{}
NghienCuuMotSoBienDoiDiTruyenVaLienQuanToiKetQuaDieuTriSomOBenhLoXeMiCapDongLymphoTreEmTheoPhacDoFralle2000.md:209,NghienCuuMotSoBienDoiDiTruyenVaLienQuanToiKetQuaDieuTriSomOBenhLoXeMiCapDongLymphoTreEmTheoPhacDoFralle2000.md,209,747,"lệ cao với 40% bệnh nhi có bất thường cấu trúc đơn thuần, bất thường số lượng đơn thuần chiếm 40%, tỷ lệ bệnh nhi có bất thường phối hợp là 20% [75]. Nghiên cứu của tác giả An Thúy Lan tại Viện nhi Trung ương, trong số 29 bệnh nhi có bất thường NST thì có 14/29 (48,2%) có bất thường đơn thuần về cấu trúc, 4/29 (13,8%) bệnh nhi có bất thường phối hợp cấu trúc và số lượng. Như vậy, một số nghiên cứu trong nước đều nhận thấy bất thường cấu trúc là bất thường phổ biến nhất trong ALL trẻ em. Theo một số nghiên cứu trên thế giới, bất thường cấu trúc cũng là bất thường hay gặp nhất. Tác giả Osman nhận thấy trong số bệnh nhi có bất thường NST thì có đến 78,3% bệnh nhi có bất thường về cấu trúc, bất thường số lượng đơn thuần chỉ chiếm 21,7% [100]",{}
NghienCuuMotSoBienDoiDiTruyenVaLienQuanToiKetQuaDieuTriSomOBenhLoXeMiCapDongLymphoTreEmTheoPhacDoFralle2000.md:210,NghienCuuMotSoBienDoiDiTruyenVaLienQuanToiKetQuaDieuTriSomOBenhLoXeMiCapDongLymphoTreEmTheoPhacDoFralle2000.md,210,826,". Tác giả Osman nhận thấy trong số bệnh nhi có bất thường NST thì có đến 78,3% bệnh nhi có bất thường về cấu trúc, bất thường số lượng đơn thuần chỉ chiếm 21,7% [100]. Ngược lại, tác giả Chai YH nghiên cứu trên 124 trẻ tại Bệnh viện Đại học Tô Châu, Trung Quốc lại thấy bất thường số lượng NST chiếm chủ yếu (53,2%) [102]. Thực tế, nhiều bất thường cấu trúc NST ở mức độ nhỏ khó có thể phát hiện được bằng phương pháp nhuộm băng G thông thường mà cần có những kỹ thuật nhuộm với độ phân giải cao hơn hoặc sử dụng kỹ thuật lai huỳnh quang tại chỗ (FISH). Bảng 3.6 mô tả cụ thể hơn các bất thường cấu trúc NST ở nhóm bệnh nhi nghiên cứu nhận thấy: Chuyển đoạn t(9;22) gặp nhiều nhất với 5/15 bệnh nhi có bất thường cấu trúc. Đây là chuyển đoạn tạo ra NST Philadelphia, một trong những đột biến có tiên lượng xấu trong ALL trẻ em",{}
NghienCuuMotSoBienDoiDiTruyenVaLienQuanToiKetQuaDieuTriSomOBenhLoXeMiCapDongLymphoTreEmTheoPhacDoFralle2000.md:211,NghienCuuMotSoBienDoiDiTruyenVaLienQuanToiKetQuaDieuTriSomOBenhLoXeMiCapDongLymphoTreEmTheoPhacDoFralle2000.md,211,619,". Đây là chuyển đoạn tạo ra NST Philadelphia, một trong những đột biến có tiên lượng xấu trong ALL trẻ em. Kết quả tương tự nghiên cứu của tác giả Trần Quỳnh Mai, chuyển đoạn t(9;22) chiếm 34% trong nhóm có đột biến cấu trúc đơn thuần [75]. Đây là chuyển đoạn có ý nghĩa rất quan trọng trong tiên lượng bệnh. Chuyển đoạn NST t(9;22)(q34;q11) tạo ra đột biến dung hợp gen BCR-ABL1, mã hoá cho protein BCR-ABL1 có hoạt tính Tyrosine Kinase. Cấu trúc kinase này hoạt hoá bởi sự phosphoryl hoá các chất truyền tín hiệu trung gian bên dưới, bao gồm RAS, PLC, và kinase PI3. Hoạt hoá các con đường tín hiệu này gây tăng sinh",{}
NghienCuuMotSoBienDoiDiTruyenVaLienQuanToiKetQuaDieuTriSomOBenhLoXeMiCapDongLymphoTreEmTheoPhacDoFralle2000.md:212,NghienCuuMotSoBienDoiDiTruyenVaLienQuanToiKetQuaDieuTriSomOBenhLoXeMiCapDongLymphoTreEmTheoPhacDoFralle2000.md,212,887,"tế bào và hạn chế quá trình chết tế bào theo chương trình, qua đó phát sinh các tế bào LXM. Cho đến nay, bệnh nhân ALL có chuyển đoạn t(9;22) tạo NST Ph vẫn luôn được xếp nhóm nguy cơ rất cao, đáp ứng kém với điều trị. Hiện nay, việc phối hợp thêm các thuốc ức chế Tyrosine Kinase (thuốc nhắm đích) trong phác đồ điều trị được khuyến cáo đã nâng hiệu quả điều trị ở nhóm bệnh nhân có đột biến này, tuy nhiên tỷ lệ đáp ứng vẫn thấp so với các nhóm khác. Do đó, chỉ định ghép tế bào gốc cũng được khuyến cáo cho những bệnh nhi này khi đạt được lui bệnh hoàn toàn [103]. Chuyển đoạn t(9;22) được phát hiện nhiều nhất trong các đột biến cấu trúc trong nghiên cứu này, tuy nhiên không phải trường hợp nào cũng dễ quan sát được trên xét nghiệm NST. Trong nghiên cứu này có 24 trường hợp có đột biến gen BCR-ABL1 (biểu đồ 3.3) nhưng chỉ có 6 trường hợp phát hiện chuyển đoạn t(9;22) trên bộ NST",{}
NghienCuuMotSoBienDoiDiTruyenVaLienQuanToiKetQuaDieuTriSomOBenhLoXeMiCapDongLymphoTreEmTheoPhacDoFralle2000.md:213,NghienCuuMotSoBienDoiDiTruyenVaLienQuanToiKetQuaDieuTriSomOBenhLoXeMiCapDongLymphoTreEmTheoPhacDoFralle2000.md,213,829,". Trong nghiên cứu này có 24 trường hợp có đột biến gen BCR-ABL1 (biểu đồ 3.3) nhưng chỉ có 6 trường hợp phát hiện chuyển đoạn t(9;22) trên bộ NST. Tác giả Tuszunki cũng ghi nhận điều này trong nghiên cứu của mình năm 1993 [104]. Do đó, các tác giả đều khuyến cáo cần có thêm các kỹ thuật xét nghiệm sinh học phân tử khác để tránh bỏ sót các bất thường di truyền, đặc biệt với các đột biến có ý nghĩa trong tiên lượng [105],[106]. Các bất thường khác gặp với tỷ lệ thấp hơn trong nghiên cứu là chuyển đoạn t(1;19) gặp ở 3/19 (15,8%) trường hợp có bất thường cấu trúc và chuyển đoạn t(4;11) gặp ở 2/19 (10,5%) các trường hợp (bảng 3.6). Kết quả gần tương tự chuyển đoạn t(9;22) khi tỷ lệ phát hiện các chuyển đoạn này trên bộ NST thấp hơn so với kỹ thuật phát hiện các đột biến gen E2A-PBX1 và MLL- AF4 tương ứng bằng kỹ thuật PCR",{}
NghienCuuMotSoBienDoiDiTruyenVaLienQuanToiKetQuaDieuTriSomOBenhLoXeMiCapDongLymphoTreEmTheoPhacDoFralle2000.md:214,NghienCuuMotSoBienDoiDiTruyenVaLienQuanToiKetQuaDieuTriSomOBenhLoXeMiCapDongLymphoTreEmTheoPhacDoFralle2000.md,214,257,". Trong nghiên cứu của Trần Quỳnh Mai, tác giả không thấy bệnh nhi nào gặp chuyển đoạn này nhưng trên kết quả PCR vẫn gặp bệnh nhi có đột biến gen xuất hiện với tỷ lệ thấp [75]. Như vậy, cũng giống như chuyển đoạn t(9;22), chuyển đoạn t(4;11) và chuyển đoạn",{}
NghienCuuMotSoBienDoiDiTruyenVaLienQuanToiKetQuaDieuTriSomOBenhLoXeMiCapDongLymphoTreEmTheoPhacDoFralle2000.md:215,NghienCuuMotSoBienDoiDiTruyenVaLienQuanToiKetQuaDieuTriSomOBenhLoXeMiCapDongLymphoTreEmTheoPhacDoFralle2000.md,215,773,"t(1;19) có thể phát hiện được bằng kỹ thuật nhuộm băng G nhưng độ nhạy khi phát hiện thấp hơn so với kỹ thuật FISH hoặc kỹ thuật PCR, điều này được giải thích là do kết quả phân tích NST phụ thuộc vào kỹ thuật nuôi cấy NST, tế bào lơ xê mi có thể không phát triển được trong môi trường nuôi cấy hoặc do chỉ phân tích trên 20 bộ NST ở kỳ giữa nên các bất thường dễ bị bỏ sót. Trong nghiên cứu này, không có bệnh nhi nào được phát hiện chuyển đoạn t(12;21) trên bộ NST do đây là chuyển đoạn rất nhỏ, khó phát hiện được bằng kỹ thuật nhuộm băng thông thường. Thực tế, để phát hiện các đột biến chuyển đoạn có ý nghĩa tiên lượng, các trung tâm điều trị bệnh ALL trên thế giới và Việt Nam tiến hành triển khai thêm các kỹ thuật có độ nhạy cao hơn như kỹ thuật FISH, kỹ thuật PCR",{}
NghienCuuMotSoBienDoiDiTruyenVaLienQuanToiKetQuaDieuTriSomOBenhLoXeMiCapDongLymphoTreEmTheoPhacDoFralle2000.md:216,NghienCuuMotSoBienDoiDiTruyenVaLienQuanToiKetQuaDieuTriSomOBenhLoXeMiCapDongLymphoTreEmTheoPhacDoFralle2000.md,216,775,". Ngoài xét nghiệm công thức NST, tại Viện Huyết học – Truyền máu Trung ương, các bệnh nhi ALL đều được chỉ định các xét nghiệm tìm 4 đột biến dung hợp gen (BCR-ABL1, MLL-AF4, E2A-PBX1, TEL-AML1) bằng kỹ thuật PCR. Tỷ lệ xuất hiện của các đột biến dung hợp gen này sẽ được bàn luận trong phần sau. Bất thường thêm đoạn và mất đoạn NST trong ALL trẻ em thường không mang tính đặc hiệu. Nghiên cứu của tác giả Osman gặp 15 bệnh nhi có mất đoạn NST và 6 bệnh nhi có thêm đoạn. Các tổn thương mất đoạn và thêm đoạn có thể gặp trên các NST khác nhau [100]. Trong nghiên cứu này, chúng tôi ghi nhận được 3 trường hợp có thêm đoạn NST, 2 trường hợp có mất đoạn NST và một trường hợp đảo đoạn NST số 9. Có 3 trường hợp mất đoạn, thêm đoạn và cả đảo đoạn đều có liên quan đến NST số 9",{}
NghienCuuMotSoBienDoiDiTruyenVaLienQuanToiKetQuaDieuTriSomOBenhLoXeMiCapDongLymphoTreEmTheoPhacDoFralle2000.md:217,NghienCuuMotSoBienDoiDiTruyenVaLienQuanToiKetQuaDieuTriSomOBenhLoXeMiCapDongLymphoTreEmTheoPhacDoFralle2000.md,217,462,". Có 3 trường hợp mất đoạn, thêm đoạn và cả đảo đoạn đều có liên quan đến NST số 9. Nhiều tác giả cho rằng, những bất thường liên quan đến cánh ngắn NST số 9 có thể có mối liên hệ đến các gen liên quan đến bệnh sinh LXM cấp như CDKN2A, CDKN2B, JAK2 hay PAX5, liên quan đến tiên lượng xấu trong ALL trẻ em và người lớn [107]. Nghiên cứu cũng gặp 2 bệnh nhi có đa tổn thương NST (tổn thương phức tạp, nhiều dòng). Đây cũng là tổn thương mang ý nghĩa tiên lượng xấu",{}
NghienCuuMotSoBienDoiDiTruyenVaLienQuanToiKetQuaDieuTriSomOBenhLoXeMiCapDongLymphoTreEmTheoPhacDoFralle2000.md:218,NghienCuuMotSoBienDoiDiTruyenVaLienQuanToiKetQuaDieuTriSomOBenhLoXeMiCapDongLymphoTreEmTheoPhacDoFralle2000.md,218,801,"trong điều trị và được nhiều tác giả xếp loại vào nhóm nguy cơ rất cao theo tiên lượng NST [99],[108]. Bất thường về số lượng NST có ý nghĩa đặc biệt liên quan đến tiên lượng bệnh. Bất thường số lượng NST trong bệnh ALL có thể đơn độc hoặc phối hợp với bất thường cấu trúc. Các nhóm NST được cho là có liên quan nhiều đến tiên lượng là trên lưỡng bội tăng nhiều NST (> 50 NST) và dưới lưỡng bội NST (< 46 NST). Đặc điểm bất thường về số lượng NST được phân tích trong nghiên cứu này với 11 trường hợp có bất thường về số lượng NST, chủ yếu là trên lưỡng bội NST với 10/11 bệnh nhi (bảng 3.6). Nghiên cứu cũng nhận thấy, các bất thường trên lưỡng bội NST có thể gặp cộng thêm ở nhiều NST khác nhau như NST số 4, 5, 6, 7, 9, 14, 21, thường có kết hợp với tổn thương cấu trúc NST và có cấu trúc dạng khảm",{}
NghienCuuMotSoBienDoiDiTruyenVaLienQuanToiKetQuaDieuTriSomOBenhLoXeMiCapDongLymphoTreEmTheoPhacDoFralle2000.md:219,NghienCuuMotSoBienDoiDiTruyenVaLienQuanToiKetQuaDieuTriSomOBenhLoXeMiCapDongLymphoTreEmTheoPhacDoFralle2000.md,219,859,". Tác giả Trần Quỳnh Mai cũng nhận thấy tỷ lệ bệnh nhi có trên lưỡng bội NST chiếm tỷ lệ cao hơn với 7/9 trường hợp, chiếm 77,8%, trong đó 4 bệnh nhi có > 50 NST, còn 3 bệnh nhi có 47-50 NST [75]. Một nghiên cứu trên đối tượng bệnh nhân ALL người lớn của tác giả Phạm Quang Vinh năm 2003 cũng cho thấy, tỷ lệ bệnh nhân có bất thường trên lưỡng bội NST cao hơn bệnh nhân có dưới lưỡng bội NST [109]. Kết quả nghiên cứu cũng phù hợp với một số nghiên cứu trên thế giới với bất thường trên lưỡng bội NST chiếm tỷ lệ cao hơn. Các nghiên cứu trên thế giới cho rằng, các bất thường trên lưỡng bội NST có thể gặp ở 22 - 25% các trường hợp ALL trẻ em, với ý nghĩa tiên lượng tốt [41],[56]. Theo Pui CH, ở trẻ em nhóm trên 50 NST gặp 23 - 29%, dưới lưỡng bội NST gặp 1 - 2% [41]. Theo Stafel Faderl và cộng sự, nhóm trên 50 NST gặp ở trẻ em nhiều hơn ở người lớn [110]",{}
NghienCuuMotSoBienDoiDiTruyenVaLienQuanToiKetQuaDieuTriSomOBenhLoXeMiCapDongLymphoTreEmTheoPhacDoFralle2000.md:220,NghienCuuMotSoBienDoiDiTruyenVaLienQuanToiKetQuaDieuTriSomOBenhLoXeMiCapDongLymphoTreEmTheoPhacDoFralle2000.md,220,445,". Theo Pui CH, ở trẻ em nhóm trên 50 NST gặp 23 - 29%, dưới lưỡng bội NST gặp 1 - 2% [41]. Theo Stafel Faderl và cộng sự, nhóm trên 50 NST gặp ở trẻ em nhiều hơn ở người lớn [110]. Theo tác giả Harrison (2009) và De Braekeleer (2010) nghiên cứu trên 208 bệnh nhân cho thấy các NST cộng thêm hay gặp là 4, 6, 10, 14, 17, 18, 21, và X [46],[50]. Theo nghiên cứu của tác giả Luquet và cộng sự thuộc tổ chức GFCH (Groupe Francophone de cytogenetique",{}
NghienCuuMotSoBienDoiDiTruyenVaLienQuanToiKetQuaDieuTriSomOBenhLoXeMiCapDongLymphoTreEmTheoPhacDoFralle2000.md:221,NghienCuuMotSoBienDoiDiTruyenVaLienQuanToiKetQuaDieuTriSomOBenhLoXeMiCapDongLymphoTreEmTheoPhacDoFralle2000.md,221,867,"Hematologique) với nhóm trên 50 NST thì các NST hay thêm đó là 4, 6, 8, 10, 14, 17, 21 còn nhóm 47-50 NST thì các NST hay thêm là 5, 8, 10, 21. Trong nghiên cứu này, các NST hay thêm là 3, 4, 6, 8, 9, 14, 16, 21 và cả NST không xếp loại được (mar) cũng khá tương đồng với nghiên cứu của nhiều tác giả [111],[112]. So với tỷ lệ phát hiện bất thường số lượng NST với các nghiên cứu trên thế giới, nghiên cứu này phát hiện được tỷ lệ bệnh nhi có bất thường NST với tỷ lệ thấp hơn, có thể do kỹ thuật nuôi cấy với tế bào LXM cấp dòng lympho còn nhiều khó khăn, nên chưa phân tích được dòng tế bào bất thường. 4.2.1.2. Tỷ lệ phát hiện đột biến dung hợp một số gen khảo sát Nghiên cứu thực hiện khảo sát các ĐBG cho 288 bệnh nhi với 4 đột biến dung hợp gen BCR-ABL1, MLL-AF4, E2A-PBX1, TEL-AML1. Đây là 4 đột biến dung hợp gen thường gặp và có ý nghĩa trong tiên lượng bệnh",{}
NghienCuuMotSoBienDoiDiTruyenVaLienQuanToiKetQuaDieuTriSomOBenhLoXeMiCapDongLymphoTreEmTheoPhacDoFralle2000.md:222,NghienCuuMotSoBienDoiDiTruyenVaLienQuanToiKetQuaDieuTriSomOBenhLoXeMiCapDongLymphoTreEmTheoPhacDoFralle2000.md,222,803,". Đây là 4 đột biến dung hợp gen thường gặp và có ý nghĩa trong tiên lượng bệnh. Trong nghiên cứu này, tỷ lệ bệnh nhi có xuất hiện 1 trong 4 đột biến dung hợp gen chiếm 28,1%. Trong đó, đột biến gen TEL-AML1 chiếm tỷ lệ cao nhất với 13,5%, tiếp đó là đột biến gen BCR-ABL1 (8,3%). Hai đột biến gen MLL-AF4 và E2A-PBX1 chiếm tỷ lệ thấp, lần lượt là 2,8% và 3,5%. Bảng 4.2. So sánh tỷ lệ phát hiện đột biến dung hợp một số gen khảo sát với một số nghiên cứu tại Việt Nam và trên thế giới Tác giả (Năm) Kỹ thuật TEL-AML1 (%) BCR-ABL1 (%) E2A-PBX1 (%) MLL-AF4 (%) C.H.Pui (2011) [41] RT-PCR 20-25 2-3 Alonso (2012) [113] RT-PCR 12,9 1,6 5,0 10,5 P.T.D. An (2011) [88] RT-PCR/ FISH T.Q.Mai (2016) [75] RT-PCR 13,5 10,5 3,8 1,9 A. T. Lan (2018) [98] FISH 11,11 3,64 3,33 1,79 Chúng tôi RT-PCR 13,5 8,3 3,5 2,8",{}
NghienCuuMotSoBienDoiDiTruyenVaLienQuanToiKetQuaDieuTriSomOBenhLoXeMiCapDongLymphoTreEmTheoPhacDoFralle2000.md:223,NghienCuuMotSoBienDoiDiTruyenVaLienQuanToiKetQuaDieuTriSomOBenhLoXeMiCapDongLymphoTreEmTheoPhacDoFralle2000.md,223,861,"Như vậy, so sánh tỷ lệ phát hiện 4 ĐBG trong một số nghiên cứu ở trong và ngoài nước trên đối tượng ALL trẻ em trên bảng 4.2 có thể thấy tỷ lệ phát hiện ĐBG của chúng tôi còn khá thấp so với nghiên cứu trên thế giới. Thực tế, các nghiên cứu khác nhau cũng có thể cho các kết quả về tỷ lệ phát hiện ĐBG khác nhau, phụ thuộc vào đối tượng nghiên cứu, kỹ thuật phát hiện khác nhau. Đa số các nghiên cứu đều cho thấy đột biến gen TEL-AML1 được tạo bởi chuyển đoạn t(12;21) chiếm tỷ lệ cao nhất trong các chuyển đoạn gen ở trẻ em. Các nghiên cứu về TEL-AML1 cho thấy đột biến gen này có thể xuất hiện với tần suất dao dộng, từ thấp nhất là 2% trong nghiên cứu của Garcia- Sanz và cộng sự tại Tây Ban Nha năm 1999 [114] cho đến khoảng 20 - 25%, thậm chí chiếm tỷ lệ trên 30% trong các nghiên cứu của Pui CH [48] và nhiều tác giả khác trên thế giới [115], [116], [117]",{}
NghienCuuMotSoBienDoiDiTruyenVaLienQuanToiKetQuaDieuTriSomOBenhLoXeMiCapDongLymphoTreEmTheoPhacDoFralle2000.md:224,NghienCuuMotSoBienDoiDiTruyenVaLienQuanToiKetQuaDieuTriSomOBenhLoXeMiCapDongLymphoTreEmTheoPhacDoFralle2000.md,224,864,". Nghiên cứu này tương đồng với nghiên cứu của tác giả Trần Quỳnh Mai, phát hiện 29,1% bệnh nhi có một trong các đột biến gen nghiên cứu và tỷ lệ bệnh nhi có đột biến gen BCR- ABL1 chiếm tỷ lệ cao hơn khi so sánh với các nghiên cứu khác. Điều này có thể do nhiều bệnh nhi chuyển tới Viện Huyết học – Truyền máu Trung ương điều trị ở nhóm nguy cơ cao nên tần xuất phát hiện đột biến gen này cao hơn trong các nghiên cứu khác. Tỷ lệ bệnh nhi xuất hiện đột biến gen MLL-AF4 và E2A-PBX1 của chúng tôi tương đồng với nhiều nghiên cứu trên thế giới với tỷ lệ mỗi đột biến gen dao động từ 2 - 4% [41],[95], và thấp hơn so với nghiên cứu của Phan Thị Duy An và Alonso [88], [113]. 4.2.1.3. Chia nhóm nguy cơ bệnh nhi nghiên cứu a. Chia nhóm nguy cơ theo phác đồ FRALLE 2000 Chia nhóm nguy cơ trước điều trị là điều kiện bắt buộc trước khi lựa chọn phác đồ điều trị phù hợp",{}
NghienCuuMotSoBienDoiDiTruyenVaLienQuanToiKetQuaDieuTriSomOBenhLoXeMiCapDongLymphoTreEmTheoPhacDoFralle2000.md:225,NghienCuuMotSoBienDoiDiTruyenVaLienQuanToiKetQuaDieuTriSomOBenhLoXeMiCapDongLymphoTreEmTheoPhacDoFralle2000.md,225,338,". Chia nhóm nguy cơ theo phác đồ FRALLE 2000 Chia nhóm nguy cơ trước điều trị là điều kiện bắt buộc trước khi lựa chọn phác đồ điều trị phù hợp. Trong phác đồ FRALLE 2000, các yếu tố được đánh giá để chia nhóm nguy cơ trước điều trị bao gồm xếp loại miễn dịch, tuổi, số lượng bạch cầu tại thời điểm chẩn đoán, sự xuất hiện của biến đổi di",{}
NghienCuuMotSoBienDoiDiTruyenVaLienQuanToiKetQuaDieuTriSomOBenhLoXeMiCapDongLymphoTreEmTheoPhacDoFralle2000.md:226,NghienCuuMotSoBienDoiDiTruyenVaLienQuanToiKetQuaDieuTriSomOBenhLoXeMiCapDongLymphoTreEmTheoPhacDoFralle2000.md,226,713,"truyền mang tiên lượng xấu (dưới lưỡng bội, BCR-ABL1, sắp xếp lại gen MLL), dấu ấn CD10. Thông qua các đặc điểm đó, nhóm bệnh nhi nghiên cứu được xếp vào các nhóm A (B-ALL nguy cơ chuẩn), nhóm B (B-ALL nguy cơ cao) và nhóm T (T-ALL). Kết quả bảng 3.7 cho thấy, nhóm A chiếm tỷ lệ cao nhất với 140 bệnh nhi, chiếm gần nửa số bệnh nhi nghiên cứu (48,6%), nhóm B chiếm tỷ lệ thấp hơn (36,1%). Nghiên cứu của tác giả Võ Thị Thanh Trúc, bệnh nhi chủ yếu được xếp vào nhóm B do không được làm đầy đủ xét nghiệm về di truyền [73]. b. Chia nhóm nguy cơ theo biến đổi di truyền lơ xê mi cấp dòng lympho B Biến đổi di truyền có vai trò quan trọng trong tiên lượng điều trị ALL trẻ em, đặc biệt là lơ xê mi cấp dòng lympho B",{}
NghienCuuMotSoBienDoiDiTruyenVaLienQuanToiKetQuaDieuTriSomOBenhLoXeMiCapDongLymphoTreEmTheoPhacDoFralle2000.md:227,NghienCuuMotSoBienDoiDiTruyenVaLienQuanToiKetQuaDieuTriSomOBenhLoXeMiCapDongLymphoTreEmTheoPhacDoFralle2000.md,227,771,". Vì vậy, việc chia nhóm nguy cơ theo biến đổi di truyền lơ xê mi cấp dòng lympho B giúp cho các nhà lâm sàng đánh giá tiên lượng, lập kế hoạch điều trị để có thể đạt được hiệu quả tốt nhất cho bệnh nhi. Nghiên cứu có 244 bệnh nhi mang dấu ấn tế bào B (bao gồm cả lơ xê mi cấp thể lai). Dựa trên kết quả phân tích NST và đột biến gen được khảo sát trong nghiên cứu, các bệnh nhi này được chia thành 3 nhóm nguy cơ: nhóm nguy cơ thấp chiếm tỷ lệ 19,7%, nhóm nguy cơ trung bình chiếm tỷ lệ cao nhất với 66,0% và nhóm nguy cơ cao chiếm 14,3% (bảng 3.8). Tổng hợp kết quả điều trị các nhóm nguy cơ theo biến đổi di truyền B- ALL ở một số nghiên cứu áp dụng phác đồ ALL97/99 và ALL2003 của tác giả A.V.Moorman, nhóm nguy cơ thấp chiếm tỷ lệ cao hơn so với nghiên cứu này [118]",{}
NghienCuuMotSoBienDoiDiTruyenVaLienQuanToiKetQuaDieuTriSomOBenhLoXeMiCapDongLymphoTreEmTheoPhacDoFralle2000.md:228,NghienCuuMotSoBienDoiDiTruyenVaLienQuanToiKetQuaDieuTriSomOBenhLoXeMiCapDongLymphoTreEmTheoPhacDoFralle2000.md,228,201,". Điều này có thể do một số bệnh nhi trong nghiên cứu không được phát hiện đột biến trên lưỡng bội do tỷ lệ phát hiện bất thường NST thấp. Do đó, các bệnh nhi được xếp loại vào nhóm nguy cơ trung bình.",{}
NghienCuuMotSoBienDoiDiTruyenVaLienQuanToiKetQuaDieuTriSomOBenhLoXeMiCapDongLymphoTreEmTheoPhacDoFralle2000.md:229,NghienCuuMotSoBienDoiDiTruyenVaLienQuanToiKetQuaDieuTriSomOBenhLoXeMiCapDongLymphoTreEmTheoPhacDoFralle2000.md,229,880,"4.2.2. Một số đặc điểm lâm sàng, xét nghiệm các nhóm lơ xê mi cấp dòng lympho B theo nguy cơ di truyền và lơ xê mi cấp dòng lympho T a. Đặc điểm về tuổi Tuổi bệnh nhi tại thời điểm chẩn đoán có ý nghĩa quan trong trong xếp loại nhóm nguy cơ của phác đồ FRALLE 2000. Theo đó, các bệnh nhi có 1<tuổi<10 được xếp vào nhóm nguy cơ chuẩn. Tìm hiểu đặc điểm liên quan đến tuổi của các nhóm trên biểu đồ 3.4 cho thấy, tỷ lệ bệnh nhi có độ tuổi từ 1-10 đều chiếm tỷ lệ khá cao ở các nhóm theo kết quả nghiên cứu, đặc biệt là nhóm B-ALL nguy cơ thấp và nguy cơ trung bình. Nhóm B- ALL nguy cơ cao theo biến đổi di truyền và nhóm T-ALL có tỷ lệ bệnh nhi ≥ 10 tuổi cao hơn nhóm B-ALL nguy cơ thấp và nguy cơ trung bình. Nghiên cứu chỉ gặp 2 bệnh nhi dưới 1 tuổi có biến đổi di truyền thuộc nhóm nguy cơ thấp và nguy cơ cao. Trong nhóm B-ALL nguy cơ thấp, có 39 bệnh nhi đột biến gen TEL-AML1",{}
NghienCuuMotSoBienDoiDiTruyenVaLienQuanToiKetQuaDieuTriSomOBenhLoXeMiCapDongLymphoTreEmTheoPhacDoFralle2000.md:230,NghienCuuMotSoBienDoiDiTruyenVaLienQuanToiKetQuaDieuTriSomOBenhLoXeMiCapDongLymphoTreEmTheoPhacDoFralle2000.md,230,772,". Nghiên cứu chỉ gặp 2 bệnh nhi dưới 1 tuổi có biến đổi di truyền thuộc nhóm nguy cơ thấp và nguy cơ cao. Trong nhóm B-ALL nguy cơ thấp, có 39 bệnh nhi đột biến gen TEL-AML1. Nghiên cứu của tác giả Ahmad tại Iran cho thấy đa số bệnh nhi có TEL-AML1 có tuổi dưới 10 chiếm 91% [117]. Nhiều nghiên cứu so sánh cũng nhận thấy đột biến gen TEL-AML1 xuất hiện với tần suất cao ở trẻ em nhưng lại thấp hơn ở người lớn cho thấy xu hướng xuất hiện đột biến gen TEL-AML1 giảm theo tuổi [119],[120],[121]. Nhóm B-ALL nguy cơ cao có tỷ lệ bệnh nhi tuổi ≥ 10 cao nhất với 37,1%. Trong nhóm này, ngoài các bệnh nhi có tổn thương NST phức tạp, có đến 24 bệnh nhi có đột biến gen BCR-ABL1. Tác giả Trần Quỳnh Mai cũng nhận thấy tỷ lệ bệnh nhi có tuổi ≥ 10 cao nhất ở nhóm có BCR-ABL1 [75]",{}
NghienCuuMotSoBienDoiDiTruyenVaLienQuanToiKetQuaDieuTriSomOBenhLoXeMiCapDongLymphoTreEmTheoPhacDoFralle2000.md:231,NghienCuuMotSoBienDoiDiTruyenVaLienQuanToiKetQuaDieuTriSomOBenhLoXeMiCapDongLymphoTreEmTheoPhacDoFralle2000.md,231,301,". Tác giả Trần Quỳnh Mai cũng nhận thấy tỷ lệ bệnh nhi có tuổi ≥ 10 cao nhất ở nhóm có BCR-ABL1 [75]. Các nghiên cứu khác nhận thấy, đột biến gen BCR-ABL1 thường xuất hiện với tỷ lệ thấp ở trẻ nhỏ, có xu hướng tăng dần theo tuổi và xuất hiện với tỷ lệ cao ở ALL người lớn (20 - 25%) [119],[120],[122].",{}
NghienCuuMotSoBienDoiDiTruyenVaLienQuanToiKetQuaDieuTriSomOBenhLoXeMiCapDongLymphoTreEmTheoPhacDoFralle2000.md:232,NghienCuuMotSoBienDoiDiTruyenVaLienQuanToiKetQuaDieuTriSomOBenhLoXeMiCapDongLymphoTreEmTheoPhacDoFralle2000.md,232,732,"b. Một số đặc điểm lâm sàng giữa các nhóm Thiếu máu và sốt là triệu chứng phổ biến nhất ở các nhóm. Triệu chứng xuất huyết dao động trong khoảng 50% ở các nhóm. Các triệu chứng lách, hạch to có xu hướng cao hơn ở nhóm B-ALL nguy cơ cao và nhóm T-ALL. Ngược lại, nhóm B-ALL nguy cơ thấp và trung bình có tỷ lệ bệnh nhi có biểu hiện đau xương có xu hướng cao hơn hai nhóm còn lại. Tuy nhiên, sự khác biệt về các triệu chứng lâm sàng giữa các nhóm không có ý nghĩa thống kê với p > 0,05 (biểu đồ 3.5). Theo nghiên cứu của tác giả Võ Thị Thanh Trúc, thiếu máu và sốt cũng là hai triệu chứng thường gặp nhất ở các bệnh nhi, gan lách hạch to và triệu chứng xuất huyết gặp với tỷ lệ dao động từ 50 - 70%, các triệu chứng còn lại ít gặp hơn",{}
NghienCuuMotSoBienDoiDiTruyenVaLienQuanToiKetQuaDieuTriSomOBenhLoXeMiCapDongLymphoTreEmTheoPhacDoFralle2000.md:233,NghienCuuMotSoBienDoiDiTruyenVaLienQuanToiKetQuaDieuTriSomOBenhLoXeMiCapDongLymphoTreEmTheoPhacDoFralle2000.md,233,869,". Trong nghiên cứu của tác giả Trần Quỳnh Mai, khi đánh giá đặc điểm lâm sàng giữa nhóm có bất thường NST và nhóm không có bất thường NST, tác giả cũng nhận thấy, không có sự khác biệt giữa các nhóm [75]. Nghiên cứu của tác giả Nguyễn Thị Mai Hương và tác giả Bùi Ngọc Lan trên hai nhóm nguy cơ khác nhau nhưng tỷ lệ xuất hiện các triệu chứng cũng tương đương nhau [13],[72]. Như vậy, nghiên cứu này và một số nghiên cứu trước đó đều nhận thấy, triệu chứng lâm sàng không có sự khác biệt giữa các nhóm biến đổi di truyền. c. Đặc điểm về số lƣợng bạch cầu tại thời điểm chẩn đoán Số lượng bạch cầu tại thời điểm chẩn đoán mang ý nghĩa tiên lượng độc lập trong ALL trẻ em. Theo đó, khi số lượng bạch cầu ≥ 50 G/L thường mang ý nghĩa tiên lượng xấu trong điều trị. Do đó, những bệnh nhi có bạch cầu ≥ 50 G/L được xếp vào nhóm nguy cơ cao, đáp ứng kém với điều trị [1],[34]",{}
NghienCuuMotSoBienDoiDiTruyenVaLienQuanToiKetQuaDieuTriSomOBenhLoXeMiCapDongLymphoTreEmTheoPhacDoFralle2000.md:234,NghienCuuMotSoBienDoiDiTruyenVaLienQuanToiKetQuaDieuTriSomOBenhLoXeMiCapDongLymphoTreEmTheoPhacDoFralle2000.md,234,390,". Do đó, những bệnh nhi có bạch cầu ≥ 50 G/L được xếp vào nhóm nguy cơ cao, đáp ứng kém với điều trị [1],[34]. Trong nghiên cứu này, độ biến thiên về số lượng bạch cầu ở các nhóm đều rất lớn. Trung vị số lượng bạch cầu cao nhất ở nhóm T-ALL (121,0 G/L). Trong các nhóm nguy cơ theo biến đổi di truyền lơ xê mi cấp dòng lympho B, nhóm nguy cơ cao có trung vị số lượng bạch cầu cao nhất (56,6",{}
NghienCuuMotSoBienDoiDiTruyenVaLienQuanToiKetQuaDieuTriSomOBenhLoXeMiCapDongLymphoTreEmTheoPhacDoFralle2000.md:235,NghienCuuMotSoBienDoiDiTruyenVaLienQuanToiKetQuaDieuTriSomOBenhLoXeMiCapDongLymphoTreEmTheoPhacDoFralle2000.md,235,691,"G/L). Hai nhóm nguy cơ thấp và nguy cơ trung bình có trung vị số lượng bạch cầu tương đương nhau (11,2 và 12,1 G/L) (bảng 3.9). Để so sánh đặc điểm về số lượng bạch cầu giữa các nhóm, nghiên cứu chia nhóm theo mức độ số lượng bạch cầu (bạch cầu < 50 G/L và bạch cầu ≥ 50 G/L) ở các nhóm biến đổi di truyền lơ xê mi cấp dòng lympho B và lơ xê mi cấp dòng lympho T. Kết quả được thể hiện trên biểu đồ 3.6 cho thấy: Tỷ lệ bệnh nhi có số lượng bạch cầu < 50 G/L chiếm tỷ lệ tương đương ở nhóm B-ALL nguy cơ thấp và nguy cơ trung bình (trên 80%). Nhóm T-ALL và B-ALL nguy cơ cao đều có tỷ lệ khá cao bệnh nhi có số lượng bạch cầu ≥ 50 G/L (yếu tố tiên lượng xấu), chiếm hơn 50% bệnh nhi mỗi nhóm.",{}
NghienCuuMotSoBienDoiDiTruyenVaLienQuanToiKetQuaDieuTriSomOBenhLoXeMiCapDongLymphoTreEmTheoPhacDoFralle2000.md:236,NghienCuuMotSoBienDoiDiTruyenVaLienQuanToiKetQuaDieuTriSomOBenhLoXeMiCapDongLymphoTreEmTheoPhacDoFralle2000.md,236,500,"Nghiên cứu của tác giả Trần Quỳnh Mai nhận thấy đột biến gen TEL- AML1 (thuộc nhóm nguy cơ thấp) có số lượng bạch cầu thấp nhất, dao động từ 4,5-84 G/L. Nghiên cứu của Thomas Burmeister và cộng sự, bệnh nhân có đột biến gen TEL-AML1 có số lượng bạch cầu trung bình là 3,75 G/L (dao động 1- 12,9 G/L) [123]. Nghiên cứu của Askash cũng cho thấy nhóm TEL-AML1 có số lượng bạch cầu trung bình thấp nhất, trung bình 7,85 G/L, nhóm có BCR-ABL1 (thuộc nhóm nguy cơ cao) có số lượng bạch cầu 109,3 G/L [124].",{}
NghienCuuMotSoBienDoiDiTruyenVaLienQuanToiKetQuaDieuTriSomOBenhLoXeMiCapDongLymphoTreEmTheoPhacDoFralle2000.md:237,NghienCuuMotSoBienDoiDiTruyenVaLienQuanToiKetQuaDieuTriSomOBenhLoXeMiCapDongLymphoTreEmTheoPhacDoFralle2000.md,237,720,"Như vậy, khi so sánh đặc điểm về tuổi và số lượng bạch cầu là hai yếu tố có ý nghĩa trong xếp loại nguy cơ của phác đồ FRALLE 2000, nghiên cứu nhận thấy nhóm có B-ALL nguy cơ thấp và trung bình thường mang những đặc điểm có ý nghĩa tiên lượng tốt hơn, nhóm B-ALL nguy cơ cao và T-ALL thường mang đặc điểm xấu hơn. Dựa trên các nghiên cứu cơ bản, các nhà nghiên cứu xếp đột biến gen TEL-AML1 và E2A-PBX1 (được xếp vào B-ALL nguy cơ thấp và trung bình theo biến đổi di truyền) thuộc nhóm các đột biến gen của các yếu tố bám lõi (core binding factors), tác động lên quá trình tạo máu thông qua quá trình điều hòa sinh máu và điều hòa chết tế bào theo chương trình qua một thụ thể trung gian. Trong khi đó, đột biến gen BCR-",{}
NghienCuuMotSoBienDoiDiTruyenVaLienQuanToiKetQuaDieuTriSomOBenhLoXeMiCapDongLymphoTreEmTheoPhacDoFralle2000.md:238,NghienCuuMotSoBienDoiDiTruyenVaLienQuanToiKetQuaDieuTriSomOBenhLoXeMiCapDongLymphoTreEmTheoPhacDoFralle2000.md,238,862,"ABL1 và MLL-AF4 (thuộc nhóm B-ALL nguy cơ cao) thuộc họ gen kinase, ảnh hưởng đến nhiều con đường dẫn truyền tín hiệu qua đó tác động lên quá trình tăng sinh, biệt hóa của tế bào lympho B [53]. Có lẽ vì thế mà các bệnh nhi có gen BCR-ABL1 và MLL-AF4 thường có số lượng bạch cầu cao, với mức độ tăng sinh tế bào ác tính rất mạnh, ảnh hưởng đến đáp ứng điều trị hóa chất và được xếp vào nhóm nguy cơ cao. d. Đặc điểm bất thƣờng di truyền theo xếp loại miễn dịch Dấu ấn miễn dịch giúp xếp loại tế bào, đồng thời cũng thể hiện giai đoạn biệt hóa của dòng tế bào LXM. Nghiên cứu về đặc điểm xếp loại và dấu ấn miễn dịch theo các nhóm nhận thấy: Đa số bất thường NST thuộc nhóm lơ xê mi cấp tế bào B (B-ALL). Các bất thường chuyển đoạn trong nghiên cứu này chỉ gặp ở nhóm B-ALL, trong đó chuyển đoạn t(9;22) chiếm tỷ lệ cao nhất (6 bệnh nhi), chủ yếu thuộc nhóm tiền B",{}
NghienCuuMotSoBienDoiDiTruyenVaLienQuanToiKetQuaDieuTriSomOBenhLoXeMiCapDongLymphoTreEmTheoPhacDoFralle2000.md:239,NghienCuuMotSoBienDoiDiTruyenVaLienQuanToiKetQuaDieuTriSomOBenhLoXeMiCapDongLymphoTreEmTheoPhacDoFralle2000.md,239,891,". Các bất thường chuyển đoạn trong nghiên cứu này chỉ gặp ở nhóm B-ALL, trong đó chuyển đoạn t(9;22) chiếm tỷ lệ cao nhất (6 bệnh nhi), chủ yếu thuộc nhóm tiền B. Các tổn thương khác như mất đoạn, đảo đoạn, thêm đoạn NST ít gặp hơn. Nhóm T-ALL chỉ có 4 bệnh nhi có bất thường NST, trong đó có 3 bệnh nhi được phát hiện tổn thương cấu trúc NST, bao gồm mất đoạn, thêm đoạn và đa tổn thương NST. Bất thường về số lượng NST cũng chủ yếu gặp ở bệnh nhi nhóm B chung. Chỉ phát hiện được 1 bệnh nhi có đột biến trên lưỡng bội NST thuộc nhóm T-ALL. Kết quả nghiên cứu tương tự nghiên cứu của tác giả Trần Quỳnh Mai năm 2016, An Thúy Lan năm 2018 [75],[98]. Điều này có thể giải thích là do B-ALL chiếm đến 83,0% trong nghiên cứu. Do vậy, bất thường NST được phát hiện chủ yếu thuộc nhóm B-ALL. Trong T-ALL, bất thường về số lượng nhiễm sắc thể hiếm gặp và thường không liên quan đến tiên lượng bệnh",{}
NghienCuuMotSoBienDoiDiTruyenVaLienQuanToiKetQuaDieuTriSomOBenhLoXeMiCapDongLymphoTreEmTheoPhacDoFralle2000.md:240,NghienCuuMotSoBienDoiDiTruyenVaLienQuanToiKetQuaDieuTriSomOBenhLoXeMiCapDongLymphoTreEmTheoPhacDoFralle2000.md,240,445,". Do vậy, bất thường NST được phát hiện chủ yếu thuộc nhóm B-ALL. Trong T-ALL, bất thường về số lượng nhiễm sắc thể hiếm gặp và thường không liên quan đến tiên lượng bệnh. Đột biến về cấu trúc chủ yếu là chuyển đoạn NST, liên quan đến gen TCR [1],[38],[62]. Mặt khác, do số lượng bệnh nhi được phát hiện bất thường NST thấp nên không thấy sự khác biệt về các loại bất thường NST giữa các nhóm B-ALL và T- ALL. Đây là điểm hạn chế của nghiên cứu.",{}
NghienCuuMotSoBienDoiDiTruyenVaLienQuanToiKetQuaDieuTriSomOBenhLoXeMiCapDongLymphoTreEmTheoPhacDoFralle2000.md:241,NghienCuuMotSoBienDoiDiTruyenVaLienQuanToiKetQuaDieuTriSomOBenhLoXeMiCapDongLymphoTreEmTheoPhacDoFralle2000.md,241,754,"Về tỷ lệ phát hiện bất thường NST và ĐBG giữa các nhóm B-ALL, tỷ lệ bệnh nhi có phát hiện bất thường NST và ĐBG ở các dưới nhóm lơ xê mi cấp mang dấu ấn lympho B là 36,9% và tương đương nhau ở các nhóm: B chung, tiền B (39,4% và 34,7%). Nhóm B sớm chỉ phát hiện 1/9 bệnh nhi có bất thường di truyền là chuyển đoạn t(4 ;11) tạo đột biến gen MLL-AF4. Nghiên cứu cũng phát hiện 2 bệnh nhi lơ xê mi cấp thể lai có dấu ấn dòng B có đột biến gen BCR-ABL1. Theo Juazes, trong quá trình phát triển và biệt hóa các tế bào dòng B, đột biến MLL-AF4 có thể xuất hiện ở giai đoạn sớm nhất trong quá trình biệt hóa (B sớm), đột biến BCR-ABL1 xuất hiện trong cả giai đoạn B chung, tiền B, và 2 đột biến E2A-PBX1, TEL-AML1 xuất hiện với tỷ lệ cao hơn ở nhóm tiền B [125]",{}
NghienCuuMotSoBienDoiDiTruyenVaLienQuanToiKetQuaDieuTriSomOBenhLoXeMiCapDongLymphoTreEmTheoPhacDoFralle2000.md:242,NghienCuuMotSoBienDoiDiTruyenVaLienQuanToiKetQuaDieuTriSomOBenhLoXeMiCapDongLymphoTreEmTheoPhacDoFralle2000.md,242,897,". Đột biến gen MLL-AF4 xuất hiện với tỷ lệ cao ở trẻ dưới 6 tháng và trẻ lớn, và các nghiên cứu cũng chỉ ra hầu hết bệnh nhi có đột biến gen MLL-AF4 không có sự xuất hiện của CD10 trên bề mặt tế bào [126],[127]. Điều này được lý giải do đột biến gen liên quan đến gen MLL là đột biến gen đặc trưng của pro-B ALL. Pro-B ALL được đặc trưng bởi các tế bào âm tính với CD10 và không có cIg, gặp phổ biến ở ALL trẻ dưới 1 tuổi, đặc biệt với sự xuất hiện của đột biến liên quan đến gen MLL. Trong ph2ác đồ FRALLE 2000, các đột biến xuất hiện do tái sắp xếp lại gen MLL cùng với CD10 (-) được xếp vào nhóm nguy cơ cao. So sánh tỷ lệ bệnh nhi dương tính với CD10 giữa các nhóm nguy cơ theo biến đổi di truyền nhóm B-ALL nhận thấy bệnh nhi có CD10 (-) cao nhất ở nhóm nguy cơ cao, tuy nhiên khác biệt không có ý nghĩa thống kê, có thể do số lượng bệnh nhi có đột biến gen MLL-AF4 trong nghiên cứu còn thấp.",{}
NghienCuuMotSoBienDoiDiTruyenVaLienQuanToiKetQuaDieuTriSomOBenhLoXeMiCapDongLymphoTreEmTheoPhacDoFralle2000.md:243,NghienCuuMotSoBienDoiDiTruyenVaLienQuanToiKetQuaDieuTriSomOBenhLoXeMiCapDongLymphoTreEmTheoPhacDoFralle2000.md,243,794,"4.2.3. Liên quan giữa nhóm nguy cơ theo biến đổi di truyền lơ xê mi cấp dòng lympho B và xếp loại nhóm nguy cơ theo phác đồ FRALLE 2000 Trong nghiên cứu này, các bệnh nhi B-ALL được xếp loại theo phác đồ FRALLE 2000 tại thời điểm chẩn đoán và xếp loại theo nhóm nguy cơ về biến đổi di truyền. So sánh tỷ lệ bệnh nhi được xếp loại vào nhóm A (nguy cơ chuẩn) và nhóm B (nguy cơ cao) ở các nhóm nguy cơ theo biến đổi di truyền nhằm tìm hiểu liên quan giữa biến đổi di truyền với xếp loại theo phác đồ FRALLE 2000. Kết quả bảng 3.14 cho thấy, nhóm nguy cơ thấp và nguy cơ trung bình đều có tỷ lệ bệnh nhi được xếp vào nhóm A cao hơn so với nhóm B (cao hơn gấp 3 lần ở nhóm nguy cơ thấp và gấp gần 2 lần ở nhóm nguy cơ trung bình). Nhóm nguy cơ cao về di truyền chỉ có 1 bệnh nhi được xếp vào nhóm A",{}
NghienCuuMotSoBienDoiDiTruyenVaLienQuanToiKetQuaDieuTriSomOBenhLoXeMiCapDongLymphoTreEmTheoPhacDoFralle2000.md:244,NghienCuuMotSoBienDoiDiTruyenVaLienQuanToiKetQuaDieuTriSomOBenhLoXeMiCapDongLymphoTreEmTheoPhacDoFralle2000.md,244,818,". Nhóm nguy cơ cao về di truyền chỉ có 1 bệnh nhi được xếp vào nhóm A. Như vậy, kết quả nghiên cứu tiếp tục khẳng định, các bệnh nhi nhóm nguy cơ thấp và trung bình thường mang các đặc điểm tốt, được xếp vào nhóm nguy cơ chuẩn theo phác đồ điều trị. 4.3. ĐÁNH GIÁ KẾT QUẢ ĐIỀU TRỊ SỚM THEO PHÁC ĐỒ FRALLE 2000 VÀ LIÊN QUAN VỚI MỘT SỐ BẤT THƢỜNG DI TRUYỀN 4.3.1. Đánh giá đáp ứng sớm với điều trị 4.3.1.1. Đánh giá đáp ứng nhạy cảm với corticoid Corticoid là một trong những thuốc đầu tiên trong điều trị ALL, và là một phần không thể thiếu trong suốt quá trình điều trị. Cơ chế tác động của corticoid thông qua duy trì hoạt động của các yếu tố phiên mã như AP-1 hoặc NF-κB, gây ức chế sản xuất cytokine, làm thay đổi biểu hiện của các gen gây ung thư, ảnh hưởng đến chu kỳ tế bào và chết tế bào theo chương trình [128]",{}
NghienCuuMotSoBienDoiDiTruyenVaLienQuanToiKetQuaDieuTriSomOBenhLoXeMiCapDongLymphoTreEmTheoPhacDoFralle2000.md:245,NghienCuuMotSoBienDoiDiTruyenVaLienQuanToiKetQuaDieuTriSomOBenhLoXeMiCapDongLymphoTreEmTheoPhacDoFralle2000.md,245,145,". Trong phác đồ FRALLE 2000, điều trị cảm ứng với corticoid trong 7 ngày đầu tiên của phác đồ được áp dụng với tất cả các nhóm nguy cơ, nhằm đánh",{}
NghienCuuMotSoBienDoiDiTruyenVaLienQuanToiKetQuaDieuTriSomOBenhLoXeMiCapDongLymphoTreEmTheoPhacDoFralle2000.md:246,NghienCuuMotSoBienDoiDiTruyenVaLienQuanToiKetQuaDieuTriSomOBenhLoXeMiCapDongLymphoTreEmTheoPhacDoFralle2000.md,246,845,"giá mức độ nhạy cảm với corticoid. Đánh giá sự nhạy cảm với corticoid dựa trên đếm số lượng tế bào blast ở máu ngoại vi ngày 8 cũng là một trong những yếu tố tiên lượng quan trọng và được đưa vào xếp loại trong phác đồ FRALLE 2000. Những bệnh nhi nhạy cảm với corticoid trong giai đoạn điều trị cảm ứng được cho là có khả năng đáp ứng tốt với điều trị, là yếu tố tiên lượng tốt trong xếp nhóm nguy cơ [34]. Kết quả bảng 3.15 cho thấy tỷ lệ đáp ứng nhạy cảm với corticoid theo huyết đồ ngày 8 với tất cả bệnh nhi là 79,9%. Kết quả nghiên cứu tương tự nghiên cứu của tác giả Võ Thị Thanh Trúc năm 2010 trên 120 bệnh nhi ALL được điều trị bằng phác đồ FRALLE 2000 với tỷ lệ nhạy cảm với corticoid trên huyết đồ ngày 8 là 83,3% [73]. Sự nhạy cảm với corticoid cao nhất ở nhóm A (89,3%). Nhóm B và nhóm T có tỷ lệ nhạy cảm corticoid gần tương tự nhau",{}
NghienCuuMotSoBienDoiDiTruyenVaLienQuanToiKetQuaDieuTriSomOBenhLoXeMiCapDongLymphoTreEmTheoPhacDoFralle2000.md:247,NghienCuuMotSoBienDoiDiTruyenVaLienQuanToiKetQuaDieuTriSomOBenhLoXeMiCapDongLymphoTreEmTheoPhacDoFralle2000.md,247,823,". Sự nhạy cảm với corticoid cao nhất ở nhóm A (89,3%). Nhóm B và nhóm T có tỷ lệ nhạy cảm corticoid gần tương tự nhau. Nghiên cứu của tác giả Võ Thị Thanh Trúc cũng không ghi nhận sự khác biệt có ý nghĩa giữa hai nhóm B và T. Trong nhóm B-ALL, giữa các nhóm nguy cơ theo biến đổi di truyền, nhóm nguy cơ cao có tỷ lệ kháng corticoid cao nhất trong các nhóm (37,1%) (bảng 3.21). Kháng corticoid có liên quan đến sự điều hòa của các gen liên quan đến chuyển hóa glucose và tăng tiêu thụ glucose. Corticoid cũng giải phóng Ca2+ từ lưới nội chất vào cytosol, qua đó gia tăng Ca2+ của ty thể gây giải phóng cytochrom C và thúc đẩy quá trình chết tế bào theo chương trình. Sự biểu hiện cao của các protein liên kết canxi S100 A8 và A9 và của thành viên protein BCL-2 ức chế các tín hiệu Ca2+, gây tình trạng kháng corticoid [128]",{}
NghienCuuMotSoBienDoiDiTruyenVaLienQuanToiKetQuaDieuTriSomOBenhLoXeMiCapDongLymphoTreEmTheoPhacDoFralle2000.md:248,NghienCuuMotSoBienDoiDiTruyenVaLienQuanToiKetQuaDieuTriSomOBenhLoXeMiCapDongLymphoTreEmTheoPhacDoFralle2000.md,248,607,". Sự biểu hiện cao của các protein liên kết canxi S100 A8 và A9 và của thành viên protein BCL-2 ức chế các tín hiệu Ca2+, gây tình trạng kháng corticoid [128]. Nhóm nguy cơ cao có 35 bệnh nhi, trong đó có 24 bệnh nhi có đột biến gen BCR- ABL1 và 8 bệnh nhi có đột biến gen MLL-AF4. Nghiên cứu của tác giả Trần Quỳnh Mai năm 2016 cho thấy tỷ lệ nhạy cảm corticoid theo huyết đồ ngày 8 của nhóm có đột biến gen BCR-ABL1 là 27%. Đột biến BCR-ABL1 gây ra bởi chuyển đoạn t(9 ;22) tạo NST Ph được cho là có tác động phức tạp lên nhiều con đường dẫn truyền tín hiệu và tác động gián tiếp qua nhiều loại protein có",{}
NghienCuuMotSoBienDoiDiTruyenVaLienQuanToiKetQuaDieuTriSomOBenhLoXeMiCapDongLymphoTreEmTheoPhacDoFralle2000.md:249,NghienCuuMotSoBienDoiDiTruyenVaLienQuanToiKetQuaDieuTriSomOBenhLoXeMiCapDongLymphoTreEmTheoPhacDoFralle2000.md,249,882,"vai trò trong điều hòa tạo máu và chết tế bào theo chương trình. Do đó, những bệnh nhi có đột biến gen BCR-ABL1 thường có tỷ lệ kháng corticoid và kháng với hóa trị cao [129]. 4.3.1.2. Đánh giá đáp ứng với hoá trị ngày 21 Đánh giá đáp ứng với hóa trị được thực hiện bằng xét nghiệm tủy đồ ngày 21 theo phác đồ điều trị. Đây cũng là một căn cứ để đánh giá đáp ứng sớm của điều trị và xếp loại nhóm nguy cơ của phác đồ FRALLE 2000. Nhạy cảm với hóa trị khi blast trong tủy ≤ 5% (M1), kháng hóa trị khi blast trong tủy > 5% và được chia làm 2 mức: M2 (blast trong tủy 6-25%), M3 (blast trong tủy > 25%. Tỷ lệ nhạy cảm với hoá trị (nhóm M1) là 81,6%; kháng với hóa trị là 18,4% (13,5% đáp ứng ở mức M2 và chỉ có 4,9% bệnh nhi ở mức M3) (bảng 3.16). Kết quả nghiên cứu gần tương tự nghiên cứu của Võ Thị Thanh Trúc [73]. Tỷ lệ nhạy cảm với hoá trị không có sự khác biệt giữa các nhóm ABT",{}
NghienCuuMotSoBienDoiDiTruyenVaLienQuanToiKetQuaDieuTriSomOBenhLoXeMiCapDongLymphoTreEmTheoPhacDoFralle2000.md:250,NghienCuuMotSoBienDoiDiTruyenVaLienQuanToiKetQuaDieuTriSomOBenhLoXeMiCapDongLymphoTreEmTheoPhacDoFralle2000.md,250,728,". Kết quả nghiên cứu gần tương tự nghiên cứu của Võ Thị Thanh Trúc [73]. Tỷ lệ nhạy cảm với hoá trị không có sự khác biệt giữa các nhóm ABT. Như vậy, bước đầu cho thấy việc chia nhóm nguy cơ ngay từ đầu để lựa chọn phác đồ điều trị cụ thể cho từng nhóm giúp nâng cao kết quả điều trị ở các nhóm nguy cơ cao (nhóm B và nhóm T). Bảng 3.22 đánh giá đáp ứng giữa các nhóm nguy cơ theo biến đổi di truyền trong nhóm B-ALL, tỷ lệ nhạy cảm hóa trị thấp nhất ở nhóm nguy cơ cao (65,7%). Khác biệt có ý nghĩa thống kê. Tác giả Trần Quỳnh Mai nghiên cứu trên 107 trẻ được điều trị thấy nhóm có đột biến gen MLL-AF4 không có bệnh nhi nào nhạy cảm với hóa trị ngày 21, nhóm có đột biến gen BCR-ABL1 có 36% bệnh nhi nhạy cảm với hóa trị [75]",{}
NghienCuuMotSoBienDoiDiTruyenVaLienQuanToiKetQuaDieuTriSomOBenhLoXeMiCapDongLymphoTreEmTheoPhacDoFralle2000.md:251,NghienCuuMotSoBienDoiDiTruyenVaLienQuanToiKetQuaDieuTriSomOBenhLoXeMiCapDongLymphoTreEmTheoPhacDoFralle2000.md,251,289,". Như vậy, qua kết quả nghiên cứu đáp ứng sớm với corticoid và nhạy cảm với hoá trị trong đợt điều trị tấn công, chúng tôi nhận thấy trong nhóm các bệnh nhi B-ALL, nhóm nguy cơ cao theo biến đổi di truyền có đáp ứng kém nhất với tỷ lệ nhạy cảm thấp nhất trong các nhóm. Đây cũng là nhóm có",{}
NghienCuuMotSoBienDoiDiTruyenVaLienQuanToiKetQuaDieuTriSomOBenhLoXeMiCapDongLymphoTreEmTheoPhacDoFralle2000.md:252,NghienCuuMotSoBienDoiDiTruyenVaLienQuanToiKetQuaDieuTriSomOBenhLoXeMiCapDongLymphoTreEmTheoPhacDoFralle2000.md,252,797,"số lượng lớn bệnh nhi có đột biến gen BCR-ABL1. Theo nghiên cứu của các tác giả trên thế giới, nhóm có BCR-ABL1 luôn là nhóm có tiên lượng xấu nhất trong các nhóm có đột biến gen [1],[130],[90],[91]. Vì lý do đó, các bệnh nhi ALL có đột biến gen BCR-ABL1 thường được khuyến cáo điều trị kết hợp thuốc ức chế Tyrosine Kinase với phác đồ hóa chất cơ bản hoặc kết hợp điều trị ghép tế bào gốc ngay sau khi đạt lui bệnh lần 1 [129]. 4.3.2. Đánh giá đáp ứng sau điều trị tấn công Mục tiêu của điều trị hóa chất trong ALL là đạt được lui bệnh hoàn toàn về huyết học ngay sau điều trị tấn công và tiếp tục duy trì tình trạng lui bệnh bền vững. Vì vậy, đánh giá kết quả điều trị tấn công không những giúp tiên lượng bệnh mà còn giúp cho các bác sỹ lâm sàng lựa chọn phác đồ điều trị tiếp theo cho bệnh nhi",{}
NghienCuuMotSoBienDoiDiTruyenVaLienQuanToiKetQuaDieuTriSomOBenhLoXeMiCapDongLymphoTreEmTheoPhacDoFralle2000.md:253,NghienCuuMotSoBienDoiDiTruyenVaLienQuanToiKetQuaDieuTriSomOBenhLoXeMiCapDongLymphoTreEmTheoPhacDoFralle2000.md,253,829,". Vì vậy, đánh giá kết quả điều trị tấn công không những giúp tiên lượng bệnh mà còn giúp cho các bác sỹ lâm sàng lựa chọn phác đồ điều trị tiếp theo cho bệnh nhi. Bảng 3.17 cho thấy tỷ lệ đáp ứng lui bệnh sau điều trị tấn công của tất cả bệnh nhi trong nghiên cứu đạt 90,3% (80,6 % + 9,7%). Tỷ lệ bệnh nhi không lui bệnh sau điều trị tấn công cao nhất ở nhóm B (13,5%). Có 5 bệnh nhi tử vong trong điều trị tấn công, chiếm 1,7%, chủ yếu thuộc nhóm B (4 bệnh nhi). Kết quả nghiên cứu này thấp hơn của tác giả Võ Thị Thanh Trúc (97,6%) và tương tự tác giả Trần Quỳnh Mai (90,6%) [73],[75]. Nghiên cứu của tác giả Bùi Ngọc Lan năm 2004 trên nhóm nguy cơ thường, sử dụng phác đồ CCG-1991, tỷ lệ CR sau điều trị tấn công là 87,8%, tỷ lệ tử vong liên quan đến điều trị là 12,3%. Nghiên cứu này ghi nhận tỷ lệ tử vong thấp hơn với 1,7%",{}
NghienCuuMotSoBienDoiDiTruyenVaLienQuanToiKetQuaDieuTriSomOBenhLoXeMiCapDongLymphoTreEmTheoPhacDoFralle2000.md:254,NghienCuuMotSoBienDoiDiTruyenVaLienQuanToiKetQuaDieuTriSomOBenhLoXeMiCapDongLymphoTreEmTheoPhacDoFralle2000.md,254,415,". Nghiên cứu này ghi nhận tỷ lệ tử vong thấp hơn với 1,7%. Theo nghiên cứu của tác giả Nguyễn Thị Mai Hương, 102 trẻ ALL nguy cơ cao tại Viện Nhi Trung ương điều trị theo phác đồ CCG 1961 ghi nhận được kết quả: 88,2% bệnh nhi đạt CR sau điều trị tấn công, tỷ lệ tử vong liên quan đến điều trị là 37,3%. Tác giả Châu Văn Hà và cộng sự nghiên cứu kết quả điều trị ALL trẻ em tại Bệnh viện Trung ương Huế từ năm 2007 –",{}
NghienCuuMotSoBienDoiDiTruyenVaLienQuanToiKetQuaDieuTriSomOBenhLoXeMiCapDongLymphoTreEmTheoPhacDoFralle2000.md:255,NghienCuuMotSoBienDoiDiTruyenVaLienQuanToiKetQuaDieuTriSomOBenhLoXeMiCapDongLymphoTreEmTheoPhacDoFralle2000.md,255,864,"2011 bằng phác đồ CCG-1881 trên 91 trẻ cho thấy tỷ lệ lui bệnh hoàn toàn đạt 83,5%, có 7 bệnh nhi tử vong trong điều trị tấn công [131]. Như vậy, bước đầu nhận thấy, phác đồ FRALLE 2000 cho tỷ lệ đáp ứng lui bệnh sau điều trị tấn công cao hơn, tử vong liên quan đến điều trị tấn công thấp hơn so với một số phác đồ khác được sử dụng tại Việt Nam. Tuy nhiên để đánh giá hiệu quả của phác đồ cần có theo dõi dài hơn để theo dõi tỷ lệ tái phát, thời gian sống còn và biến chứng sau điều trị. Trong nghiên cứu này, so sánh đáp ứng điều trị giữa các nhóm nguy cơ trong B-ALL trên bảng 3.23 cho thấy: Bệnh nhi nhóm nguy cơ cao theo biến đổi di truyền lơ xê mi cấp dòng lympho B có đáp ứng lui bệnh hoàn toàn (CR) thấp nhất (65,7%), tỷ lệ bệnh nhi không lui bệnh cao nhất (22,9%). Nhóm nguy cơ thấp có tỷ lệ đáp ứng lui bệnh cao nhất, chỉ có 1 bệnh nhi không đạt lui bệnh",{}
NghienCuuMotSoBienDoiDiTruyenVaLienQuanToiKetQuaDieuTriSomOBenhLoXeMiCapDongLymphoTreEmTheoPhacDoFralle2000.md:256,NghienCuuMotSoBienDoiDiTruyenVaLienQuanToiKetQuaDieuTriSomOBenhLoXeMiCapDongLymphoTreEmTheoPhacDoFralle2000.md,256,842,". Nhóm nguy cơ thấp có tỷ lệ đáp ứng lui bệnh cao nhất, chỉ có 1 bệnh nhi không đạt lui bệnh. Khác biệt giữa nhóm nguy cơ cao và hai nhóm còn lại có ý nghĩa thống kê với p < 0,05. Các bệnh nhi thuộc nhóm nguy cơ thấp bao gồm các bệnh nhi có trên lưỡng bội NST và bệnh nhi có đột biến gen TEL-AML1. Từ năm 1990, một nghiên cứu tại Nhật của tác giả Shikano và cộng sự đã khẳng định, bất thường NST dạng trên lưỡng bội, nhất là nhóm trên 50 NST có tiên lượng tốt, dễ điều trị lui bệnh và khi đã lui bệnh thì thời gian ổn định bệnh kéo dài với 100% bệnh nhi sống thêm 5 năm [132]. Tác giả Saqib Hussain nghiên cứu tại Pakistan về kết quả điều trị tấn công giữa 2 nhóm có và không có trên lưỡng bội NST nhận thấy tỷ lệ bệnh nhi đạt lui bệnh hoàn toàn ở nhóm có trên lưỡng bội NST là 97,4%, cao hơn nhóm còn lại (67,4%) [133]. Các tác giả Pui CH, S",{}
NghienCuuMotSoBienDoiDiTruyenVaLienQuanToiKetQuaDieuTriSomOBenhLoXeMiCapDongLymphoTreEmTheoPhacDoFralle2000.md:257,NghienCuuMotSoBienDoiDiTruyenVaLienQuanToiKetQuaDieuTriSomOBenhLoXeMiCapDongLymphoTreEmTheoPhacDoFralle2000.md,257,358,". Các tác giả Pui CH, S. Hunger, và nhiều tác giả khác trên thế giới khi nghiên cứu về hiệu quả điều trị ALL trẻ em qua nhiều giai đoạn với nhiều các phác đồ khác nhau cũng khẳng định: loại bất thường trên 50 NST thường gặp ở trẻ em và tiên lượng tốt nhất là nhóm trên 56 NST, nhóm dưới lưỡng bội dưới 46 NST tiên lượng xấu, đạt tỷ lệ lui bệnh thấp [1],[91].",{}
NghienCuuMotSoBienDoiDiTruyenVaLienQuanToiKetQuaDieuTriSomOBenhLoXeMiCapDongLymphoTreEmTheoPhacDoFralle2000.md:258,NghienCuuMotSoBienDoiDiTruyenVaLienQuanToiKetQuaDieuTriSomOBenhLoXeMiCapDongLymphoTreEmTheoPhacDoFralle2000.md,258,803,"Cùng với đột biến trên lưỡng bội NST, bệnh nhi có đột biến gen TEL- AML1 luôn được xếp vào nhóm có biến đổi di truyền tiên lượng tốt [41],[90],[91]. Theo nghiên cứu của Pei-Chin Lin và cộng sự trên 25 bệnh nhi ở Đài Loan, phát hiện 8 bệnh nhi có đột biến gen TEL-AML1 và 100% đạt lui bệnh ở đợt hóa trị đầu tiên [115]. Trong một số nghiên cứu ở bệnh nhi có TEL-AML1, nhiều tác giả nhận thấy đột biến gen này nhạy cảm hơn với corticoid, vincristine, đặc biệt là L-asparaginase [134],[135]. Mặt khác, nhóm bệnh nhi có đột biến gen TEL-AML1 thường có các đặc điểm sinh học tốt như số lượng bạch cầu thấp hơn so với các nhóm tại thời điểm chẩn đoán, hay gặp ở nhóm tuổi 1 - 10, tỷ lệ bệnh nhi dương tính CD10 cao. Do đó, bệnh nhi có đột biến gen TEL-AML1 luôn có đáp ứng với điều trị tốt nhất trong các nhóm",{}
NghienCuuMotSoBienDoiDiTruyenVaLienQuanToiKetQuaDieuTriSomOBenhLoXeMiCapDongLymphoTreEmTheoPhacDoFralle2000.md:259,NghienCuuMotSoBienDoiDiTruyenVaLienQuanToiKetQuaDieuTriSomOBenhLoXeMiCapDongLymphoTreEmTheoPhacDoFralle2000.md,259,870,". Do đó, bệnh nhi có đột biến gen TEL-AML1 luôn có đáp ứng với điều trị tốt nhất trong các nhóm. Trong một nghiên cứu về mức độ nhạy cảm với hóa chất của các dòng gen đột biến, đặc biệt là với thuốc vincristine và L-asparaginase trong phác đồ tấn công, tác giả Sanne và các cộng sự nhận thấy mức độ nhạy cảm cao hơn ở nhóm có đột biến gen TEL-AML1 và các đột biến trên lưỡng bội NST, thấp hơn ở nhóm có đột biến gen BCR-ABL1 và MLL-AF4 [136]. Nghiên cứu của Trần Quỳnh Mai cho kết quả nhóm có gen BCR-ABL1 có tỷ lệ lui bệnh hoàn toàn đạt 45,5%; 27,2% bệnh nhi không lui bệnh và cũng ghi nhận 1 bệnh nhi tử vong trong điều trị tấn công [75]. Đột biến gen BCR- ABL1 được nhiều nhà nghiên cứu quan tâm, trước đây khi chưa có Imatinib thì tiên lượng nhóm bệnh nhân có gen này rất xấu, không đáp ứng với điều trị hoặc nếu có thì thời gian sống không bệnh ngắn, tái phát nhanh",{}
NghienCuuMotSoBienDoiDiTruyenVaLienQuanToiKetQuaDieuTriSomOBenhLoXeMiCapDongLymphoTreEmTheoPhacDoFralle2000.md:260,NghienCuuMotSoBienDoiDiTruyenVaLienQuanToiKetQuaDieuTriSomOBenhLoXeMiCapDongLymphoTreEmTheoPhacDoFralle2000.md,260,373,". Nghiên cứu của Ravandi và cộng sự trên 122 bệnh nhân ALL có Ph dương tính từ 2001- 2011 được điều trị bằng hóa chất và kết hợp với imatinib (n=54) hoặc dasatinib (n=68) cho kết quả lui bệnh tới 94% [137]. Trong nghiên cứu của tác giả Trần Quỳnh Mai, các bệnh nhi có gen BCR-ABL1 chưa được điều trị kết hợp imatinib. Trong nghiên cứu này, 24 bệnh nhi có gen BCR-ABL1 thuộc",{}
NghienCuuMotSoBienDoiDiTruyenVaLienQuanToiKetQuaDieuTriSomOBenhLoXeMiCapDongLymphoTreEmTheoPhacDoFralle2000.md:261,NghienCuuMotSoBienDoiDiTruyenVaLienQuanToiKetQuaDieuTriSomOBenhLoXeMiCapDongLymphoTreEmTheoPhacDoFralle2000.md,261,676,"nhóm nguy cơ cao được điều trị bằng phác đồ dành cho nhóm nguy cơ cao và có 13/24 bệnh nhi được kết hợp điều trị bằng Imatinib tuy nhiên vì số lượng bệnh nhi còn thấp và đa số bệnh nhi không được điều trị imatinib ngay từ điều trị tấn công ban đầu nên kết quả còn nhiều hạn chế. 4.3.3. Đánh giá tồn dƣ tối thiểu của bệnh Xác định mức độ tồn dư tối thiểu của bệnh (MRD) là một trong những yếu tố quan trọng để đánh giá đáp ứng sớm với điều trị và cũng là một trong những yếu tố quan trọng trong tiên lượng, giúp đánh giá nguy cơ tái phát trên bệnh nhi. Các bệnh nhi được thực hiện xét nghiệm xác định MRD bằng kỹ thuật flow cytometry từ dịch hút tủy xương sau điều trị tấn công",{}
NghienCuuMotSoBienDoiDiTruyenVaLienQuanToiKetQuaDieuTriSomOBenhLoXeMiCapDongLymphoTreEmTheoPhacDoFralle2000.md:262,NghienCuuMotSoBienDoiDiTruyenVaLienQuanToiKetQuaDieuTriSomOBenhLoXeMiCapDongLymphoTreEmTheoPhacDoFralle2000.md,262,745,". Các bệnh nhi được thực hiện xét nghiệm xác định MRD bằng kỹ thuật flow cytometry từ dịch hút tủy xương sau điều trị tấn công. Trong nghiên cứu này, chỉ 137 bệnh nhi được làm xét nghiệm đánh giá MRD do nhiều lý do: không chọc hút được dịch tủy, dịch hút tủy bị đông, không đạt lui bệnh hoàn toàn về huyết học…Kết quả bảng 3.18 và bảng 3.24 ghi nhận các mức độ MRD của nhóm bệnh nhi nghiên cứu được chia các nhóm nguy cơ theo phác đồ FRALLE 2000 và nhóm nguy cơ theo biến đổi di truyền đối với nhóm B-ALL. Trong tổng số 137 bệnh nhi, không có bệnh nhi nào có mức MRD ≥ 0,01 (mức chuyển đổi phác đồ trong phác đồ FRALLE 2000), tuy nhiên tỷ lệ bệnh nhi đạt mức MRD < 10-4 ở mức thấp (3,6%). Đa số bệnh nhi được khảo sát có mức MRD từ 10-3 đến 10-4",{}
NghienCuuMotSoBienDoiDiTruyenVaLienQuanToiKetQuaDieuTriSomOBenhLoXeMiCapDongLymphoTreEmTheoPhacDoFralle2000.md:263,NghienCuuMotSoBienDoiDiTruyenVaLienQuanToiKetQuaDieuTriSomOBenhLoXeMiCapDongLymphoTreEmTheoPhacDoFralle2000.md,263,589,". Đa số bệnh nhi được khảo sát có mức MRD từ 10-3 đến 10-4. Nghiên cứu không ghi nhận sự khác biệt có ý nghĩa thống kê về MRD giữa các nhóm nguy cơ theo phác đồ FRALLE 2000 và nhóm nguy cơ theo biến đổi di truyền đối với nhóm B- ALL. Huỳnh Thiện Ngôn nghiên cứu trên 129 bệnh nhi được phân tích MRD trong 10 năm từ 2005 - 2015 thấy 26,4% bệnh nhi đạt MRD ≤ 10-4; 62% bệnh nhi có 10-4 < MRD ≤ 10-2; 11,6% bệnh nhi có MRD > 10-2 [77]. Kết quả nghiên cứu này cũng thấp hơn tác giả Võ Thị Thanh Trúc, nghiên cứu trên 95 bệnh nhi từ 2010 - 2012, với kết quả MRD sau tấn công: 25,3% bệnh nhi đạt",{}
NghienCuuMotSoBienDoiDiTruyenVaLienQuanToiKetQuaDieuTriSomOBenhLoXeMiCapDongLymphoTreEmTheoPhacDoFralle2000.md:264,NghienCuuMotSoBienDoiDiTruyenVaLienQuanToiKetQuaDieuTriSomOBenhLoXeMiCapDongLymphoTreEmTheoPhacDoFralle2000.md,264,713,"MRD ≤ 10-4; 49,4% bệnh nhi có 10-4 < MRD ≤ 10-3; 25,3% bệnh nhi có MRD > 10-3 [76]. Cai Thị Thu Ngân nghiên cứu trên 46 bệnh nhi có TEL-AML1, 60,9% bệnh nhi đạt MRD ≤ 10-4; 30,4% bệnh nhi có 10-4 < MRD ≤ 10-2; 8,7% bệnh nhi có MRD > 10-2 [76]. Hiện nay, nhiều tác giả nhận định mức MRD âm tính là mức MRD ≤ 10-4 [138],[139]. Tác giả Pui CH và một số nghiên cứu khác gần đây của các tác giả trên thế giới cho rằng, với những bệnh nhi có MRD ≤ 10-4 thì nguy cơ tái phát thấp và tiên lượng có thời gian sống thêm tốt hơn nhóm còn lại, bất kể bệnh nhi đó có bất thường di truyền ở nhóm nguy cơ nào. Ngược lại, các bệnh nhi có MRD > 10-2 thì nguy cơ tái phát rất cao và tỷ lệ sống thêm thấp hơn [103],[140],[141],[142]",{}
NghienCuuMotSoBienDoiDiTruyenVaLienQuanToiKetQuaDieuTriSomOBenhLoXeMiCapDongLymphoTreEmTheoPhacDoFralle2000.md:265,NghienCuuMotSoBienDoiDiTruyenVaLienQuanToiKetQuaDieuTriSomOBenhLoXeMiCapDongLymphoTreEmTheoPhacDoFralle2000.md,265,810,". Ngược lại, các bệnh nhi có MRD > 10-2 thì nguy cơ tái phát rất cao và tỷ lệ sống thêm thấp hơn [103],[140],[141],[142]. Nghiên cứu về xác định mức độ đáp ứng bằng MRD trên các yếu tố tiên lượng khác nhau, trong đó có bất thường di truyền, tác giả Borowizt và cộng sự nhận thấy: Những bệnh nhi có đột biến gen TEL-AML1 hay trên lưỡng bội NST với thêm NST số 4, 10 thường có đáp ứng tốt nhất với tỷ lệ bệnh nhi có MRD âm tính sau điều trị tấn công cao, tỷ lệ sống thêm trên 10 năm của các nhóm bệnh nhi này cũng đạt mức cao nhất [143]. Như vậy, MRD của các bệnh nhi trong nghiên cứu này ở mức cao hơn so với một số nghiên cứu trong và ngoài nước. Trong một số phác đồ, MRD được thực hiện trong giai đoạn điều trị tấn công. Phác đồ FRALLE 2000 thực hiện xét nghiệm MRD khi bệnh nhi đã kết thúc điều trị tấn công",{}
NghienCuuMotSoBienDoiDiTruyenVaLienQuanToiKetQuaDieuTriSomOBenhLoXeMiCapDongLymphoTreEmTheoPhacDoFralle2000.md:266,NghienCuuMotSoBienDoiDiTruyenVaLienQuanToiKetQuaDieuTriSomOBenhLoXeMiCapDongLymphoTreEmTheoPhacDoFralle2000.md,266,555,". Trong một số phác đồ, MRD được thực hiện trong giai đoạn điều trị tấn công. Phác đồ FRALLE 2000 thực hiện xét nghiệm MRD khi bệnh nhi đã kết thúc điều trị tấn công. Tuy nhiên, với kết quả MRD này, nghiên cứu nhận thấy cần có biện pháp nhằm đánh giá chính xác hơn và nâng cao hiệu quả điều trị, đặc biệt đối với nhóm nguy cơ cao. 4.3.4. Chia nhóm nguy cơ theo phác đồ FRALLE 2000 sau đánh giá đáp ứng sớm với điều trị. Trên cơ sở chia nhóm nguy cơ trước điều trị của phác đồ FRALLE 2000, kết hợp đánh giá đáp ứng sớm với điều trị (nhạy cảm với corticoid,",{}
NghienCuuMotSoBienDoiDiTruyenVaLienQuanToiKetQuaDieuTriSomOBenhLoXeMiCapDongLymphoTreEmTheoPhacDoFralle2000.md:267,NghienCuuMotSoBienDoiDiTruyenVaLienQuanToiKetQuaDieuTriSomOBenhLoXeMiCapDongLymphoTreEmTheoPhacDoFralle2000.md,267,723,"nhạy cảm hóa trị), các bệnh nhi trong nghiên cứu tiếp tục được chia nhóm nguy cơ: Nguy cơ chuẩn, nguy cơ cao và nguy cơ rất cao. Kết quả biểu đồ 3.7 cho thấy, nhóm nguy cơ chuẩn (A1) vẫn chiếm tỷ lệ cao với 42,7%, nhóm nguy cơ cao (A2, B1, T1) chiếm tỷ lệ 37,2%, nhóm nguy cơ rất cao (A3, B2, T2) chiếm 20,1%. Việc chia lại nhóm nguy cơ nhằm mục đích là lựa chọn phác đồ điều trị tiếp theo phù hợp với từng bệnh nhi. Hạn chế của nghiên cứu là chưa làm được MRD trên tất cả bệnh nhi nên việc chia nhóm chủ yếu dựa trên kết quả nhạy cảm với corticoid và nhạy cảm với hóa trị. Tuy nhiên với kết quả MRD trên 137 bệnh nhi được thực hiện xét nghiệm thì chưa ghi nhận trường hợp nào phải chuyển đổi phác đồ và nhóm nguy cơ. 4.3.5",{}
NghienCuuMotSoBienDoiDiTruyenVaLienQuanToiKetQuaDieuTriSomOBenhLoXeMiCapDongLymphoTreEmTheoPhacDoFralle2000.md:268,NghienCuuMotSoBienDoiDiTruyenVaLienQuanToiKetQuaDieuTriSomOBenhLoXeMiCapDongLymphoTreEmTheoPhacDoFralle2000.md,268,804,". Tuy nhiên với kết quả MRD trên 137 bệnh nhi được thực hiện xét nghiệm thì chưa ghi nhận trường hợp nào phải chuyển đổi phác đồ và nhóm nguy cơ. 4.3.5. Tỷ lệ tái phát sau điều trị Tái phát là tình trạng bệnh xuất hiện trở lại sau khi bệnh nhi đã đạt được lui bệnh hoàn toàn sau điều trị tấn công, có thể tái phát tại tủy xương (TX) và tái phát ngoài tủy như tái phát thần kinh trung ương (TKTW), tái phát tinh hoàn...). Bảng 3.19, 3.20 và bảng 3.25 thống kê tỷ lệ tái phát (bao gồm tái phát TX, tái phát TKTW và tái phát ngoài tủy khác) trên 260 bệnh nhi (220 bệnh nhi B-ALL, 40 bệnh nhi T-ALL) đã đạt lui bệnh sau điều trị tấn công nhận thấy: Tỷ lệ tái phát chung của nhóm bệnh nhi nghiên cứu là 21,9%, trong đó tái phát tủy xương cao nhất với 20,4%. Tái phát TKTW và tái phát ngoài tủy khác ít gặp hơn",{}
NghienCuuMotSoBienDoiDiTruyenVaLienQuanToiKetQuaDieuTriSomOBenhLoXeMiCapDongLymphoTreEmTheoPhacDoFralle2000.md:269,NghienCuuMotSoBienDoiDiTruyenVaLienQuanToiKetQuaDieuTriSomOBenhLoXeMiCapDongLymphoTreEmTheoPhacDoFralle2000.md,269,553,". Tái phát TKTW và tái phát ngoài tủy khác ít gặp hơn. Kết quả gần tương đồng với nghiên cứu của tác giả Châu Văn Hà tại Huế với tỷ lệ tái phát là 27% [131]. Tác giả Huỳnh Thiện Ngôn nghiên cứu thấy tỷ lệ tái phát là 24,5%, tuy nhiên với thời gian theo dõi là 10 năm trên 255 bệnh nhi [77]. Một số nghiên cứu khác trong nước với các phác đồ khác nhau có tỷ lệ tái phát thấp hơn so với nghiên cứu này như: Nghiên cứu của tác giả Võ Thị Thanh Trúc với phác đồ FRALLE 2000: tỷ lệ tái phát là 13,5%; tái phát TX: 8,5%, tái phát TKTW: 3,4%; tái phát kết hợp:",{}
NghienCuuMotSoBienDoiDiTruyenVaLienQuanToiKetQuaDieuTriSomOBenhLoXeMiCapDongLymphoTreEmTheoPhacDoFralle2000.md:270,NghienCuuMotSoBienDoiDiTruyenVaLienQuanToiKetQuaDieuTriSomOBenhLoXeMiCapDongLymphoTreEmTheoPhacDoFralle2000.md,270,878,"1,7% [73]; nghiên cứu của tác giả Bùi Ngọc Lan trên bệnh nhi ALL nguy cơ thường, sử dụng phác đồ CCG-1991, tỷ lệ tái phát là 12,2% [13]; nghiên cứu của tác giả Nguyễn Thị Mai Hương trên nhóm nguy cơ cao, sử dụng phác đồ CCG-1961, tỷ lệ tái phát là 16,7% [72]. Một nghiên cứu tại Thổ Nhĩ Kỳ năm 2014 trên 343 bệnh nhi điều trị phác đồ ALL-BFM 85 có tỷ lệ tái phát chung là 14,8% [144]. Như vậy, trong nghiên cứu này, tỷ lệ bệnh nhi đạt lui bệnh sau điều trị tấn công khá cao, tỷ lệ tử vong trong điều trị tấn công thấp nhưng tỷ lệ tái phát ghi nhận được trong nghiên cứu này cao hơn so với một số nghiên cứu khác tại Việt Nam, đặc biệt là tái phát ở TX và TKTW. Bảng 3.19 cho thấy tỷ lệ tái phát chung, tái phát tủy xương và tái phát TKTW đều cao nhất ở nhóm T (tái phát chung 37,5%, tái phát tủy xương 32,5%, tái phát TKTW 20%). Tỷ lệ tái phát thấp nhất ở nhóm A (nguy cơ chuẩn)",{}
NghienCuuMotSoBienDoiDiTruyenVaLienQuanToiKetQuaDieuTriSomOBenhLoXeMiCapDongLymphoTreEmTheoPhacDoFralle2000.md:271,NghienCuuMotSoBienDoiDiTruyenVaLienQuanToiKetQuaDieuTriSomOBenhLoXeMiCapDongLymphoTreEmTheoPhacDoFralle2000.md,271,763,". Tỷ lệ tái phát thấp nhất ở nhóm A (nguy cơ chuẩn). Như vậy, mặc dù kết quả điều trị tấn công của nhóm T-ALL tương tự nhóm B-ALL nhưng tỷ lệ tái phát cao hơn có ý nghĩa thống kê. Đây cũng là dữ liệu cho thấy với nhóm bệnh nhi T-ALL nên có chỉ định ghép tế bào gốc sớm ngay sau khi đạt lui bệnh lần 1. Chia lại nhóm nguy cơ sau điều trị và kết quả đánh giá tái phát sau đó trên bảng 3.20 thì thấy tỷ lệ tái phát TX và TKTW đều cao nhất ở nhóm nguy cơ rất cao (34,1% và 17,1%). Điều này cho thấy xếp lại nhóm nguy cơ sau khi đánh giá đáp ứng sớm trong điều trị tấn công ở phác đồ FRALLE 2000 có giá trị tiên lượng nguy cơ tái phát và là cơ sở để lập kế hoạch điều trị tiếp theo bao gồm liệu pháp ghép tế bào gốc cho những bệnh nhi thuộc nhóm nguy cơ cao và rất cao",{}
NghienCuuMotSoBienDoiDiTruyenVaLienQuanToiKetQuaDieuTriSomOBenhLoXeMiCapDongLymphoTreEmTheoPhacDoFralle2000.md:272,NghienCuuMotSoBienDoiDiTruyenVaLienQuanToiKetQuaDieuTriSomOBenhLoXeMiCapDongLymphoTreEmTheoPhacDoFralle2000.md,272,364,". Đối với các nhóm nguy cơ theo biến đổi di truyền nhóm B-ALL, tỷ lệ tái phát chung, tái phát tủy xương cao nhất ở nhóm nguy cơ cao (30,8%), thấp nhất ở nhóm nguy cơ thấp. Tái phát TKTW và tái phát khác ngoài tủy hiếm gặp hơn và không có sự khác biệt giữa các nhóm (bảng 3.25). Như vậy, các bệnh nhi có biến đổi di truyền nguy cơ cao (trong đó có đột biến gen BCR-",{}
NghienCuuMotSoBienDoiDiTruyenVaLienQuanToiKetQuaDieuTriSomOBenhLoXeMiCapDongLymphoTreEmTheoPhacDoFralle2000.md:273,NghienCuuMotSoBienDoiDiTruyenVaLienQuanToiKetQuaDieuTriSomOBenhLoXeMiCapDongLymphoTreEmTheoPhacDoFralle2000.md,273,896,"ABL1, MLL-AF4, tổn thương NST phức tạp) có nguy cơ tái phát cao hơn so với các nhóm khác. Qua đó cho thấy vai trò của biến đổi di truyền trong tiên lượng bệnh. 4.3.6. Xác suất sống còn a. Xác suất sống còn tại thời điểm 12 tháng ở nhóm bệnh nhi nghiên cứu Đánh giá xác suất sống thêm toàn bộ (OS) và sống thêm không sự kiện (EFS) sau 12 tháng, nghiên cứu nhận thấy: OS 12 tháng đạt 88,7 ± 2,0%, EFS 12 tháng đạt 76,7 ± 2,7% (biểu đồ 3.8 và 3.9). Tác giả Võ Thị Thanh Trúc nghiên cứu trên 120 bệnh nhi điều trị bằng phác đồ FRALLE 2000 cho kết quả OS 5 năm đạt 87,5%, EFS 5 năm đạt 80,0% [73]. Nghiên cứu của tác giả Bùi Ngọc Lan năm 2004 trên nhóm bệnh nhi nguy cơ thường, OS 5 năm đạt 74,2%, EFS 5 năm là 68,1% [13]. Nghiên cứu của tác giả Nguyễn Thị Mai Hương, 102 trẻ ALL nguy cơ cao tại Viện Nhi trung ương điều trị theo phác đồ CCG 1961 ghi nhận được kết quả OS 5 năm đạt 48,6%, EFS 46% [72]",{}
NghienCuuMotSoBienDoiDiTruyenVaLienQuanToiKetQuaDieuTriSomOBenhLoXeMiCapDongLymphoTreEmTheoPhacDoFralle2000.md:274,NghienCuuMotSoBienDoiDiTruyenVaLienQuanToiKetQuaDieuTriSomOBenhLoXeMiCapDongLymphoTreEmTheoPhacDoFralle2000.md,274,715,". Nghiên cứu của tác giả Nguyễn Thị Mai Hương, 102 trẻ ALL nguy cơ cao tại Viện Nhi trung ương điều trị theo phác đồ CCG 1961 ghi nhận được kết quả OS 5 năm đạt 48,6%, EFS 46% [72]. Nghiên cứu của tác giả Châu Văn Hà tại bệnh viện Trung ương Huế ghi nhận EFS 4 năm là 49,7% với nhóm nguy cơ tiêu chuẩn và 36,6% với nhóm nguy cơ cao. Như vậy, nhiều nghiên cứu tại Việt Nam cho kết quả điều trị ALL trẻ em khác nhau có thể do đối tượng nghiên cứu khác nhau, thời gian nghiên cứu khác nhau và phác đồ điều trị khác nhau. Nghiên cứu này trên nhóm bệnh nhi với số lượng tương đối lớn (288 bệnh nhi), đã bước đầu ghi nhận kết quả sớm của điều trị với kết quả OS và EFS 12 tháng khá tốt so với một số nghiên cứu trong nước",{}
NghienCuuMotSoBienDoiDiTruyenVaLienQuanToiKetQuaDieuTriSomOBenhLoXeMiCapDongLymphoTreEmTheoPhacDoFralle2000.md:275,NghienCuuMotSoBienDoiDiTruyenVaLienQuanToiKetQuaDieuTriSomOBenhLoXeMiCapDongLymphoTreEmTheoPhacDoFralle2000.md,275,214,. Nghiên cứu so sánh đáp ứng điều trị khi áp dụng phác đồ FRALLE 2000 giữa trẻ em Việt Nam và trẻ da trắng (Bỉ) với cùng phác đồ công bố năm 2014 của tác giả Phuong Thu Vu Hoang và cộng sự nhận thấy: trẻ ALL ở Việt,{}
NghienCuuMotSoBienDoiDiTruyenVaLienQuanToiKetQuaDieuTriSomOBenhLoXeMiCapDongLymphoTreEmTheoPhacDoFralle2000.md:276,NghienCuuMotSoBienDoiDiTruyenVaLienQuanToiKetQuaDieuTriSomOBenhLoXeMiCapDongLymphoTreEmTheoPhacDoFralle2000.md,276,863,"Nam có một số đặc điểm sinh học xấu hơn so với trẻ em da trắng (Tỷ lệ T- ALL cao hơn, nhạy cảm hơn với hoá trị MTX liều cao và 6MP …), vì vậy, so sánh xác suất sống thêm không tái phát (RFS - Relapse free survival) tại thời điểm 18 tháng và 5 năm ở trẻ em Việt Nam thấp hơn có ý nghĩa so với trẻ da trắng với xác suất lần lượt là 70,4% và 47,8% ở trẻ em Việt Nam so với 95,7% và 83,8% ở trẻ da trắng [74]. Các nghiên cứu đa trung tâm hiện nay trên thế giới ghi nhận tỷ lệ OS và EFS trên các nhóm ALL trẻ em ngày càng cao, với tỷ lệ EFS 10 năm đạt trên 70% ở rất nhiều các nghiên cứu như các nghiên cứu của CCG, BFM, DCOG, NOPHO, COALL…[71]. b. Xác suất sống còn tại thời điểm 12 tháng ở các nhóm nguy cơ phác đồ FRALLE 2000 So sánh xác suất sống còn tại thời điểm 12 tháng giữa các nhóm nguy cơ ABT theo phác đồ FRALLE 2000 được thể hiện trên biểu đồ 3.10 và 3.11",{}
NghienCuuMotSoBienDoiDiTruyenVaLienQuanToiKetQuaDieuTriSomOBenhLoXeMiCapDongLymphoTreEmTheoPhacDoFralle2000.md:277,NghienCuuMotSoBienDoiDiTruyenVaLienQuanToiKetQuaDieuTriSomOBenhLoXeMiCapDongLymphoTreEmTheoPhacDoFralle2000.md,277,768,". Kết quả cho thấy nhóm A (nguy cơ chuẩn) là nhóm có OS và EFS 12 tháng cao nhất (OS 96,5 ± 1,7%, EFS 90,5 ± 2,6%). Andre Baruchel và các cộng sự đã tổng hợp các kết quả nghiên cứu của phác đồ FRALLE 2000 A trên 1201 trẻ được chẩn đoán ALL nhóm nguy cơ chuẩn của các nghiên cứu đa trung tâm từ năm 2000 - 2010 [69]. Theo các báo cáo ghi nhận, tỷ lệ đạt lui bệnh hoàn toàn sau điều trị cảm ứng là 99,7%; xác suất sống thêm 5 năm không sự kiện (EFS) là 91,5%; sống thêm toàn bộ (OS) là 97,4%. Trong nghiên cứu này, nhóm B có OS 12 tháng 76,8 ± 4,5% và EFS 12 tháng 62,5 ± 5,2%, thấp nhất trong các nhóm. Tác giả Võ Thị Thanh Trúc nghiên cứu so sánh giữa nhóm B và nhóm T thấy kết quả OS và EFS của nhóm B đều cao hơn so với nhóm T (OS 97,0% và 47,1%, EFS 88,9% và 41,6%)",{}
NghienCuuMotSoBienDoiDiTruyenVaLienQuanToiKetQuaDieuTriSomOBenhLoXeMiCapDongLymphoTreEmTheoPhacDoFralle2000.md:278,NghienCuuMotSoBienDoiDiTruyenVaLienQuanToiKetQuaDieuTriSomOBenhLoXeMiCapDongLymphoTreEmTheoPhacDoFralle2000.md,278,411,". Tác giả Võ Thị Thanh Trúc nghiên cứu so sánh giữa nhóm B và nhóm T thấy kết quả OS và EFS của nhóm B đều cao hơn so với nhóm T (OS 97,0% và 47,1%, EFS 88,9% và 41,6%). Điều này là do trong nghiên cứu của tác giả Võ Thị Thanh Trúc, nhiều bệnh nhi không được làm xét nghiệm phát hiện biến đổi di truyền nên tác giả xếp vào nhóm B (nguy cơ cao). Trong nghiên cứu này, các bệnh nhi có một trong các tiêu chuẩn của",{}
NghienCuuMotSoBienDoiDiTruyenVaLienQuanToiKetQuaDieuTriSomOBenhLoXeMiCapDongLymphoTreEmTheoPhacDoFralle2000.md:279,NghienCuuMotSoBienDoiDiTruyenVaLienQuanToiKetQuaDieuTriSomOBenhLoXeMiCapDongLymphoTreEmTheoPhacDoFralle2000.md,279,895,"nhóm B mới được xếp loại vào nhóm B (nguy cơ cao), nên kết quả có sự khác biệt. Nghiên cứu cũng cho thấy, những bệnh nhi ở nhóm B, bao gồm các bệnh nhi có đột biến gen BCR-ABL1 và MLL-AF4, có xác suất sống còn thấp hơn ở nhóm T (OS 12 tháng 92,1 ± 4,4%) với p < 0,05. Những bệnh nhi được chẩn đoán lơ xê mi cấp dòng lympho T có OS 12 tháng đạt khá cao, nhưng EFS 12 tháng chỉ đạt 67,5 ± 7,5%. Phác đồ điều trị trong nhóm T cho tỷ lệ bệnh nhi đạt lui bệnh hoàn toàn cao sau điều trị tấn công nhưng tỷ lệ tái phát lại cao nhất trong các nhóm ABT. Vì vậy, những bệnh nhi thuộc nhóm T có EFS gần tương tự nhóm B và thấp hơn so với nhóm A có ý nghĩa thống kê với p < 0,01. Kết quả nghiên cứu cho thấy cần có kế hoạch điều trị triệt để hơn đối với các bệnh nhi lơ xê mi cấp dòng lympho T như chuyển đổi phác đồ sau điều trị tấn công sang nhóm T2 hoặc có kế hoạch ghép tế bào gốc sớm sau lui bệnh lần 1",{}
NghienCuuMotSoBienDoiDiTruyenVaLienQuanToiKetQuaDieuTriSomOBenhLoXeMiCapDongLymphoTreEmTheoPhacDoFralle2000.md:280,NghienCuuMotSoBienDoiDiTruyenVaLienQuanToiKetQuaDieuTriSomOBenhLoXeMiCapDongLymphoTreEmTheoPhacDoFralle2000.md,280,888,". Khi so sánh xác suất sống còn giữa các nhóm nguy cơ của phác đồ FRALLE 2000 được xếp loại lại sau đánh giá đáp ứng sớm trong điều trị tấn công, nghiên cứu cũng nhận thấy sự khác biệt có ý nghĩa thống kê về OS và EFS giữa các nhóm nguy cơ chuẩn, nguy cơ cao và rất cao (biểu đồ 3.12 và 3.13). Xác suất sống thêm toàn bộ và sống thêm không sự kiện của nhóm nguy cơ chuẩn (A1) đều đạt trên 90%, trong khi đó nhóm nguy cơ cao là 88,6% và 75,6%, nhóm nguy cơ rất cao chỉ đạt 72,6% và 50,4%. Sự khác biệt giữa các nhóm đều có ý nghĩa thống kê với p < 0,05. Như vậy, những bệnh nhi ở nhóm nguy cơ cao và rất cao, dù là B-ALL hay T-ALL thì kết quả sống còn đều thấp hơn rõ rệt so với những bệnh nhi ở nhóm nguy cơ chuẩn. Điều đó cho thấy ý nghĩa tiên lượng của kết quả đáp ứng sớm với điều trị (nhạy cảm corticoid hay nhạy cảm hóa trị) đến xác suất sống còn ở bệnh nhi lơ xê mi cấp dòng lympho.",{}
NghienCuuMotSoBienDoiDiTruyenVaLienQuanToiKetQuaDieuTriSomOBenhLoXeMiCapDongLymphoTreEmTheoPhacDoFralle2000.md:281,NghienCuuMotSoBienDoiDiTruyenVaLienQuanToiKetQuaDieuTriSomOBenhLoXeMiCapDongLymphoTreEmTheoPhacDoFralle2000.md,281,657,"Như vậy, trong nghiên cứu này, mặc dù thời gian theo dõi chưa dài nhưng có thể thấy sự khác biệt về xác suất sống còn giữa các nhóm nguy cơ theo phác đồ FRALLE 2000, cho thấy sự cần thiết của việc lập kế hoạch điều trị ghép tế bào gốc ở những bệnh nhi nhóm nguy cơ cao theo phác đồ FRALLE 2000 hoặc sử dụng thuốc nhắm đích với bệnh nhi có đột biến gen BCR-ABL1. c. Xác suất sống còn ở các nhóm nguy cơ theo biến đổi di truyền lơ xê mi cấp dòng lympho B Nghiên cứu tiếp tục so sánh xác suất sống còn giữa các nhóm nguy cơ theo biến đổi di truyền để xác định ảnh hưởng của các nhóm nguy cơ theo biến đổi di truyền này đến kết quả điều trị ở các bệnh nhi B-ALL",{}
NghienCuuMotSoBienDoiDiTruyenVaLienQuanToiKetQuaDieuTriSomOBenhLoXeMiCapDongLymphoTreEmTheoPhacDoFralle2000.md:282,NghienCuuMotSoBienDoiDiTruyenVaLienQuanToiKetQuaDieuTriSomOBenhLoXeMiCapDongLymphoTreEmTheoPhacDoFralle2000.md,282,768,". Kết quả cho thấy: nhóm nguy cơ thấp (bao gồm các bệnh nhi có trên lưỡng bội NST hoặc có đột biến gen TEL-AML1) có kết quả tốt nhất với OS – 12 tháng đạt 97,8 ± 2,2%, EFS – 12 tháng 89,8 ± 4,9 %, nhóm nguy cơ trung bình đạt OS – 12 tháng 91,3 ± 2,4%, EFS – 12 tháng 81,6 ± 3,2%, nhóm nguy cơ cao (bao gồm các bệnh nhi có đột biến gen BCR-ABL1, MLL-AF4 và tổn thương NST phức tạp) có kết quả thấp nhất với OS – 12 tháng 62,3 ± 8,7%, EFS - 12 tháng 49,8 ± 9,2%. Khác biệt về xác suất sống còn giữa nhóm nguy cơ cao với các nhóm nguy cơ thấp và nguy cơ trung bình có ý nghĩa thống kê với p < 0,001 (biểu đồ 3.14 và 3.15). Nhóm nguy cơ thấp có OS và EFS cao hơn nhóm nguy cơ trung bình, tuy nhiên khác biệt không có ý nghĩa thống kê với p > 0,05. Nghiên cứu của tác giả A",{}
NghienCuuMotSoBienDoiDiTruyenVaLienQuanToiKetQuaDieuTriSomOBenhLoXeMiCapDongLymphoTreEmTheoPhacDoFralle2000.md:283,NghienCuuMotSoBienDoiDiTruyenVaLienQuanToiKetQuaDieuTriSomOBenhLoXeMiCapDongLymphoTreEmTheoPhacDoFralle2000.md,283,562,". Nhóm nguy cơ thấp có OS và EFS cao hơn nhóm nguy cơ trung bình, tuy nhiên khác biệt không có ý nghĩa thống kê với p > 0,05. Nghiên cứu của tác giả A. V Moorman trên các nhóm nguy cơ theo biến đổi di truyền B-ALL, sử dụng phác đồ ALL97/99 và UKALL2003 cũng cho thấy sự khác biệt về OS, EFS giữa nhóm nguy cơ thấp và nhóm nguy cơ cao có ý nghĩa thống kê với p < 0,01 [118]. Nhiều nghiên cứu trên thế giới cũng chỉ ra, các đột biến trên lưỡng bội NST có tiên lượng tốt được xếp vào nhóm nguy cơ thấp thường có xác suất sống thêm toàn bộ và sống thêm không sự kiện",{}
NghienCuuMotSoBienDoiDiTruyenVaLienQuanToiKetQuaDieuTriSomOBenhLoXeMiCapDongLymphoTreEmTheoPhacDoFralle2000.md:284,NghienCuuMotSoBienDoiDiTruyenVaLienQuanToiKetQuaDieuTriSomOBenhLoXeMiCapDongLymphoTreEmTheoPhacDoFralle2000.md,284,669,"cao [41],[81],[145],[146]. Theo nghiên cứu của tác giả Pui CH trên 467 bệnh bệnh nhi thuộc viện nghiên cứu St. Jude từ năm 1991 đến năm 1999 với các gen BCR-ABL1, TEL-AML1, E2A-PBX1, MLL-AF4 cho kết quả tỷ lệ lui bệnh cũng như thời gian sống không sự kiện sau 5 năm của nhóm có gen TEL- AML1, E2A-PBX1 là 89,5 ± 7,3% và 88,5 ± 4%, tốt hơn so với nhóm có gen MLL-AF4 và BCR-ABL1 là 26,7 ± 11,4% và 28,6 ± 10,8% [90]. Nghiên cứu tại Pakistan năm 2015 thấy nhóm có MLL-AF4 và nhóm BCR-ABL1 có OS thấp hơn so với các nhóm gen còn lại [147]. Kết quả này chứng tỏ, các biến đổi di truyền được xếp loại trong nghiên cứu có ảnh hưởng đến xác suất sống còn của bệnh nhi B-ALL. d",{}
NghienCuuMotSoBienDoiDiTruyenVaLienQuanToiKetQuaDieuTriSomOBenhLoXeMiCapDongLymphoTreEmTheoPhacDoFralle2000.md:285,NghienCuuMotSoBienDoiDiTruyenVaLienQuanToiKetQuaDieuTriSomOBenhLoXeMiCapDongLymphoTreEmTheoPhacDoFralle2000.md,285,725,". Kết quả này chứng tỏ, các biến đổi di truyền được xếp loại trong nghiên cứu có ảnh hưởng đến xác suất sống còn của bệnh nhi B-ALL. d. Xác suất sống còn liên quan đến một số đột biến dung hợp gen Trong số các bất thường di truyền được phát hiện trong nghiên cứu, đột biến gen BCR-ABL1 và TEL-AML1 chiếm tỷ lệ cao nhất và cũng là hai đột biến gen mang ý nghĩa tiên lượng đã được xác định trong hầu hết các nghiên cứu. Nhằm loại bỏ một số yếu tố có thể ảnh hưởng đến kết quả điều trị như tuổi, số lượng bạch cầu, nghiên cứu đã so sánh xác suất sống còn giữa các bệnh nhi có đột biến gen BCR-ABL1 và bệnh nhi không có BCR-ABL1 trong cùng nhóm B; bệnh nhi có đột biến gen TEL-AML1 và bệnh nhi không có TEL-AML1 trong cùng nhóm A",{}
NghienCuuMotSoBienDoiDiTruyenVaLienQuanToiKetQuaDieuTriSomOBenhLoXeMiCapDongLymphoTreEmTheoPhacDoFralle2000.md:286,NghienCuuMotSoBienDoiDiTruyenVaLienQuanToiKetQuaDieuTriSomOBenhLoXeMiCapDongLymphoTreEmTheoPhacDoFralle2000.md,286,565,". Với đột biến gen BCR-ABL1, biểu đồ 3.16 và 3.17 cho thấy, trong cùng nhóm B, OS và EFS – 12 tháng của nhóm bệnh nhi có BCR-ABL1 đều thấp hơn so với bệnh nhi không có BCR-ABL1 (OS 57,1 ± 11,1% so với 83,1 ± 4,5%; EFS 43,0 ± 11,4% so với 68,2 ± 5,6%). Khác biệt có ý nghĩa với p < 0,05. Chuyển đoạn t(9;22) tạo NST Ph và đột biến gen BCR-ABL1 được coi là ĐBG có tiên lượng xấu nhất trong điều trị ALL trẻ em [40],[41],[81]. Nghiên cứu của Pui CH năm 2009, nhóm BCR-ABL1 có EFS 5 năm là 28,6 ± 10,8% [90]. Nghiên cứu của Mariam Faiz năm 2008 thấy nhóm có BCR-ABL1 có",{}
NghienCuuMotSoBienDoiDiTruyenVaLienQuanToiKetQuaDieuTriSomOBenhLoXeMiCapDongLymphoTreEmTheoPhacDoFralle2000.md:287,NghienCuuMotSoBienDoiDiTruyenVaLienQuanToiKetQuaDieuTriSomOBenhLoXeMiCapDongLymphoTreEmTheoPhacDoFralle2000.md,287,694,"EFS 2 năm là 25%, thấp hơn nhóm không có BCR-ABL1 với EFS 2 năm đạt 75%. Nghiên cứu của tác giả Awan và cộng sự năm 2012 trên 101 bệnh nhi với 5 đột biến gen nhận thấy nhóm BCR-ABL1 có thời gian sống thêm trung bình đạt 43,7 ± 4,24 tuần, thấp hơn so với các nhóm ĐBG khác. Nghiên cứu của Shin J và cộng sự trên 31 trẻ có BCR-ABL1 được điều trị hóa chất kết hợp imatinib và ghép tế bào gốc sau khi đạt lui bệnh cho thấy OS và EFS 5 năm được cải thiện với OS đạt 75 ± 8,3%, EFS đạt 64,5 ± 9,4% [148]. Trong nghiên cứu này, mặc dù có 13/24 bệnh nhi được sử dụng kết hợp thuốc nhắm đích (Imatinib) nhưng OS và EFS 12 tháng của nhóm bệnh nhi này cũng chỉ đạt lần lượt là 57,1 ± 11,1% và 43,0 ± 11,4%",{}
NghienCuuMotSoBienDoiDiTruyenVaLienQuanToiKetQuaDieuTriSomOBenhLoXeMiCapDongLymphoTreEmTheoPhacDoFralle2000.md:288,NghienCuuMotSoBienDoiDiTruyenVaLienQuanToiKetQuaDieuTriSomOBenhLoXeMiCapDongLymphoTreEmTheoPhacDoFralle2000.md,288,854,". Tác giả Kirsten và Martin trong một báo cáo tổng quan đã có những so sánh về hiệu quả điều trị ở những bệnh nhi ALL có BCR-ABL1 trước khi được điều trị kết hợp Imatinib và sau điều trị Imatinib đã cho thấy hiệu quả điều trị được nâng lên rõ rệt từ tỷ lệ sống thêm không sự cố ở mức 30 - 40% lên mức 70 - 80 % trong một số các thử nghiệm của COG, EsPhALL…Tuy nhiên, tác giả cũng khẳng định, để nâng cao hiệu quả điều trị ở những bệnh nhi này, cần kết hợp phương pháp ghép tế bào gốc sau khi đạt được lui bệnh hoàn toàn [149]. Nghiên cứu này cho thấy các bệnh nhi có đột biến gen BCR-ABL1 có kết quả điều trị thấp nhất, phù hợp với kết quả của nhiều nghiên cứu. Đồng thời cho thấy sự phù hợp trong xếp nhóm nguy cơ của phác đồ FRALLE 2000, các bệnh nhi có BCR-ABL1 được xếp vào nhóm nguy cơ rất cao (B2) ngay cả khi chưa đánh giá đáp ứng sớm với điều trị",{}
NghienCuuMotSoBienDoiDiTruyenVaLienQuanToiKetQuaDieuTriSomOBenhLoXeMiCapDongLymphoTreEmTheoPhacDoFralle2000.md:289,NghienCuuMotSoBienDoiDiTruyenVaLienQuanToiKetQuaDieuTriSomOBenhLoXeMiCapDongLymphoTreEmTheoPhacDoFralle2000.md,289,489,". Với đột biến gen TEL-AML1, các bệnh nhi có TEL-AML1 của nhóm A đều có OS và EFS đạt 100%. Nghiên cứu của Cai Thị Thu Ngân trên 46 bệnh nhi có chuyển đoạn t(12;21) tạo đột biến gen TEL-AML1 ghi nhận OS 5 năm là 92,4 ± 4,4%, tỷ lệ sống thêm không bệnh (DFS) 5 năm đạt 90,6 ± 4,5% [78]. Theo nhóm nghiên cứu ALL-AIEOP 91 của Ý và ALL-BFM 90 của Đức, nghiên cứu trên 334 bệnh nhi, tỷ lệ bệnh nhi có đột biến gen TEL-AML1 18,9% và thời gian EFS sau 4 năm giữa nhóm có đột biến gen TEL-AML1 và",{}
NghienCuuMotSoBienDoiDiTruyenVaLienQuanToiKetQuaDieuTriSomOBenhLoXeMiCapDongLymphoTreEmTheoPhacDoFralle2000.md:290,NghienCuuMotSoBienDoiDiTruyenVaLienQuanToiKetQuaDieuTriSomOBenhLoXeMiCapDongLymphoTreEmTheoPhacDoFralle2000.md,290,822,"nhóm không có đột biến gen thứ tự là 90,1% và 79,2% [150]. Nghiên cứu đa trung tâm trên 679 bệnh nhi có TEL-AML1 được điều trị bằng phác đồ NOPHO – ALL – 1992 nhận thấy mặc dù tỷ lệ tái phát muộn trên bệnh nhi khá cao (50%) nhưng OS 5 năm vẫn đạt mức cao với 94% [151]; nghiên cứu của tác giả Jae Wook Lee tại Hàn Quốc trên 63 bệnh nhi có TEL-AML1, EFS 5 năm là 84,1 ± 4,6%, trung vị thời gian tái phát là 28,3 tháng [152]. Nghiên cứu của tác giả Andre Baruchel trên nhóm bệnh nhi nguy cơ chuẩn điều trị bởi phác đồ FRALLE 2000, tỷ lệ EFS tại thời điểm 5 năm của nhóm bệnh nhi có đột biến gen TEL-AML1 là 96,6% [69]. Một số nghiên cứu đa trung tâm khác cũng có nhận định tương tự với bệnh nhi có TEL-AML1 như: nghiên cứu của DCOG và COALL [153], nghiên cứu của Pais và cộng sự [154], nghiên cứu của Anthony V Moorman [145]",{}
NghienCuuMotSoBienDoiDiTruyenVaLienQuanToiKetQuaDieuTriSomOBenhLoXeMiCapDongLymphoTreEmTheoPhacDoFralle2000.md:291,NghienCuuMotSoBienDoiDiTruyenVaLienQuanToiKetQuaDieuTriSomOBenhLoXeMiCapDongLymphoTreEmTheoPhacDoFralle2000.md,291,879,". Theo Andre Baruchel nhận định trên nhóm bệnh nhi được điều trị bởi phác đồ FRALLE 93, bệnh nhi có đột biến gen TEL-AML1 sau tái phát vẫn thường đạt được kết quả tốt hơn so với các nhóm khác [155]. Trong nghiên cứu này, mặc dù các bệnh nhi không có TEL- AML1 trong nhóm A có OS và EFS thấp hơn (95,6 ± 2,2% và 87,9 ± 3,3%) nhưng sự khác biệt không có ý nghĩa thống kê. Điều đó chứng tỏ, dù có hay không có đột biến gen TEL-AML1, các bệnh nhi có đủ các yếu tố được xếp loại vào nhóm nguy cơ chuẩn của phác đồ FRALLE 2000 cũng có kết quả điều trị tốt. Thực tế, trong phác đồ FRALLE 2000, đột biến gen TEL-AML1 không được đưa vào tiêu chí xếp loại nhóm nguy cơ. 4.3.7. Liên quan của một số yếu tố đến xác suất sống còn Nghiên cứu liên quan đơn biến và đa biến nhằm tìm hiểu các yếu tố tác động có ý nghĩa đến xác suất sống còn của bệnh nhi ALL được điều trị với phác đồ FRALLE 2000",{}
NghienCuuMotSoBienDoiDiTruyenVaLienQuanToiKetQuaDieuTriSomOBenhLoXeMiCapDongLymphoTreEmTheoPhacDoFralle2000.md:292,NghienCuuMotSoBienDoiDiTruyenVaLienQuanToiKetQuaDieuTriSomOBenhLoXeMiCapDongLymphoTreEmTheoPhacDoFralle2000.md,292,204,". Phân tích mối liên quan một số yếu tố nguy cơ đến xác suất sống thêm toàn bộ tại thời điểm 12 tháng trên bảng 3.26 nhận thấy các yếu tố: Tuổi, bạch cầu, nguy cơ cao về di truyền, nhạy cảm với corctioid,",{}
NghienCuuMotSoBienDoiDiTruyenVaLienQuanToiKetQuaDieuTriSomOBenhLoXeMiCapDongLymphoTreEmTheoPhacDoFralle2000.md:293,NghienCuuMotSoBienDoiDiTruyenVaLienQuanToiKetQuaDieuTriSomOBenhLoXeMiCapDongLymphoTreEmTheoPhacDoFralle2000.md,293,600,"nhạy cảm hóa trị có tác động có ý nghĩa thống kê với p < 0,01. Các yếu tố như xếp loại miễn dịch, giới tính, CD10 không thấy sự tác động có ý nghĩa thống kê đến xác suất sống thêm toàn bộ (p > 0,05). Kết quả cho thấy, đáp ứng của bệnh nhi trong nghiên cứu khá phù hợp với xếp loại nguy cơ của phác đồ FRALLE 2000. Phân tích đa biến cho thấy, yếu tố nguy cơ cao về di truyền tác động có ý nghĩa thống kê đến xác suất sống thêm toàn bộ với p < 0,05. Nghiên cứu của tác giả Nguyễn Thị Mai Hương cũng thấy bệnh nhi có dưới lưỡng bội NST hoặc có t(9;22) có tác động đến xác suất sống còn của bệnh nhi [72]",{}
NghienCuuMotSoBienDoiDiTruyenVaLienQuanToiKetQuaDieuTriSomOBenhLoXeMiCapDongLymphoTreEmTheoPhacDoFralle2000.md:294,NghienCuuMotSoBienDoiDiTruyenVaLienQuanToiKetQuaDieuTriSomOBenhLoXeMiCapDongLymphoTreEmTheoPhacDoFralle2000.md,294,874,". Nghiên cứu của tác giả Nguyễn Thị Mai Hương cũng thấy bệnh nhi có dưới lưỡng bội NST hoặc có t(9;22) có tác động đến xác suất sống còn của bệnh nhi [72]. Trong nghiên cứu này, các bệnh nhi có biến đổi di truyền thuộc nhóm nguy cơ cao thường mang những đặc điểm sinh học xấu như số lượng bạch cầu cao, tuổi ≥ 10 chiếm tỷ lệ cao, tỷ lệ nhạy cảm corticoid và hóa trị thấp nên có tác động rõ rệt và có thể bao chùm tác động của các yếu tố khác đến xác suất sống thêm toàn bộ của bệnh nhi trong nghiên cứu. Như vậy, trong nghiên cứu này, mặc dù mới đánh giá kết quả điều trị sớm, thời gian theo dõi ngắn nhưng đã bước đầu thấy được sự khác biệt thời gian sống thêm toàn bộ, thời gian sống thêm không sự kiện ở các nhóm nguy cơ theo phác đồ FRALLE 2000 và các nhóm nguy cơ theo biến đổi di truyền nhóm B-ALL, đặc biệt là vai trò độc lập của các biến đổi di truyền có nguy cơ cao",{}
NghienCuuMotSoBienDoiDiTruyenVaLienQuanToiKetQuaDieuTriSomOBenhLoXeMiCapDongLymphoTreEmTheoPhacDoFralle2000.md:295,NghienCuuMotSoBienDoiDiTruyenVaLienQuanToiKetQuaDieuTriSomOBenhLoXeMiCapDongLymphoTreEmTheoPhacDoFralle2000.md,295,266,". Kết quả này cũng cho thấy, cần có nghiên cứu xem xét việc điều chỉnh phác đồ hoặc kết hợp các phương pháp điều trị khác như ghép tế bào gốc, điều trị nhắm đích ở những bệnh nhi có biến đổi di truyền nguy cơ cao nhằm nâng cao hiệu quả điều trị, giảm tỷ lệ tái phát.",{}
NghienCuuMotSoBienDoiDiTruyenVaLienQuanToiKetQuaDieuTriSomOBenhLoXeMiCapDongLymphoTreEmTheoPhacDoFralle2000.md:296,NghienCuuMotSoBienDoiDiTruyenVaLienQuanToiKetQuaDieuTriSomOBenhLoXeMiCapDongLymphoTreEmTheoPhacDoFralle2000.md,296,764,"KẾT LUẬN Nghiên cứu 288 bệnh nhi lơ xê mi cấp dòng lympho được điều trị bằng phác đồ FRALLE 2000 tại Viện Huyết học – Truyền máu Trung ương cho một số kết luận như sau: 1. Đặc điểm các bất thƣờng nhiễm sắc thể và đột biến dung hợp một số gen liên quan tới lơ xê mi cấp dòng lympho trẻ em theo phác đồ FRALLE 2000: - Xác định bất thường nhiễm sắc thể và đột biến dung hợp một số gen: + Tỷ lệ phát hiện bất thường NST thấp (13,8%); bất thường cấu trúc chiếm tỷ lệ cao hơn bất thường số lượng, thường gặp nhất là chuyển đoạn NST; trên lưỡng bội NST chiếm tỷ lệ chủ yếu trong số bệnh nhi có bất thường số lượng NST. + Tỷ lệ phát hiện 4 đột biến dung hợp gen khảo sát là 28,1%, theo thứ tự lần lượt là TEL-AML1 (13,5%), BCR-ABL1 (8,3%), E2A-PBX1 (3,5%), MLL- AF4 (2,8%)",{}
NghienCuuMotSoBienDoiDiTruyenVaLienQuanToiKetQuaDieuTriSomOBenhLoXeMiCapDongLymphoTreEmTheoPhacDoFralle2000.md:297,NghienCuuMotSoBienDoiDiTruyenVaLienQuanToiKetQuaDieuTriSomOBenhLoXeMiCapDongLymphoTreEmTheoPhacDoFralle2000.md,297,885,". + Tỷ lệ phát hiện 4 đột biến dung hợp gen khảo sát là 28,1%, theo thứ tự lần lượt là TEL-AML1 (13,5%), BCR-ABL1 (8,3%), E2A-PBX1 (3,5%), MLL- AF4 (2,8%). - Mối liên quan giữa nhóm nguy cơ theo biến đổi di truyền nhóm B –ALL và xếp loại nhóm nguy cơ theo phác đồ FRALLE 2000: + Nhóm nguy cơ thấp theo biến đổi di truyền có nhiều đặc điểm tiên lượng tốt về tuổi, số lượng bạch cầu; 75% được xếp loại vào nhóm nguy cơ chuẩn của phác đồ FRALLE 2000. + Nhóm nguy cơ cao theo biến đổi di truyền mang nhiều đặc điểm tiên lượng xấu về tuổi và số lượng bạch cầu tại thời điểm chẩn đoán; 97,1% được xếp loại vào nhóm nguy cơ cao của phác đồ FRALLE 2000. 2. Đánh giá kết quả điều trị sớm và liên quan tới một số bất thƣờng di truyền ở trẻ lơ xê mi cấp dòng lympho theo phác đồ FRALLE 2000: – Phác đồ FRALLE 2000 là phác đồ có hiệu quả trên bệnh nhi lơ xê mi cấp dòng lympho trẻ em tại Việt Nam:",{}
NghienCuuMotSoBienDoiDiTruyenVaLienQuanToiKetQuaDieuTriSomOBenhLoXeMiCapDongLymphoTreEmTheoPhacDoFralle2000.md:298,NghienCuuMotSoBienDoiDiTruyenVaLienQuanToiKetQuaDieuTriSomOBenhLoXeMiCapDongLymphoTreEmTheoPhacDoFralle2000.md,298,436,"+ Đáp ứng lui bệnh sau điều trị tấn công cao (90,3%), tỷ lệ tử vong trong điều trị tấn công thấp (1,7%), đa số bệnh nhi đạt mức MRD 0,01-0,1%, tỷ lệ tái phát chung khá cao (29,1%). OS-12 tháng đạt 88,7 ± 2,0%, EFS-12 tháng 76,7 ± 2,7%. + Tỷ lệ tái phát, OS và EFS 12 tháng có sự khác biệt giữa các nhóm nguy cơ xếp loại theo phác đồ FRALLE 2000: Nhóm A có OS, EFS cao nhất, nhóm B có OS và EFS thấp nhất, nhóm T có OS cao nhưng EFS thấp",{}
NghienCuuMotSoBienDoiDiTruyenVaLienQuanToiKetQuaDieuTriSomOBenhLoXeMiCapDongLymphoTreEmTheoPhacDoFralle2000.md:299,NghienCuuMotSoBienDoiDiTruyenVaLienQuanToiKetQuaDieuTriSomOBenhLoXeMiCapDongLymphoTreEmTheoPhacDoFralle2000.md,299,622,". - Mối liên quan giữa một số biến đổi di truyền lơ xê mi cấp dòng lympho B đến kết quả điều trị sớm ở bệnh nhi cho thấy vai trò của một số biến đổi di truyền và xếp nhóm nguy cơ theo di truyền: + Có khác biệt về kết quả đáp ứng sớm, đáp ứng sau điều trị tấn công, OS và EFS giữa các nhóm nguy cơ theo biến đổi di truyền B-ALL: Nhóm nguy cơ cao có OS và EFS thấp nhất trong các nhóm, bệnh nhi có đột biến gen BCR-ABL1 có OS và EFS thấp hơn bệnh nhi khác trong cùng phân nhóm của phác đồ. + Yếu tố nguy cơ cao về biến đổi di truyền tác động độc lập và có ý nghĩa đến xác suất sống thêm toàn bộ của nhóm bệnh nhi nghiên cứu.",{}
NghienCuuMotSoBienDoiDiTruyenVaLienQuanToiKetQuaDieuTriSomOBenhLoXeMiCapDongLymphoTreEmTheoPhacDoFralle2000.md:300,NghienCuuMotSoBienDoiDiTruyenVaLienQuanToiKetQuaDieuTriSomOBenhLoXeMiCapDongLymphoTreEmTheoPhacDoFralle2000.md,300,831,"KIẾN NGHỊ

1. Thực hiện xét nghiệm phát hiện bất thường nhiễm sắc thể và một số đột biến dung hợp gen có ý nghĩa để xếp loại nhóm nguy cơ ở bệnh nhi bị lơ xê mi cấp dòng lympho trước khi điều trị. 2. Bệnh nhi lơ xê mi cấp dòng lympho B có biến đổi di truyền thuộc nhóm nguy cơ cao và nhóm lơ xê mi cấp dòng lympho T nên được xem xét các phương án điều trị thay thế hoặc phối hợp các phương pháp như điều trị nhắm đích, ghép tế bào gốc nhằm đạt kết quả cao hơn, giảm tỷ lệ tái phát.

PHỤ LỤC NGHIÊN CỨU MỘT SỐ HÌNH ẢNH NHIỄM SẮC THỂ BỆNH NHI NGHIÊN CỨU

Hình 1. Hình ảnh NST bệnh nhi mã 18045426 46,XY,t(9;22) tạo NST Philadelphia (Ph)

Hình 2. Hình ảnh NST bệnh nhi mã 17023232 46,XX/46,XX,t(1;19)

Hình 3. Hình ảnh NST bệnh nhi mã 17002618 46,XX[10]/46,XX,t(4;11)[10]

Hình 4. Hình ảnh NST bệnh nhi mã 1920031048 45,XX,-20,del(9p)",{}
NghienCuuMotSoBienDoiDiTruyenVaLienQuanToiKetQuaDieuTriSomOBenhLoXeMiCapDongLymphoTreEmTheoPhacDoFralle2000.md:301,NghienCuuMotSoBienDoiDiTruyenVaLienQuanToiKetQuaDieuTriSomOBenhLoXeMiCapDongLymphoTreEmTheoPhacDoFralle2000.md,301,797,"Hình 3. Hình ảnh NST bệnh nhi mã 17002618 46,XX[10]/46,XX,t(4;11)[10]

Hình 4. Hình ảnh NST bệnh nhi mã 1920031048 45,XX,-20,del(9p)

Hình 5. Hình ảnh NST bệnh nhi mã 16030362 56,XY,+X, +4, +6, +14, +18, +21, +21, +mar, +mar, +mar.

MỘT SỐ HÌNH ẢNH ĐIỆN DI SẢN PHẨM PCR BỆNH NHI NGHIÊN CỨU

Hình 6. Hình ảnh điện di gen TEL-AML1 trên gel agarose Giếng 416: Bệnh nhi 17033057 Giếng NC: Chứng (-) Giếng M: Thang chuẩn Giếng TEL: Chứng (+) Giếng H2O: Chứng nước

Hình 7. Hình ảnh điện di gen MLL-AF4 trên gel agarose Giếng 269: Bệnh nhi 18002529 Giếng NC: Chứng (-) Giếng M: Thang chuẩn Giếng +AF4: Chứng (+) Giếng H2O: Chứng nước

Hình 8. Hình ảnh điện di gen E2A-PBX1 trên gel agarose Giếng 115: Bệnh nhi 16023110 Giếng NC: Chứng (-) Giếng M: Thang chuẩn Giếng +E2A: Chứng (+) Giếng H2O: Chứng nước",{}
NghienCuuMotSoBienDoiDiTruyenVaLienQuanToiKetQuaDieuTriSomOBenhLoXeMiCapDongLymphoTreEmTheoPhacDoFralle2000.md:302,NghienCuuMotSoBienDoiDiTruyenVaLienQuanToiKetQuaDieuTriSomOBenhLoXeMiCapDongLymphoTreEmTheoPhacDoFralle2000.md,302,344,"Hình 8. Hình ảnh điện di gen E2A-PBX1 trên gel agarose Giếng 115: Bệnh nhi 16023110 Giếng NC: Chứng (-) Giếng M: Thang chuẩn Giếng +E2A: Chứng (+) Giếng H2O: Chứng nước

Hình 9. Hình ảnh điện di gen BCR-ABL1 p190 trên gel agarose Giếng 366: Bệnh nhi 1920031048 Giếng NC: Chứng (-) Giếng M: Thang chuẩn Giếng +P1: Chứng (+) Giếng H2O: Chứng nước",{}
NghienCuuMotSoBienDoiDiTruyenVaLienQuanToiKetQuaDieuTriSomOBenhLoXeMiCapDongLymphoTreEmTheoPhacDoFralle2000.md:303,NghienCuuMotSoBienDoiDiTruyenVaLienQuanToiKetQuaDieuTriSomOBenhLoXeMiCapDongLymphoTreEmTheoPhacDoFralle2000.md,303,796,"PHỤ LỤC MỘT SỐ QUY TRÌNH KỸ THUẬT TRONG NGHIÊN CỨU 1. Quy trình và hoá chất, sinh phẩm để làm xét nghiệm nhiễm sắc thể tế bào tuỷ xƣơng: + Nuôi cấy tế bào tuỷ xương:  Môi trường RPMI 1640 (+ L- Glutamin, + 25mM Hepes, Gibco) + Thu hoạch:  Dung dịch Colcemide 0,010/00;  Huyết thanh bào thai bê (Biowest);  Dung dịch nhược trương: KCL 0,075M (PH=7,4) (Merk);  Acid acetic 5%;  Methanol tuyệt đối;  Kháng sinh streptomycin + Penicillin + Nhuộm Giemsa: Hoá chất nhuộm Giêmsa 10% (Merk) + Nhuộm băng G:  Trypsin  Đệm pH 6,8 (KH2PO4: 9,1g/l; Na2HPO4.2H2O: 11,5g/l)  Nước muối 9‰ 2. Quy trình, hoá chất, sinh phẩm để làm xét nghiệm PCR: Theo quy trình của Biomed-1 [156]: + Tách chiết ARN từ tế bào bạch cầu ở tuỷ xương chống đông EDTA bằng kit E.Z.N.A Blood RNA mini kit:  NTL Lysis Buffer;",{}
NghienCuuMotSoBienDoiDiTruyenVaLienQuanToiKetQuaDieuTriSomOBenhLoXeMiCapDongLymphoTreEmTheoPhacDoFralle2000.md:304,NghienCuuMotSoBienDoiDiTruyenVaLienQuanToiKetQuaDieuTriSomOBenhLoXeMiCapDongLymphoTreEmTheoPhacDoFralle2000.md,304,876," Cồn 70%;  RWF Wash Buffer;  RNA Wash Buffer II;  Cột Homogenizer;  Cột Hibind RNA Mini;  DEPC Water. + Tổng hợp cADN từ ARN đã tách chiết. + Xác định đột biến gen E2A-PBX1; MLL-AF4; TEL-AML1 bằng phương pháp RT-PCR đơn cho từng đột biến dung hợp gen.  H2O;  10X PCR Buffer;  dNTPs 2.5mM;  MgCl2 25mM;  Jumstaq Taq pol;  Sản phẩm cADN;  Mồi cho phản ứng PCR: Các trình tự mồi như sau: Mồi E2A-PBX1: E2A-A: 5’ CAC CAG CCT CAT GCA CAA C 3’ PBX1-B: 5’ TCG CAG GAG ATT CAT CAC G 3’ Mồi MLL-AF4: AF4-D: 5’ CGT TCC TTG CTG AGA ATT TG 3’ MLL-E5: 5’ AAG CCC GTC GAG GAA AAG 3’ Mồi TEL-AML1:

TEL-A: 5’ TGC ACC CTC TGA TCC TGA AC 3’ AML1-B: 5’ AAC GCC TCG CTC ATC TTG C 3’ + Xác định đột biến gen BCR-ABL1: Kỹ thuật Nested –PCR p190, p210:  Fideli Taq RT-PCR MM Taq Platium;  Taq PCR MM 2X;  ARN;  H2O;  Mồi BCR-ABL1 p190:

ABL-a3-B: 5’ GTT TGG GCT TCA CAC CAT TCC 3’",{}
NghienCuuMotSoBienDoiDiTruyenVaLienQuanToiKetQuaDieuTriSomOBenhLoXeMiCapDongLymphoTreEmTheoPhacDoFralle2000.md:305,NghienCuuMotSoBienDoiDiTruyenVaLienQuanToiKetQuaDieuTriSomOBenhLoXeMiCapDongLymphoTreEmTheoPhacDoFralle2000.md,305,391,"ABL-a3-B: 5’ GTT TGG GCT TCA CAC CAT TCC 3’

ABL-a3-D: 5’ TTC CCC ATT GTG ATT ATA GCC TA 3’

BCR- e1- A: 5’ GAC TGC AGC TCC AAT GAG AAC 3’

BCR- e1- C: 5’ CAG AAC TCG CAA CAG TCC TTC 3’  Mồi BCR-ABL1 p210: - BCR-b1-A 5' GAA GTG TTT CAG AAG CTT CTC C 3’ - ABL-a3-B 5' GTT TGG GCT TCA CAC CAT TCC 3' - BCR-b2-C 5' CAG ATG CTG ACC AAC TCG TGT 3' - ABL-a3-D 5' TTC CCC ATT GTG ATT ATA GCC TA 3'",{}
NghienCuuMotSoBienDoiDiTruyenVaLienQuanToiKetQuaDieuTriSomOBenhLoXeMiCapDongLymphoTreEmTheoPhacDoFralle2000.md:306,NghienCuuMotSoBienDoiDiTruyenVaLienQuanToiKetQuaDieuTriSomOBenhLoXeMiCapDongLymphoTreEmTheoPhacDoFralle2000.md,306,713,"Bảng 1. Chu trình phản ứng và kích thƣớc băng sản phẩm các gen đột biến BCR-ABL1, MLL-AF4, E2A-PBX1, TEL-AML1 Gen đột biến Chu trình phản ứng Kiểu đột biến gen Kích thƣớc sản phẩm BCR-ABL1 45o 30’ - 95o 3’ (94o 1’ - 57o 50” - 72o 50”) x 72o 8’ - 15o  P190 (e1a2) 481 bp P210 (b2a2) 310 bp P210 (b3a2) 385 bp P210 (b3a3)* 211 bp MLL-AF4  Tổng hợp cDNA 25o 10’ - 42o 60’ - 85o 5’  PCR 95o 3’ (95o 20” - 64o 30” - 72o 40”) x 72o 5’ - 15o  e8e7* 270 bp e8e4* 439 bp e9e5 468 bp e9e4 513 bp e10e6* 513 bp e10e5* 600 bp e10e4 645 bp e11e6* 627 bp e11e5* 714 bp e11e4 759 bp E2A-PBX1 như chu trình MLL-AF4 Standard 372 bp variant (+27 bp) 399 bp TEL-AML1 như chu trình MLL-AF4 Standard 298 bp variant (-39 bp) 259 bp",{}
NghienCuuMotSoBienDoiDiTruyenVaLienQuanToiKetQuaDieuTriSomOBenhLoXeMiCapDongLymphoTreEmTheoPhacDoFralle2000.md:307,NghienCuuMotSoBienDoiDiTruyenVaLienQuanToiKetQuaDieuTriSomOBenhLoXeMiCapDongLymphoTreEmTheoPhacDoFralle2000.md,307,725,"PHỤ LỤC BỆNH ÁN NGHIÊN CỨU I. HÀNH CHÍNH 1. Họ tên……………………...Giới………Tuổi……..Mã bệnh nhi:……… 2. Ngày vào viện…………… Ngày ra viện đợt 1……………………........ 3. Địa chỉ……………………………………………………………………. 4. Lý do vào viện…………………………………………………………… II. CHUYÊN MÔN 1. Lâm sàng trước điều trị 1.  Sốt

5.  Gan to 2.  Thiếu máu

6.  Hạch to

3.  XHDD

7.  Biểu hiện thâm nhiễmTKTW 4.  Lách to

8.  Đau xươn 2. Cận lâm sàng 2.1. Tế bào máu ngoại vi. BC……G/l Blast….% HC ….T/L Hb…….g/l RET…% TC…G/L 2.2. Tủy đồ SLTB tủy……G/L Tỷ lệ tế bào blast……% Chẩn đoán:……………………1.L1

2.L2

3.L3 2.3. Xếp loại miễn dịch: 1. Lympho B

2. Lympho T Dương tính: Tỷ lệ % dương tính 2.4. Công thức nhiễm sắc thể 1. Bình thường 2. Bất thường số lượng: ………….",{}
NghienCuuMotSoBienDoiDiTruyenVaLienQuanToiKetQuaDieuTriSomOBenhLoXeMiCapDongLymphoTreEmTheoPhacDoFralle2000.md:308,NghienCuuMotSoBienDoiDiTruyenVaLienQuanToiKetQuaDieuTriSomOBenhLoXeMiCapDongLymphoTreEmTheoPhacDoFralle2000.md,308,889,"2.L2

3.L3 2.3. Xếp loại miễn dịch: 1. Lympho B

2. Lympho T Dương tính: Tỷ lệ % dương tính 2.4. Công thức nhiễm sắc thể 1. Bình thường 2. Bất thường số lượng: ………….

3. Bất thường cấu trúc:…………. 2.5. Đột biến gen 1.  Không có đột biến gen 2.  Có đột biến gen:  Gen TEL-AML1  Gen E2A-PBX1  Gen BCR-ABL1  Gen MLL-AF4 2.6. Siêu âm:……………………………………………………………..... 2.7. X- Quang:……………………………………………………………... 3. Kết quả điều trị:

- Huyết đồ ngày 8: Blast máu ngoại vi ngày 8: 1. ≤1 G/L 2.  >1 G/L - Tủy đồ ngày 21: SLTB:……………………Blast…..% 1. ≤ 5% 2.  6-25% 3. > 25% - Tủy đồ sau điều trị tấn công: KQ: 1.  Lui bệnh hoàn toàn (CR)

2. Lui bệnh không hoàn toàn (CRi)

3.  Không lui bệnh (NR)

4.  Tử vong - MRD sau điều trị tấn công:……% KQ: 1.  MRD < 0,01%

2.  0,01% ≤MRD<0,1%

3.  0,1% ≤MRD<1% 4.  MRD ≥1%

- Tái phát sau điều trị: 1.  Tủy xương

2.  Thần kinh trung ương",{}
NghienCuuMotSoBienDoiDiTruyenVaLienQuanToiKetQuaDieuTriSomOBenhLoXeMiCapDongLymphoTreEmTheoPhacDoFralle2000.md:309,NghienCuuMotSoBienDoiDiTruyenVaLienQuanToiKetQuaDieuTriSomOBenhLoXeMiCapDongLymphoTreEmTheoPhacDoFralle2000.md,309,318,"2.  0,01% ≤MRD<0,1%

3.  0,1% ≤MRD<1% 4.  MRD ≥1%

- Tái phát sau điều trị: 1.  Tủy xương

2.  Thần kinh trung ương

3.  Tinh hoàn 4.  Khác - Đánh giá kết quả điều trị tại thời điểm 12 tháng sau điều trị: 1.  Sống

2.  Sống không sự kiện

3.  Tử vong

DANH MỤC CÁC BÀI BÁO VÀ CÔNG TRÌNH LIÊN QUAN ĐẾN LUẬN ÁN",{}
NghienCuuMotSoBienDoiDiTruyenVaLienQuanToiKetQuaDieuTriSomOBenhLoXeMiCapDongLymphoTreEmTheoPhacDoFralle2000.md:310,NghienCuuMotSoBienDoiDiTruyenVaLienQuanToiKetQuaDieuTriSomOBenhLoXeMiCapDongLymphoTreEmTheoPhacDoFralle2000.md,310,801,"2.  Sống không sự kiện

3.  Tử vong

DANH MỤC CÁC BÀI BÁO VÀ CÔNG TRÌNH LIÊN QUAN ĐẾN LUẬN ÁN

1. Characteristics of immunologic markers in pediatric acute lymphoblastic leucemia with genetic mutation at national insitute of hematology and blood transfusion from 2016 to 2018, Journal of clinical medicine, Hue Central Hospital, No.51/2018, ISSN 1859- 3895, p12-18. 2. Đặc điểm một số chỉ số tế bào máu ngoại vi và tuỷ xương với một số biến đổi gen ở bệnh nhi lơ xê mi cấp dòng lympho tại Viện Huyết học – Truyền máu Trung ương, Y học TP. Hồ Chí Minh, tập 23, số 6, 2019, ISSN 1859-1779. p 209-215. 3. Đánh giá kết quả sớm của điều trị lơ xê mi cấp dòng lympho trẻ em theo biến đổi gen tại Viện Huyết học – Truyền máu Trung ương. Y học TP. Hồ Chí Minh, tập 23, số 6, 2019, ISSN 1859-1779. p 215-223.",{}
NghienCuuMotSoBienDoiDiTruyenVaLienQuanToiKetQuaDieuTriSomOBenhLoXeMiCapDongLymphoTreEmTheoPhacDoFralle2000.md:311,NghienCuuMotSoBienDoiDiTruyenVaLienQuanToiKetQuaDieuTriSomOBenhLoXeMiCapDongLymphoTreEmTheoPhacDoFralle2000.md,311,886,"1. Hunger P. Stephen, Mullighan Charles (2015). Acute Lymphoblastic Leukemia in Children. the New England of Journal Medicine. 373, 1541-52. 2. Lê Thanh Chang, Huỳnh Nghĩa, Bùi Trang Tước (2006). Điều trị bệnh bạch cầu cấp ở trẻ em tại BV truyền máu và huyết học, TP. Hồ Chí Minh. Y học thực hành. 545, 247-251. 3. Nguyễn Công Khanh, Dương Bá Trực, Trần Thị Hồng Hà (2004). Nghiên cứu ứng dụng tiến bộ kỹ thuật nâng cao chất lượng phân loại, điều trị lơxêmi cấp ở trẻ em. Nhi khoa. 13(1), 3-7. 4. Trần Thị Hồng Hà, Phan Thị Phi Phi, Nguyễn Công Khanh (2006). Một số đặc điểm miễn dịch ở trẻ em lơxêmi cấp dòng lympho tại Bệnh viện nhi trung ương. Y học thực hành,. 545, 69-72. 5. Nguyễn Triệu Vân, Đỗ Trung Phấn, Nguyễn Anh Trí (2006). Ứng dụng phương pháp miễn dịch trong chẩn đoán phân loại một số thể bệnh của lơxêmi cấp. Y học thực hành. 545, 90-102. 6. Armstrong SA, Look AT (2005)",{}
NghienCuuMotSoBienDoiDiTruyenVaLienQuanToiKetQuaDieuTriSomOBenhLoXeMiCapDongLymphoTreEmTheoPhacDoFralle2000.md:312,NghienCuuMotSoBienDoiDiTruyenVaLienQuanToiKetQuaDieuTriSomOBenhLoXeMiCapDongLymphoTreEmTheoPhacDoFralle2000.md,312,628,". Ứng dụng phương pháp miễn dịch trong chẩn đoán phân loại một số thể bệnh của lơxêmi cấp. Y học thực hành. 545, 90-102. 6. Armstrong SA, Look AT (2005). Molecular genetics of acute lymphoblastic leukemia. J Clin Oncol. 23(26), 6306-6315. 7. Rubnitz JE, Harrisonn PL, Rivera G (2002). Childhood acute lymphoblastic leukemia. Oncologist. 2, 374-380. 8. Schultz KR, Pullen DJ, Sather HN (2007). Risk and response-based classification of childhood B-precursor acute lymphoblastic leukemia: a combined analysis of prognostic markers from the Pediatric Oncology Group (POG) and Children's Cancer Group (CCG). Blood. 109(3), 926- 935.",{}
NghienCuuMotSoBienDoiDiTruyenVaLienQuanToiKetQuaDieuTriSomOBenhLoXeMiCapDongLymphoTreEmTheoPhacDoFralle2000.md:313,NghienCuuMotSoBienDoiDiTruyenVaLienQuanToiKetQuaDieuTriSomOBenhLoXeMiCapDongLymphoTreEmTheoPhacDoFralle2000.md,313,792,"9. Coustan-Smith E, Sancho J, Behm FG (2002). Prognostic importance of measuring early clearance of leukemic cells by flow cytometry in childhood acute lymphoblastic leukemia. Blood. 100(1), 52-58. 10. Bjorklund E, Mazur J, Soderhall S (2003). Flow cytometric follow-up of minimal residual disease in bone marrow gives prognostic information in children with acute lymphoblastic leukemia. Leukemia. 17, 138-148. 11. Ngô Thị Minh Thy (2006). Đánh giá hiệu quả điều trị bạch cầu cấp dòng lympho trẻ em bằng phác đồ FRALL 93. Luận văn Thạc sĩ y học. Đại học Y Dược TP Hồ Chí Minh. 12. Nguyễn Hoàng Nam (2006). Nghiên cứu một số đặc điểm lâm sàng, cận lâm sàng lơ xê mi cấp thể nguy cơ cao ở trẻ em tại bệnh viện nhi trung ương,. Luận văn thạc sỹ. Trường Đại học Y Hà Nội. 13. Bùi Ngọc Lan (2008)",{}
NghienCuuMotSoBienDoiDiTruyenVaLienQuanToiKetQuaDieuTriSomOBenhLoXeMiCapDongLymphoTreEmTheoPhacDoFralle2000.md:314,NghienCuuMotSoBienDoiDiTruyenVaLienQuanToiKetQuaDieuTriSomOBenhLoXeMiCapDongLymphoTreEmTheoPhacDoFralle2000.md,314,728,". Luận văn thạc sỹ. Trường Đại học Y Hà Nội. 13. Bùi Ngọc Lan (2008). Nghiên cứu lâm sàng, cận lâm sàng bệnh lơ xê mi cấp dòng lympho và điều trị thể nguy cơ không cao ở trẻ em. Luận án tiến sỹ. Trường Đại học Y Hà Nội. 14. Trần Thị Hồng Hà (2004). Nghiên cứu đặc điểm, giá trị tiên lượng của một số yếu tố sinh học và lâm sàng ở trẻ em bị lơxêmi cấp dòng lympho tại Bệnh viện nhi trung ương. Luận án Tiến sĩ y học,. Trường Đại học Y Hà Nội, Hà Nội. 15. Andrea biondi, Giuseppe masera (1998). Molecular pathogenesis of childhood acute lymphoblastic leukemia. Haematologica. 83, 651-659. 16. Tsila Zuckerman, Jacob M. Rowe (2014). Pathogenesis and prognostication in acute lymphoblastic leukemia. F1000 Prime Reports. 6(59), 1-5.",{}
NghienCuuMotSoBienDoiDiTruyenVaLienQuanToiKetQuaDieuTriSomOBenhLoXeMiCapDongLymphoTreEmTheoPhacDoFralle2000.md:315,NghienCuuMotSoBienDoiDiTruyenVaLienQuanToiKetQuaDieuTriSomOBenhLoXeMiCapDongLymphoTreEmTheoPhacDoFralle2000.md,315,877,"17. Michael Fiegl, W. Hiddemann (2016). Chapter 2: Epidemiology, pathogenesis, and etiology of acute leukemia, Handbook of Acute Leukemia, Springer International Publishing, Switzerland, 3-13. 18. Almalte Z, Samarani S, Lannello A (2011). Novel associations between activating killer-cell immunoglobulin-like receptor genes and childhood leukemia. Blood. 118(5), 1323-8. 19. Buffler PA, et al. (2005). Environmental and genetic risk factors for childhood leukemia: appraising the evidence. Cancer Invest. 23(1), 60-75. 20. Chang JS (2010). Genetic polymorphisms in adaptive immunity genes and childhood acute lymphoblastic leukemia. Cancer Epidemiol Biomarkers Preview. 9(9), 2152-63. 21. Croce CM (2008). Oncogenes and cancer. N Engl J Med. 358(5), 502-11. 22. Finch SC (2007). Radiation-induced leukemia: Lessons from history. Best Pract Res Clin Haematol. 20(1), 109-118. 23",{}
NghienCuuMotSoBienDoiDiTruyenVaLienQuanToiKetQuaDieuTriSomOBenhLoXeMiCapDongLymphoTreEmTheoPhacDoFralle2000.md:316,NghienCuuMotSoBienDoiDiTruyenVaLienQuanToiKetQuaDieuTriSomOBenhLoXeMiCapDongLymphoTreEmTheoPhacDoFralle2000.md,316,886,". Oncogenes and cancer. N Engl J Med. 358(5), 502-11. 22. Finch SC (2007). Radiation-induced leukemia: Lessons from history. Best Pract Res Clin Haematol. 20(1), 109-118. 23. Terrie et al Yvette C (2016). Advances in the Treatment of Pediatric Acute Lymphoblastic Leukemia. US Pharm. 41(5), 3-7. 24. M. P. Gallegos-Arreola, C. Borjas-Gutiérrez (2013). Chapter 3: Pathophysiology of Acute Lymphoblastic Leukemia, Clinical Epidemiology of Acute Lymphoblastic Leukemia - From the Molecules to the Clinic, http://dx.doi.org/10.5772/54652, IntechOpen, Mexico, 43-73. 25. Judith FM, Steuber CP, Poplack DG (2005). Chapter 19: Acute lymphoblastic leukemia, Principles and Practice of Pediatric Oncology, Lippincott Williams & Wilkins Publishers, USA, 5th, 538-591. 26. Jernal A, Siegel R, Xu J (2010). Cancer Statistic. CA Cancer J Clin. 60, 277- 300. 27. Howlader N, Noone AM, Kracho M (2014)",{}
NghienCuuMotSoBienDoiDiTruyenVaLienQuanToiKetQuaDieuTriSomOBenhLoXeMiCapDongLymphoTreEmTheoPhacDoFralle2000.md:317,NghienCuuMotSoBienDoiDiTruyenVaLienQuanToiKetQuaDieuTriSomOBenhLoXeMiCapDongLymphoTreEmTheoPhacDoFralle2000.md,317,300,". 26. Jernal A, Siegel R, Xu J (2010). Cancer Statistic. CA Cancer J Clin. 60, 277- 300. 27. Howlader N, Noone AM, Kracho M (2014). Childhood cancer by the ICCC, SEER Cancer Statistic Review, 1975- 2010, https://seer.cancer.gov/archive/csr/1975_2010/results_merged/sect_29_ childhood_cancer_iccc.pdf,",{}
NghienCuuMotSoBienDoiDiTruyenVaLienQuanToiKetQuaDieuTriSomOBenhLoXeMiCapDongLymphoTreEmTheoPhacDoFralle2000.md:318,NghienCuuMotSoBienDoiDiTruyenVaLienQuanToiKetQuaDieuTriSomOBenhLoXeMiCapDongLymphoTreEmTheoPhacDoFralle2000.md,318,873,"28. Ribeiro RC, Antillon F, Pedrosa F (2015). Global Peditric Oncology: Lessons from partnerships between High- Income countries and Low- to Mid- Income countries. J Clin Oncol. 33, 1-9. 29. Shu XO, Potter ID, Linet MS (2002). Diagnostic X-rays and ultrasound exposure and risk of childhood acute lymphoblastic leukemia by immunophenotype. Cancer Epidemiol Biomarkers Preview. 11, 177-185. 30. Rodriguez- Galindo C, Friedrich P, Alcasabas P (2015). Toward the cure of all children with cancer through collaborative efforts: Pediatric Oncology as a global challenge. 33. 27, 3065-3073. 31. Nguyễn Công Khanh, Bùi Ngọc Lan, Trần Đức Hậu (1996). Bệnh ung thư vào điều trị tại Viện bảo vệ sức khỏe trẻ em 1991- 1995. Nhi khoa. 5(1), 156-62. 32. Mai Lan (2015). Nghiên cứu mô hình bệnh máu và cơ quan tạo máu trẻ em tại Viện Huyết học – Truyền máu Trung ương giai đoạn 2013-2015",{}
NghienCuuMotSoBienDoiDiTruyenVaLienQuanToiKetQuaDieuTriSomOBenhLoXeMiCapDongLymphoTreEmTheoPhacDoFralle2000.md:319,NghienCuuMotSoBienDoiDiTruyenVaLienQuanToiKetQuaDieuTriSomOBenhLoXeMiCapDongLymphoTreEmTheoPhacDoFralle2000.md,319,843,". Nhi khoa. 5(1), 156-62. 32. Mai Lan (2015). Nghiên cứu mô hình bệnh máu và cơ quan tạo máu trẻ em tại Viện Huyết học – Truyền máu Trung ương giai đoạn 2013-2015. Luận văn bác sỹ chuyên khoa II. Viện Huyết học – Truyền máu Trung ương. 33. Nguyễn Công Khanh (2004). Huyết học lâm sàng nhi khoa, Nhà xuất bản Y học, Hà Nội. 34. Viện Huyết học – Truyền máu Trung ương (2014). Lơ xê mi cấp dòng lympho trẻ em, Hướng dẫn chẩn đoán và điều trị bệnh lý Huyết học, Nhà xuất bản y học, Hà Nội, 23-46. 35. Van Eys J, Pullen J, Head D (1986). The Franch-American-British (FAB) classification of leukemia. The Pediatric Oncology Group experience with lymphocytic leukemia. Cancer. 57(6), 1046-1051. 36. Anber A.D (2016). The 2016 revision to the World Health Organization classification of myeloid neoplasms and acute leukemia. Blood. 127(20), 2391-2405.",{}
NghienCuuMotSoBienDoiDiTruyenVaLienQuanToiKetQuaDieuTriSomOBenhLoXeMiCapDongLymphoTreEmTheoPhacDoFralle2000.md:320,NghienCuuMotSoBienDoiDiTruyenVaLienQuanToiKetQuaDieuTriSomOBenhLoXeMiCapDongLymphoTreEmTheoPhacDoFralle2000.md,320,765,"37. Bene MC (1995). Proposals for the immunological classification of acute leukemias. European Group for the Immunological Characterization of Leukemias (EGIL). Leukemia. 9, 1783-1786. 38. Van Dongen (2002). Immunophenobiology of leukemia. Leukemia. 7, 88-135. 39. Smith M, Arthur D, Camitta B (1996). Uniform approach to risk classification and treatment assignment for children with acute lymphoblastic leukemia. J Clin Oncology. 11, 18-24. 40. Hunger SP, Mullighan CG (2015). Redefining ALL classification: toward detecting high risk ALL and implementing precision medicine. Blood. 125(26), 3977-87. 41. Pui C.H (2011). Biology, risk stratification, and therapy of pediatric acute leukemias: an update. J Clin Oncology. 29(5), 551-65. 42. Yeoh AE, et al. (2013)",{}
NghienCuuMotSoBienDoiDiTruyenVaLienQuanToiKetQuaDieuTriSomOBenhLoXeMiCapDongLymphoTreEmTheoPhacDoFralle2000.md:321,NghienCuuMotSoBienDoiDiTruyenVaLienQuanToiKetQuaDieuTriSomOBenhLoXeMiCapDongLymphoTreEmTheoPhacDoFralle2000.md,321,876,". 41. Pui C.H (2011). Biology, risk stratification, and therapy of pediatric acute leukemias: an update. J Clin Oncology. 29(5), 551-65. 42. Yeoh AE, et al. (2013). Management of adult and paediatric acute lymphoblastic leukaemia in Asia: resourcestratified guidelines from the Asian Oncology Summit 2013. Lancet Oncology. 14(12), 508-523. 43. Terwilliger, M Abdul-Hay (2017). Acute lymphoblastic leukemia: a comprehensive review and 2017 update. Blood Cancer Journal. 7(6), 1-12. 44. Hoelzer (2011). Novel Antibody-Based Therapies For Acute Lymphoblastic Leukemia. Current management issues in acute lymphocytic leukemia. . Hematology. (243-249). 45. Lewis B Silverman (2010). Section A - 1: Childhood acute lymphoblastic leukemia: Currently Applied prognostic factors, SIOP education Book 2010: International Society of Paediatric Oncology, SIOP council, Boston, USA, 18-24.",{}
NghienCuuMotSoBienDoiDiTruyenVaLienQuanToiKetQuaDieuTriSomOBenhLoXeMiCapDongLymphoTreEmTheoPhacDoFralle2000.md:322,NghienCuuMotSoBienDoiDiTruyenVaLienQuanToiKetQuaDieuTriSomOBenhLoXeMiCapDongLymphoTreEmTheoPhacDoFralle2000.md,322,841,"46. Harrison C.J (2009). Cytogenetics of paediatric and adolescent acute lymphoblastic leukaemia. Br J Haematol. 144(2), 147-56. 47. Phạm Quang Vinh (2013). Bất thường di truyền bệnh máu ác tính, Nhà xuất bản y học, Hà Nội. 48. Charles G, Mullighan (2013). Genomic Characterization of Childhood Acute Lymphoblastic Leukemia. Semin Hematol. 50, 314–324. 49. Ilaria Iacobucci, Charles G, Mullighan (2017). Genetic Basis of Acute Lymphoblastic Leukemia. J Clin Oncol. 35, 975-983. 50. De Braekeleer (2010). Cytogenetics in pre-B and B-cell acute lymphoblastic leukemia: a study of 208 patients diagnosed between 1981 and 2008. Cancer Genet Cytogenet. 200(1), 8-15. 51. C.J Harrison (2011). New genetics and diagnosis of childhood B-cell precursor acute lymphoblastic leukemia. Pediatr Rep. 3(2), 1-3. 52. Nachman JBH, eerema NA, Sather H (2007)",{}
NghienCuuMotSoBienDoiDiTruyenVaLienQuanToiKetQuaDieuTriSomOBenhLoXeMiCapDongLymphoTreEmTheoPhacDoFralle2000.md:323,NghienCuuMotSoBienDoiDiTruyenVaLienQuanToiKetQuaDieuTriSomOBenhLoXeMiCapDongLymphoTreEmTheoPhacDoFralle2000.md,323,873,". C.J Harrison (2011). New genetics and diagnosis of childhood B-cell precursor acute lymphoblastic leukemia. Pediatr Rep. 3(2), 1-3. 52. Nachman JBH, eerema NA, Sather H (2007). Outcome of treatment in children with hypodiploid acute lymphoblastic leukemia. Blood. 110(111-25). 53. Mary Ann Thompson (2014). Chapter 72: Molecular genetics of acute leukemia, Wintrobe’s Clinical Hematology 13th, LIPPINCOTT WILLIAMS & WILKINS Publisher, Philadelphia, USA, 3478-3521 54. Charles G. Mullighan (2012). The molecular genetic makeup of acute lymphoblastic leukemia. Hematology. 389-396. 55. Ruth Maribel Forero, María Hernández, Jesús María Hernández-Rivas (2013). Chapter 1: Genetics of Acute Lymphoblastic Leukemia, Leukemia, Intech, Croatia, 1-38. 56. Pui, Mullighan (2015). Childhood Acute Lymphoblastic Leukemia: Progress Through Collaboration. J Clin Oncol. 33, 2938-2948.",{}
NghienCuuMotSoBienDoiDiTruyenVaLienQuanToiKetQuaDieuTriSomOBenhLoXeMiCapDongLymphoTreEmTheoPhacDoFralle2000.md:324,NghienCuuMotSoBienDoiDiTruyenVaLienQuanToiKetQuaDieuTriSomOBenhLoXeMiCapDongLymphoTreEmTheoPhacDoFralle2000.md,324,843,"57. Mullighan CG, et al. (2008). BCR-ABL1 lymphoblastic leukaemia is characterized by the deletion of Ikaros. Nature. 453, 110-114. 58. Emileigh K, Greuber (2013). Role of ABL Family Kinases in Cancer: from Leukemia to Solid Tumors. Nat Rev Cancer. 13, 559-571. 59. Marchesi F, Girardi K (2011). Pathogenetic, Clinical, and Prognostic Feartures of Adult t(4;11)(q21;q23)/MLL-AF4 Positive B-Cell Acute Lymphoblastic Leukemia. AdvHematol. 62-162. 60. Arthur Zelent, Mel Greaves, Tariq Enver (2004). Role of the TEL- AML1 fusion gene in the molecular pathogenesis of childhood acute lymphoblastic leukaemia. Oncogene. 23, 4275-4283. 61. Congcong Sun, Lixian Chang, Xiaofan Zhu (2017). Pathogenesis of ETV6/RUNX1-positive childhood acute lymphoblastic leukemia and mechanisms underlying its relapse. Oncotarget. 8, 35445-35459. 62. Yiguo Hu (2014)",{}
NghienCuuMotSoBienDoiDiTruyenVaLienQuanToiKetQuaDieuTriSomOBenhLoXeMiCapDongLymphoTreEmTheoPhacDoFralle2000.md:325,NghienCuuMotSoBienDoiDiTruyenVaLienQuanToiKetQuaDieuTriSomOBenhLoXeMiCapDongLymphoTreEmTheoPhacDoFralle2000.md,325,899,". Pathogenesis of ETV6/RUNX1-positive childhood acute lymphoblastic leukemia and mechanisms underlying its relapse. Oncotarget. 8, 35445-35459. 62. Yiguo Hu (2014). Acute Lymphoblastic Leukemia: Genetic Events and Molecular Signatures. Am. J. Biomed. Sci. 6(4), 238-253. 63. De Keersmaecker K, Marynen P, Cools J (2005). Genetic insights in the pathogenesis of T-cell acute lymphoblastic leukemia. Haematologica. 90, 1116-1127. 64. Frank J.T. Staal, Anton W. Langerak (2008). Signaling pathways involved in the development of T-cell acute lymphoblastic leukemia. Haematologica. 93(4), 493-497. 65. Thomas (2010). Section A-10: T-ALL Molecular Pathogenesis: an Update, SIOP Education Book: International Society of Paediatric Oncology, SIOP council, Boston, USA, 88-100. 66. Chan SM, et al. (2007). Notch signals positively regulate activity of the mTOR pathway in T-cell acute lymphoblastic leukemia",{}
NghienCuuMotSoBienDoiDiTruyenVaLienQuanToiKetQuaDieuTriSomOBenhLoXeMiCapDongLymphoTreEmTheoPhacDoFralle2000.md:326,NghienCuuMotSoBienDoiDiTruyenVaLienQuanToiKetQuaDieuTriSomOBenhLoXeMiCapDongLymphoTreEmTheoPhacDoFralle2000.md,326,155,". 66. Chan SM, et al. (2007). Notch signals positively regulate activity of the mTOR pathway in T-cell acute lymphoblastic leukemia. Blood. 110(1), 278-86.",{}
NghienCuuMotSoBienDoiDiTruyenVaLienQuanToiKetQuaDieuTriSomOBenhLoXeMiCapDongLymphoTreEmTheoPhacDoFralle2000.md:327,NghienCuuMotSoBienDoiDiTruyenVaLienQuanToiKetQuaDieuTriSomOBenhLoXeMiCapDongLymphoTreEmTheoPhacDoFralle2000.md,327,726,"67. Demarest RM, Dahmane N, Capobianco AJ (2011). Notch is oncogenic dominant in T- cell acute lymphoblastic leukemia Blood. 117(24), 2901-09. 68. Pui CH, William E. Evans (2013). A 50-Year Journey to Cure Childhood Acute Lymphoblastic Leukemia. Seminars in Hematology. 50(3), 185-196. 69. Andre Baruchel et al (2012). Leukemia (SR-BCP-ALL): The Randomized Fralle 2000-A Protocol. Blood. 120-135. 70. Matloub Y et al (2008). Escalating Dose Intravenous Methotrexate without Leukovorin Rescue during Interim Maintenance Is Superior to Oral Methotrexate for Children with Standard Risk Acute Lymphoblastic Leukemia (SR-ALL): a Children’s Cancer Group Study 1991. Blood. 112(11), 9-10. 71. Martin Schrappe, Martin Stanulla (2010)",{}
NghienCuuMotSoBienDoiDiTruyenVaLienQuanToiKetQuaDieuTriSomOBenhLoXeMiCapDongLymphoTreEmTheoPhacDoFralle2000.md:328,NghienCuuMotSoBienDoiDiTruyenVaLienQuanToiKetQuaDieuTriSomOBenhLoXeMiCapDongLymphoTreEmTheoPhacDoFralle2000.md,328,896,". Blood. 112(11), 9-10. 71. Martin Schrappe, Martin Stanulla (2010). Section A-2: Current Treatment Approaches in Childhood acute lymphoblastic leukemia, SIOP education book 2010, International Society of Paediatric oncology, SIOP council, Boston, USA, 25-38. 72. Nguyễn Thị Mai Hương (2015). Nghiên cứu đặc điểm lâm sàng, xét nghiệm và đánh giá kết quả điều trị bệnh bạch cầu cấp dòng lympho nhóm nguy cơ cao ở trẻ em theo phác đồ CCG 1961. Luận án tiến sỹ y học. Đại học Y Hà nội. 73. Võ Thị Thanh Trúc (2010). Đánh giá hiệu quả điều trị bệnh bạch cầu cấp dòng lympho ở trẻ em bằng phác đồ FRALLE 2000. Luận văn bác sĩ nội trú. Trường Đại học Y dược Hồ Chí Minh. 74. Phuong Thu Vu Hoang, Jérôme Ambroise et al (2014). Comparison of long-term outcome between White and Vietnamese children treated for acute lymphoblastic leukemia according to the FRALLE 2000 protocol. Pediatric Hematol Oncology",{}
NghienCuuMotSoBienDoiDiTruyenVaLienQuanToiKetQuaDieuTriSomOBenhLoXeMiCapDongLymphoTreEmTheoPhacDoFralle2000.md:329,NghienCuuMotSoBienDoiDiTruyenVaLienQuanToiKetQuaDieuTriSomOBenhLoXeMiCapDongLymphoTreEmTheoPhacDoFralle2000.md,329,194,". Comparison of long-term outcome between White and Vietnamese children treated for acute lymphoblastic leukemia according to the FRALLE 2000 protocol. Pediatric Hematol Oncology. 36(7), 534-40.",{}
NghienCuuMotSoBienDoiDiTruyenVaLienQuanToiKetQuaDieuTriSomOBenhLoXeMiCapDongLymphoTreEmTheoPhacDoFralle2000.md:330,NghienCuuMotSoBienDoiDiTruyenVaLienQuanToiKetQuaDieuTriSomOBenhLoXeMiCapDongLymphoTreEmTheoPhacDoFralle2000.md,330,898,"75. Trần Quỳnh Mai (2016). Nghiên cứu đặc điểm lâm sàng, xét nghiệm và đáp ứng điều trị tấn công Lơ xê mi cấp dòng lympho trẻ em có một số biến đổi di truyền tại Viện Huyết học - Truyền máu - Trung ương. Luận văn thạc sỹ y học. Đại học Y Hà Nội. 76. Võ Thị Thanh Trúc, Cai Thị Thu Ngân, Nguyễn Thị Mỹ Hòa et al (2019). Đánh giá ý nghĩa tiên lượng của tồn lưu tế bào ác tính trong điều trị bệnh bạch cầu cấp dòng lympho ở trẻ em. Y học TP Hồ Chí Minh. 23(6), 101-107. 77. Huỳnh Thiện Ngôn, Huỳnh Thiên Hạnh, Nguyễn Quốc Vụ Khanh et al (2019). Đánh giá hiệu quả điều trị bệnh bạch cầu cấp dòng lympho ở trẻ em bằng phác đồ FRALLE 2000 trong 10 năm. Y học TP Hồ Chí Minh. 23(6), 108-113. 78. Cai Thị Thu Ngân, Huỳnh Thiện Ngôn, Huỳnh Thiên Hạnh et al (2019). Đánh giá hiệu quả điều trị Bệnh bạch cầu cấp dòng lympho ở trẻ em có đột biến chuyển vị t(12;21). Y học TP Hồ Chí Minh. 23(6), 114-118. 79. Pr",{}
NghienCuuMotSoBienDoiDiTruyenVaLienQuanToiKetQuaDieuTriSomOBenhLoXeMiCapDongLymphoTreEmTheoPhacDoFralle2000.md:331,NghienCuuMotSoBienDoiDiTruyenVaLienQuanToiKetQuaDieuTriSomOBenhLoXeMiCapDongLymphoTreEmTheoPhacDoFralle2000.md,331,723,". Đánh giá hiệu quả điều trị Bệnh bạch cầu cấp dòng lympho ở trẻ em có đột biến chuyển vị t(12;21). Y học TP Hồ Chí Minh. 23(6), 114-118. 79. Pr. André BARUCHEL et al (2003). FRALLE 2000-A. Version amendée mars 2003 Protocole de traitement des Leucémies Aiguës Lymphoblastiques de la lignée B de risque standard de l'enfant Paris, France, 1-98. 80. Pr. André BARUCHEL et al (2003). FRALLE 2000-BT. Version de Janvier 2003 Protocole de traitement des Leucémies Aiguës Lymphoblastiques de la lignée B de risque standard de l'enfant, Paris, France, 1-52. 81. Anthony V. Moorman (2016). New And Emerging Prognostic And Predictive Genetic Biomarkers In B-Cell Precursor Acute Lymphoblastic Leukemia. Haematologica. 101, 407-416.",{}
NghienCuuMotSoBienDoiDiTruyenVaLienQuanToiKetQuaDieuTriSomOBenhLoXeMiCapDongLymphoTreEmTheoPhacDoFralle2000.md:332,NghienCuuMotSoBienDoiDiTruyenVaLienQuanToiKetQuaDieuTriSomOBenhLoXeMiCapDongLymphoTreEmTheoPhacDoFralle2000.md,332,896,"82. NCCN (2016). Pediatric acute lymphoblastic leukemia. Version 2.2016. NCCN clinical practice guidelines in oncology. https://www.nccn.org/professionals/physician_gls/pdf/ped_all.pdf. 83. WHO (1998). Minimum Hemoglobin and Hematocrit Levels Used to Define Anemia in People Living at Sea Level. https://www.who.int/vmnis/indicators/haemoglobin.pdf. 84. Bộ Y tế (2016). Quy trình xét nghiệm phân loại miễn dịch trên máy Flow Cytometry. 85. J McGowan-Jordan, Annet Simon, Michael Schmid (2016). ISCN 2016: An International System for Human Cytogenomic Nomenclature, Karger, New York, 86. Gholamreza Bahoush, Marzieh Nojoomi (2019). Frequency of cytogenetic findings and its effect on the outcome of pediatric acute lymphoblastic leukemia. Med Arch. 73(5), 311-315. 87. Stiller CA (2012). Childhood cancer in Britain: Incidence, survival, mortality. British Journal of Haematology. 96(12), 1927. 88",{}
NghienCuuMotSoBienDoiDiTruyenVaLienQuanToiKetQuaDieuTriSomOBenhLoXeMiCapDongLymphoTreEmTheoPhacDoFralle2000.md:333,NghienCuuMotSoBienDoiDiTruyenVaLienQuanToiKetQuaDieuTriSomOBenhLoXeMiCapDongLymphoTreEmTheoPhacDoFralle2000.md,333,809,". Med Arch. 73(5), 311-315. 87. Stiller CA (2012). Childhood cancer in Britain: Incidence, survival, mortality. British Journal of Haematology. 96(12), 1927. 88. Phan Thị Duy An (2011). Khảo sát đặc điểm về di truyền tế bào và sinh học phân tử trên bệnh bạch cầu cấp dòng lympho ở trẻ em tại khoa lâm sàngNhi Bệnh viện Truyền Máu & Huyết Học từ 03/2010 đến 03/2011. Luận văn thạc sỹ. Đại học Y dược Hồ Chí Minh. 89. Hoàng Chí Cương (2015). Nghiên cứu biểu hiện dấu ấn miễn dịch trong Lơ xê mi cấp dòng lympho ở trẻ em bằng phương pháp đếm tế bào dòng chảy tại Viện Huyết học - Truyền máu trung ương. Luận văn thạc sỹ y học. Đại học Y Hà Nội. 90. Pui CH et al (2009). Long-term results of St Jude Total Therapy Studies 11, 12, 13A, 13B, and 14 for childhood acute lymphoblastic leukemia. Leukemia. 24, 371-382.",{}
NghienCuuMotSoBienDoiDiTruyenVaLienQuanToiKetQuaDieuTriSomOBenhLoXeMiCapDongLymphoTreEmTheoPhacDoFralle2000.md:334,NghienCuuMotSoBienDoiDiTruyenVaLienQuanToiKetQuaDieuTriSomOBenhLoXeMiCapDongLymphoTreEmTheoPhacDoFralle2000.md,334,828,"91. Kamps WA et al (2010). Long-term results of Dutch Childhood Oncology Group studies for children with acute lymphoblastic leukemia from 1984 to 2004. Leukemia. 24, 309-319. 92. Supriyadi E et al (2010). Immunophenotypic Patterns of Childhood Acute Leukemias in Indonesia. Asian Pacific J Cancer Prev. 12, 3381- 3387. 93. Zhang YD (2012). Immunophenotyping and its clinical significance in childhood acute lymphoblastic leukemia. Chinese Journal of contemporary pediatrics. 14(3), 188-191. 94. Siddaiahgari SR, Awaghad M A, Latha M S (2015). Clinical, immunophenotype and cytogenetic profile of acute lymphoblastic leukemia in children at tertiary health care centre in India. Muller J Med Sci Res. 6, 112-118. 95. C.D Bloomfield (1981). Clinical significance of chromosomal abnormalities in acute lymphoblastic leukemia (ALL)",{}
NghienCuuMotSoBienDoiDiTruyenVaLienQuanToiKetQuaDieuTriSomOBenhLoXeMiCapDongLymphoTreEmTheoPhacDoFralle2000.md:335,NghienCuuMotSoBienDoiDiTruyenVaLienQuanToiKetQuaDieuTriSomOBenhLoXeMiCapDongLymphoTreEmTheoPhacDoFralle2000.md,335,792,". Muller J Med Sci Res. 6, 112-118. 95. C.D Bloomfield (1981). Clinical significance of chromosomal abnormalities in acute lymphoblastic leukemia (ALL). A preliminary report of the Third International Workshop on Chromosomes in Leukemia (TIWCL). Cancer Research. 22, 477. 96. C.D Bloomfield (1983). Chromosomal abnormalities and their clinical significance in acute lymphoblastic Leukemia. Cancer Research. 43, 866-873. 97. C.D et al Bloomfield (1986). Chromosomal abnormalities identify high risk and low risk patients with acute lymphoblastic leukemia. Blood. 67, 415-420. 98. An Thuy Lan et al (2018). Cytogenetic findings of patients with acute lymphoblastic leukemia in national children's hospital from January, 2017 to June, 2018. Jounal of clinical medicine. Hue central Hospital. 51.",{}
NghienCuuMotSoBienDoiDiTruyenVaLienQuanToiKetQuaDieuTriSomOBenhLoXeMiCapDongLymphoTreEmTheoPhacDoFralle2000.md:336,NghienCuuMotSoBienDoiDiTruyenVaLienQuanToiKetQuaDieuTriSomOBenhLoXeMiCapDongLymphoTreEmTheoPhacDoFralle2000.md,336,893,"99. Rachana Chennamaneni, et al. (2018). Impact of cytogenetics on outcomes in pediatric acute lymphoblastic leukemia. South Asian J Cancer. 7(4), 263-266. 100. Osman Demirhana, Tanrıverdia N, Süleymanovaa D (2019). Frequency and types of chromosomal abnormalities in acute lymphoblastic leukemia patients in Turkey. Arch Community Med Public Health. 5(2), 055-061. 101. Faderl S, et al. (1998). Clinical signficance of cytogenetic abnormalities in adult acute lymphoblastic leukemia. Blood. 11, 3995- 4019. 102. Chai YH, et al. (2007). Classical and molecular cytogenetic abnormalities in 124 pediatric patients with acute lymphoblastic leukemia. Chinese Journal of pediatrics. (9), 684-686. 103. Roberts KG, Pei D, Campana D et al (2014). Outcomes of children with BCR-ABL1–like acute lymphoblastic leukemia treated with risk- directed therapy based on the levels of minimal residual disease",{}
NghienCuuMotSoBienDoiDiTruyenVaLienQuanToiKetQuaDieuTriSomOBenhLoXeMiCapDongLymphoTreEmTheoPhacDoFralle2000.md:337,NghienCuuMotSoBienDoiDiTruyenVaLienQuanToiKetQuaDieuTriSomOBenhLoXeMiCapDongLymphoTreEmTheoPhacDoFralle2000.md,337,713,". Outcomes of children with BCR-ABL1–like acute lymphoblastic leukemia treated with risk- directed therapy based on the levels of minimal residual disease. J Clin Oncology. 32(27), 3012-3020. 104. Tuszynski A, et al. (1993). Detection and significance of bcr-abl mRNA transcripts and fusion proteins in Philadelphia-positive adult acute lymphoblastic leukemia. . leukemia. 7, 1504. 105. A. Sertin, M. Al Haggar, T. Al Dosok (2006). Prognostic cytogenetic markers in childhood acute lymphoblastic leukemia: Cases from Mansoura, Egypt. Hematology. 11, 341-349. 106. Deepa Bhojwani, Jun J. Jang, Ching Hon Pui (2015). Biology of childhood acute lymphoblastic leukemia. Pediatric clinical North America. 62(1), 47-60.",{}
NghienCuuMotSoBienDoiDiTruyenVaLienQuanToiKetQuaDieuTriSomOBenhLoXeMiCapDongLymphoTreEmTheoPhacDoFralle2000.md:338,NghienCuuMotSoBienDoiDiTruyenVaLienQuanToiKetQuaDieuTriSomOBenhLoXeMiCapDongLymphoTreEmTheoPhacDoFralle2000.md,338,899,"107. Anwar N. Mohamed (2016). Del(9p) in Acute Lymphoblastic Leukemia. Atlas of Genetics and Cytogenetics in Oncology and Haematology. http://atlasgeneticsoncology.org/Anomalies/del9pALLID1064.html. 108. Sabina Chiaretti, Gina Zini, Renato Bassan (2014). Diagnosis and Subclassification of Acute Lymphoblastic Leukemia. Mediterranean journal of hematology and infectious diseases. 6(1), 1-14. 109. Phạm Quang Vinh (2003). Nghiên cứu bất thường nhiễm sắc thể trong các thể lơ xê mi cấp ở người lớn tại Viện Huyết học - Truyền máu. Luận án tiến sỹ Y học. Đại học Y Hà Nội. 110. Stefan Faderl (1998). Clinical Significance of Cytogenetic Abnormalities in Adult Acute Lymphoblastic Leukemia. Blood. 9(11). 111. Luquet et al (2008). Hyperdiploid karyotypes in acute myeloid leukemia define a novel entity: a study of 38 patients from the Groupe Francophone de Cytogenetique Hematologique (GFCH). Leukemia",{}
NghienCuuMotSoBienDoiDiTruyenVaLienQuanToiKetQuaDieuTriSomOBenhLoXeMiCapDongLymphoTreEmTheoPhacDoFralle2000.md:339,NghienCuuMotSoBienDoiDiTruyenVaLienQuanToiKetQuaDieuTriSomOBenhLoXeMiCapDongLymphoTreEmTheoPhacDoFralle2000.md,339,705,". Hyperdiploid karyotypes in acute myeloid leukemia define a novel entity: a study of 38 patients from the Groupe Francophone de Cytogenetique Hematologique (GFCH). Leukemia. 22(1), 132-137. 112. Heerema NA, Raimondi SC, Anderson JR (2007). Specific extra chromosomes occur in a modal number dependent pattern in pediatric acute lymphoblastic leukemia. Genes Chromosomes Cancer. 46(7), 684-693. 113. Alonso et al (2012). RT-PCR diagnosis of recurrent rearrangements in pediatric acute lymphoblastic leukemia in Argentina. Leukemia Research. 36(6), 704-708. 114. Garcia-Sanz R et al (1999). Low frequency of the TEL/ AML1 fusion gene in acute lymphoblastic leukemia in Spain. Br. J. Haematol. 107, 667-669.",{}
NghienCuuMotSoBienDoiDiTruyenVaLienQuanToiKetQuaDieuTriSomOBenhLoXeMiCapDongLymphoTreEmTheoPhacDoFralle2000.md:340,NghienCuuMotSoBienDoiDiTruyenVaLienQuanToiKetQuaDieuTriSomOBenhLoXeMiCapDongLymphoTreEmTheoPhacDoFralle2000.md,340,855,"115. Pei Chin Lin et al (2008). TEL/AML1 Fusion Gene in Childhood Acute Lymphoblastic Leukemia in Southern Taiwan. The Kaohsiung Journal of medical sciences. 24(6), 289-296. 116. Isis Quezado Magalhaes et al (2000). TEL-AML1 fusion gene frequency in paediatric acute lymphoblastic leukaemia in Brazil. British Journal of Haematology. 111(1), 204-207. 117. Ahmad-Reza Rahnemoon et al (2013). Prevalence of ETV6/RUNX1 Fusion Gene in Pediatric Patients with Acute Lymphoblastic Leukemia in Iran. Iran J Pediatric 23(6), 681-686. 118. Anthony V. Moorman (2014). A novel integrated cytogenetic and genomic classification refines risk stratification in pediatric acute lymphoblastic leukemia. Blood. 124, 1434-1444 119. Mullighan CG (2012). Molecular genetics of B-precursor acute lymphoblastic leukemia. J Clin Invest. 122, 3407-3415. 120. Jeha S Pui CH (2007)",{}
NghienCuuMotSoBienDoiDiTruyenVaLienQuanToiKetQuaDieuTriSomOBenhLoXeMiCapDongLymphoTreEmTheoPhacDoFralle2000.md:341,NghienCuuMotSoBienDoiDiTruyenVaLienQuanToiKetQuaDieuTriSomOBenhLoXeMiCapDongLymphoTreEmTheoPhacDoFralle2000.md,341,824,". Blood. 124, 1434-1444 119. Mullighan CG (2012). Molecular genetics of B-precursor acute lymphoblastic leukemia. J Clin Invest. 122, 3407-3415. 120. Jeha S Pui CH (2007). New therapeutic strategies for the treatment of acute lymphoblastic leukaemia. Nat Rev Drug Discov. 6, 149-165. 121. Harper DP Mrozek K, Aplan PD (2009). Cytogenetics and molecular genetics of acute lymphoblastic leukemia. Hematol Oncol Clin North Am 23(5), 991–1010. 122. Stefan Schwartz Thomas Burmeister, Claus R. Bartram et al (2008). Patients' age and BCR-ABL frequency in adult B-precursor ALL: A retrospective analysis from the GMALL study group. Blood. 112(3), 918-919. 123. Thomas Burmeister (2010). Clinical features and prognostic implications of TCF3-PBX1 and ETV6-RUNX1 in adult acute lymphoblastic leukemia. Haematologica. 95(2), 241-246.",{}
NghienCuuMotSoBienDoiDiTruyenVaLienQuanToiKetQuaDieuTriSomOBenhLoXeMiCapDongLymphoTreEmTheoPhacDoFralle2000.md:342,NghienCuuMotSoBienDoiDiTruyenVaLienQuanToiKetQuaDieuTriSomOBenhLoXeMiCapDongLymphoTreEmTheoPhacDoFralle2000.md,342,832,"124. Aakash Pandita et al (2015). Molecular Cytogenetics in Childhood Acute Lymphoblastic Leukemia: A Hospital-Based Observational Study. Clinical Medicine insights: oncology. 9, 39-42. 125. M.R. Juárez-Velázquez, C. Salas-Labadía, A. Reyes-León (2013). Chapter 9: Genetic Markers in the Prognosis of Childhood Acute Lymphoblastic Leukemia, Clinical Epidemiology of Acute Lymphoblastic Leukemia - From the Molecules to the Clinic, INTECH, Mexico, 193-235. 126. Sanam Loghavi (2015). B-Acute Lymphoblastic Leukemia/Lymphoblastic Lymphoma. Am J Clin Pathology. 144, 393-410. 127. M W J C Jansen, L Corral, V H J Van der Velden et al (2007). Immunobiological diversity in infant acute lymphoblastic leukemia is related to the occurrence and type of MLL gene rearrangement. Leukemia. 21, 633-641. 128. Hiroto Inaba, Ching-Hon Pui (2010)",{}
NghienCuuMotSoBienDoiDiTruyenVaLienQuanToiKetQuaDieuTriSomOBenhLoXeMiCapDongLymphoTreEmTheoPhacDoFralle2000.md:343,NghienCuuMotSoBienDoiDiTruyenVaLienQuanToiKetQuaDieuTriSomOBenhLoXeMiCapDongLymphoTreEmTheoPhacDoFralle2000.md,343,751,". Leukemia. 21, 633-641. 128. Hiroto Inaba, Ching-Hon Pui (2010). Glucocorticoid use in acute lymphoblastic leukemia: comparison of prednisone and dexamethasone. Lancet Oncology. 11(11), 1096-1106. 129. Kathrin M. Bernt, Stephen P. Hunger (2014). Current Concepts in Pediatric Philadelphia Chromosome-Positive Acute Lymphoblastic Leukemia. Frontiers in oncology. 4(24), 1-21. 130. Schrappe M, Camitta B et al (2000). Long-term results of large prospective trials in childhood acute lymphoblastic leukemia. . Leukemia. 14, 2193-2194. 131. Châu Văn Hà et al (2013). Kết quả điều trị lơ xê mi cấp dòng lympho ở trẻ em (ALL) và những kinh nghiệm giảm tỷ lệ bỏ điều trị tại khoa nhi Bệnh viện Trung ương Huế từ năm 2007-2011. Tạp chí Nhi khoa. 6(3), 16-25.",{}
NghienCuuMotSoBienDoiDiTruyenVaLienQuanToiKetQuaDieuTriSomOBenhLoXeMiCapDongLymphoTreEmTheoPhacDoFralle2000.md:344,NghienCuuMotSoBienDoiDiTruyenVaLienQuanToiKetQuaDieuTriSomOBenhLoXeMiCapDongLymphoTreEmTheoPhacDoFralle2000.md,344,886,"132. Ishikawa Y Shikano T, Kobayashi R et al (1990). Hyperdiploidy (greater than 50 chromosomes) has the most favorable prognosis among the major karyotypic subgroups of childhood acute lymphoblastic leukemia. The Japanese Journal of clinical Hematology. 31(3), 308-314. 133. Saqib Hussain Korejo, Ch Altaf Hussain, Tariq Ghafoor et al (2019). Association of hyperdiploidy with remission status in childhood acute lymphoblastic leukemia after induction therapy. Pak Armed Forces Med J. 69(3), 677-680. 134. Krishna Narla R, Navara C, Sarquis M (2001). Chemosensitivity of tel- aml1 fusion transcript-positive acute lymphoblastic leukemia cells. Leuk Lymphoma. Leukemia Lymphoma. 41, 615-623. 135. Ramakers-van Woerden NL, Pieters R, et al Loonen AH (2000). TEL/AML1 gene fusion is related to in vitro drug sensitivity for L- asparaginase in childhood acute lymphoblastic leukemia. Blood",{}
NghienCuuMotSoBienDoiDiTruyenVaLienQuanToiKetQuaDieuTriSomOBenhLoXeMiCapDongLymphoTreEmTheoPhacDoFralle2000.md:345,NghienCuuMotSoBienDoiDiTruyenVaLienQuanToiKetQuaDieuTriSomOBenhLoXeMiCapDongLymphoTreEmTheoPhacDoFralle2000.md,345,719,". TEL/AML1 gene fusion is related to in vitro drug sensitivity for L- asparaginase in childhood acute lymphoblastic leukemia. Blood. 96, 1094-1099. 136. Sanne Lugthart, Meyling H.Cheok, Monique L.den Boer et al (2005). Identification of genes associated with chemotherapy crossresistance and treatment response in childhood acute lymphoblastic leukemia. Cancer cell. 7(4), 375-386. 137. Ravandi F., Jorgensen JL, Thomas DA (2013). Detection of MRD may predict the outcome of patients with Philadelphia chromosome-positive ALL treated with tyrosine kinase inhibitors plus chemotherapy. Blood. 122(7), 1214-21. 138. Ching-Hon Pui, Dario Campana (2017). Minimal residual disease in pediatric ALL. Oncotarget. 8(45), 78251.",{}
NghienCuuMotSoBienDoiDiTruyenVaLienQuanToiKetQuaDieuTriSomOBenhLoXeMiCapDongLymphoTreEmTheoPhacDoFralle2000.md:346,NghienCuuMotSoBienDoiDiTruyenVaLienQuanToiKetQuaDieuTriSomOBenhLoXeMiCapDongLymphoTreEmTheoPhacDoFralle2000.md,346,889,"139. Campana D (2012). Minimal residual disease monitoring in childhood acute lymphoblastic leukemia. Curr Opin Hematology. 19, 313–318. 140. Pei D Pui CH, Coustan - Smith E et al (2015). Clinical utility of sequential minimal residual disease measurements in the context of risk-based therapy in childhood acute lymphoblastic leukaemia: a prospective study. Lancet Oncology. 16(4), 465-74. 141. Key L Stow P, Chen X, et al (2010). Clinical significance of low levels of minimal residual disease at the end of remission induction therapy in childhood acute lymphoblastic leukemia. Blood. 2010. 115, 4657– 4663. 142. Veltroni M Basso G, Valsecchi MG, et al (2009). Risk of relapse of childhood acute lymphoblastic leukemia is predicted by flow cytometric measurement of residual disease on day 15 bone marrow. J Clin Oncol. 27, 5168-5174. 143. Devidas M Borowitz MJ, Hunger SP, et al (2008)",{}
NghienCuuMotSoBienDoiDiTruyenVaLienQuanToiKetQuaDieuTriSomOBenhLoXeMiCapDongLymphoTreEmTheoPhacDoFralle2000.md:347,NghienCuuMotSoBienDoiDiTruyenVaLienQuanToiKetQuaDieuTriSomOBenhLoXeMiCapDongLymphoTreEmTheoPhacDoFralle2000.md,347,768,". J Clin Oncol. 27, 5168-5174. 143. Devidas M Borowitz MJ, Hunger SP, et al (2008). Clinical significance of minimal residual disease in childhood acute lymphoblastic leukemia and its relationship to other prognostic factors: a Children's Oncology Group study. Blood. 111, 5477-5485. 144. Oren H Güneş AM, Baytan B et al (2014). The long-term results of childhood acute lymphoblastic leukemia at two centers from Turkey: 15 years of experience with the ALL-BFM 95 protocol. Annals of Hematololy. 93(10), 1677-1684. 145. Anthony V Moorman et al (2008). Prognostic effect of chromosomal abnormalities in childhood B-cell precursor acute lymphoblastic leukaemia: results from the UK Medical Research Council ALL97/99 randomised trial. The Lancet oncology. 11(5), 429-438.",{}
NghienCuuMotSoBienDoiDiTruyenVaLienQuanToiKetQuaDieuTriSomOBenhLoXeMiCapDongLymphoTreEmTheoPhacDoFralle2000.md:348,NghienCuuMotSoBienDoiDiTruyenVaLienQuanToiKetQuaDieuTriSomOBenhLoXeMiCapDongLymphoTreEmTheoPhacDoFralle2000.md,348,812,"146. Erik Forestier et al (1997). Prognostic impact of bone marrow karyotype in childhood acute lymphoblastic leukaemia: Swedish experiences 1986-91. Acta Paediatric. 86(8), 819-825. 147. Akhtar T Iqbal Z, Awan T et al (2015). High frequency and poor prognosis of late childhood BCR-ABL-positive and MLL-AF4-positive ALL define the need for advanced molecular diagnostics and improved therapeutic strategies in pediatric B-ALL in Pakistan. Molecular Diagnosis and Therapy. 19(5), 277-287. 148. Lee NY Shin J, Kim S et al (2019). Outcome and prognostic factors of children with Philadelphia chromosome-positive acute lymphoblastic leukemia treated with imatinib followed by allogeneic hematopoietic cell transplantation in first remission. Blood Research. 54(45-51). 149. Kirsten Bleckmann, Martin Schrappe (2016)",{}
NghienCuuMotSoBienDoiDiTruyenVaLienQuanToiKetQuaDieuTriSomOBenhLoXeMiCapDongLymphoTreEmTheoPhacDoFralle2000.md:349,NghienCuuMotSoBienDoiDiTruyenVaLienQuanToiKetQuaDieuTriSomOBenhLoXeMiCapDongLymphoTreEmTheoPhacDoFralle2000.md,349,883,". Blood Research. 54(45-51). 149. Kirsten Bleckmann, Martin Schrappe (2016). Advances in therapy for Philadelphia-positive acute lymphoblastic leukaemia of childhood and adolescence. British Journal of Haematology. 172, 855-869. 150. Arndt Borkhardt et al (1997). Incidence and Clinical Relevance of TEL/AML1 Fusion Genes in Children With Acute Lymphoblastic Leukemia Enrolled in the German and Italian Multicenter Therapy Trials. Blood. 90, 571-577. 151. Erik Forestier et al (2008). Outcome of ETV6/RUNX1-positive childhood acute lymphoblastic leukaemia in the NOPHO-ALL-1992 protocol: Frequent late relapses but good overall survival. British Journal of Haematology. 140(6), 665-672. 152. Jae Wook Lee, Seong-koo Kim, Pil-Sang Jang et al (2016). Outcome and Prognostic Factors for ETV6/RUNX1 Positive Pediatric Acute Lymphoblastic Leukemia Treated at a Single Institution in Korea",{}
NghienCuuMotSoBienDoiDiTruyenVaLienQuanToiKetQuaDieuTriSomOBenhLoXeMiCapDongLymphoTreEmTheoPhacDoFralle2000.md:350,NghienCuuMotSoBienDoiDiTruyenVaLienQuanToiKetQuaDieuTriSomOBenhLoXeMiCapDongLymphoTreEmTheoPhacDoFralle2000.md,350,206,. Outcome and Prognostic Factors for ETV6/RUNX1 Positive Pediatric Acute Lymphoblastic Leukemia Treated at a Single Institution in Korea. Cancer Research and treatment. https://doi.org/10.4143/crt.2016.211.,{}
NghienCuuMotSoBienDoiDiTruyenVaLienQuanToiKetQuaDieuTriSomOBenhLoXeMiCapDongLymphoTreEmTheoPhacDoFralle2000.md:351,NghienCuuMotSoBienDoiDiTruyenVaLienQuanToiKetQuaDieuTriSomOBenhLoXeMiCapDongLymphoTreEmTheoPhacDoFralle2000.md,351,811,"153. Stams WA, Beverloo HB, Den Boer ML et al (2006). Incidence of additional genetic changes in the TEL and AML1 genes in DCOG and COALL-treated t(12;21)-positive pediatric ALL, and their relation with drug sensitivity and clinical outcome. Leukemia. 20, 410-416. 154. Pais AP, Amare Kadam PS, Raje GC et al (2008). RUNX1 aberrations in ETV6/RUNX1-positive and ETV6/RUNX1-negative patients: its hemato-pathological and prognostic significance in a large cohort (619 cases) of ALL. Pediatric Hematology and Oncology. 25, 582-597. 155. Chevret S Gandemer V, Petit A, Vermylen C, Leblanc T, Michel G, et al (2012). Excellent prognosis of late relapses of ETV6/RUNX1- positive childhood acute lymphoblastic leukemia: lessons from the FRALLE 93 protocol. Haematologica. 97, 1743–1750. 156. Van Dongen, et al. (1999)",{}
NghienCuuMotSoBienDoiDiTruyenVaLienQuanToiKetQuaDieuTriSomOBenhLoXeMiCapDongLymphoTreEmTheoPhacDoFralle2000.md:352,NghienCuuMotSoBienDoiDiTruyenVaLienQuanToiKetQuaDieuTriSomOBenhLoXeMiCapDongLymphoTreEmTheoPhacDoFralle2000.md,352,233,". Haematologica. 97, 1743–1750. 156. Van Dongen, et al. (1999). Standardized RT-PCR analysis of fusion gene transcripts from chromosome aberrations in acute leukemia for detection of minimal residual disease. Leukemia. 13, 1901-1928.",{}
UngThuBachCauCapDongLymphoBVNguyenTriPhuong.md:0,UngThuBachCauCapDongLymphoBVNguyenTriPhuong.md,0,569,"️ Ung thư bạch cầu cấp dòng lympho ĐẠI CƯƠNG Bệnh bạch cầu cấp là bệnh do tăng sinh ác tính trong quá trình tạo máu của dòng tế bào lympho hoặc dòng tế bào tủy. Đây là bệnh ác tính thường gặp nhất ở trẻ em dưới 15 tuổi, chiếm khoảng 31% các bệnh ác tính ở trẻ em. Bạch cầu cấp dòng lympho (ALL) chiếm 75% các bệnh bạch cầu ở trẻ em. Tại Bệnh viện Nhi Trung ương, khoảng 200 trẻ bị ALL được chẩn đoán hàng năm. Bệnh gặp ở mọi lứa tuổi, nhưng tuổi mắc bệnh cao nhất là 3-5 tuổi. Nam nhiều hơn nữ. Bệnh bạch cầu cấp dòng lympho ở trẻ em đã được coi là bệnh chữa khỏi được.",{}
UngThuBachCauCapDongLymphoBVNguyenTriPhuong.md:1,UngThuBachCauCapDongLymphoBVNguyenTriPhuong.md,1,455,"LÂM SÀNG Biểu hiện không đặc hiệu, khởi phát bệnh một vài tuần đến một vài tháng. Mệt mỏi, chán ăn, sốt kéo dài, ra nhiều mồ hôi ban đêm, nhiễm trùng khó điều trị, thiếu máu, xuất huyết dưới da hoặc niêm mạc, gan, lách, hạch to, đau xương hoặc khớp. Biểu hiện hiếm gặp hơn: tăng áp lực nội sọ, liệt dây thần kinh sọ, khó thở do u trung thất, tinh hoàn to.

XÉT NGHIỆM Tổng phân tích tế bào máu ngoại vi: hầu hết bệnh nhân có Hb và tiểu cầu (TC) giảm nhưng",{}
UngThuBachCauCapDongLymphoBVNguyenTriPhuong.md:2,UngThuBachCauCapDongLymphoBVNguyenTriPhuong.md,2,660,"XÉT NGHIỆM Tổng phân tích tế bào máu ngoại vi: hầu hết bệnh nhân có Hb và tiểu cầu (TC) giảm nhưng

có thể bình thường; số lượng bạch cầu (BC) tăng, giảm hoặc bình thường, tỉ lệ bạch cầu trung tính (BCTT) giảm, có hoặc không có bạch cầu non (BCN). Tủy đồ: ≥ 25% tế bào của tủy xương là nguyên bào lympho, lấn át các dòng tế bào khác. Đông máu cơ bản: bình thường hoặc rối loạn đông máu Sinh hóa: ure, creatinin, kali, axit uric máu tăng, can xi giảm nếu có hội chứng phân giải khối u. LDH, GOT, GPT máu tăng hoặc bình thường. Xét nghiệm dịch não tủy khi tiêm hóa chất tủy sống X quang phổi: u trung thất trước Siêu âm: thâm nhiễm thận, hạch ổ bụng, gan lách to",{}
UngThuBachCauCapDongLymphoBVNguyenTriPhuong.md:3,UngThuBachCauCapDongLymphoBVNguyenTriPhuong.md,3,724,"PHÂN LOẠI Theo miễn dịch tế bào: dựa vào dấu ấn miễn dịch + ALL dòng tiền B hay gặp hơn dòng T: CD19, CD20, và CD22 (+) + ALL dòng T: CD3, CD5, CD7 (+) + ALL phối hợp 2 dòng T và B hoặc phối hợp dòng tủy. Theo di truyền tế bào (nhuộm băng G, FISH): bất thường số lượng hoặc cấu trúc nhiễm sắc thể (chuyển đoạn, mất đoạn, đảo đoạn...) Theo nhóm nguy cơ: + Nguy cơ không cao: tuổi từ 1 đến dưới 10 tuổi, số lượng bạch cầu ban đầu trong máu < 50.000/mm , không có bất thường nhiễm sắc thể có tiên lượng xấu như thiểu bội ≤ 44 nhiễm sắc thể, chuyển đoạn t (9;22), t (4;11), t (1;19) + Nguy cơ cao: tuổi dưới 1 và trên 10, hoặc số lượng bạch cầu ban đầu trong máu ≥ 50.000/mm , hoặc có bất thường nhiễm sắc thể có tiên lượng xấu.",{}
UngThuBachCauCapDongLymphoBVNguyenTriPhuong.md:4,UngThuBachCauCapDongLymphoBVNguyenTriPhuong.md,4,474,"CHẨN ĐOÁN XÁC ĐỊNH Dựa vào lâm sàng và tủy đồ ≥ 25% nguyên bào lympho Thâm nhiễm thần kinh trung ương (TKTƯ): + TKTƯ - 1: khi dịch não tủy bình thường, không có biểu hiện lâm sàng + TKTƯ - 2: < 5 BCN/mm dịch não tuỷ, không có triệu chứng của thâm nhiễm TKTƯ.

+ TKTƯ - 3:  5 BCN/mm dịch não tuỷ hoặc liệt dây thần kinh sọ não hoặc chụp CT hoặc MRI sọ não có khối u nội sọ hoặc tổn thương mắt hoặc võng mạc. Thâm nhiễm tinh hoàn: tinh hoàn to, có BCN khi chọc hút tinh hoàn.",{}
UngThuBachCauCapDongLymphoBVNguyenTriPhuong.md:5,UngThuBachCauCapDongLymphoBVNguyenTriPhuong.md,5,424,"CHẨN ĐOÁN PHÂN BIỆT Bạch cầu cấp dòng tủy. Các bệnh ác tính khác có di căn tuỷ xương (u lympho, u nguyên bào thần kinh, u cơ vân, sarcoma Ewing, và u nguyên bào võng mạc). Các nguyên nhân gây suy tuỷ tiên phát như suy tuỷ bẩm sinh hoặc mắc phải, xơ hoá tuỷ; thiếu máu tăng nguyên hồng cầu thoáng qua, giảm bạch cầu hạt; giảm tiểu cầu miễn dịch Bệnh tăng bạch cầu đơn nhân nhiễm trùng ở giai đoạn khởi phát; viêm khớp có sốt;",{}
UngThuBachCauCapDongLymphoBVNguyenTriPhuong.md:6,UngThuBachCauCapDongLymphoBVNguyenTriPhuong.md,6,859,"ĐIỀU TRỊ Hóa trị liệu toàn thân Bạch cầu cấp dòng lympho L3: điều trị theo phác đồ U lympho không Hodgkin tế bào B (xem phác đồ UK CCSG NHL 902 hoặc 903). Bạch cầu cấp dòng lympho tiền B: đáp ứng điều trị sớm nếu tủy đồ ngày thứ 7 của giai đoạn cảm ứng là TX1/TX2. Các giai đoạn cụ thể: Cảm ứng  Củng cố  Duy trì tạm thời lần I  Tích cực muộn lần 1  Duy trì tạm thời lần II  Tích cực muộn lần II  Duy trì. * Chỉ áp dụng cho ALL nguy cơ cao hoặc phác đồ tăng cường cho ALL nguy cơ không cao . TX: tình trạng của tủy xương. TX1: BCN ≤ 5% tế bào tủy; TX2: 5 - ≤ 25%; TX3: > 25%. Xét nghiệm tủy đồ ngày thứ 7, 14 và 28 của giai đoạn điều trị cảm ứng để đánh giá đáp ứng điều trị. Xét nghiệm MRD (bệnh tồn dư tối thiểu) ngày 28 của giai đoạn cảm ứng bằng kỹ thuật Flow cytometry. Nhóm nguy cơ không cao: điều trị phác đồ CCG 1991, nhánh OS (chi tiết xem sau)",{}
UngThuBachCauCapDongLymphoBVNguyenTriPhuong.md:7,UngThuBachCauCapDongLymphoBVNguyenTriPhuong.md,7,623,". Xét nghiệm MRD (bệnh tồn dư tối thiểu) ngày 28 của giai đoạn cảm ứng bằng kỹ thuật Flow cytometry. Nhóm nguy cơ không cao: điều trị phác đồ CCG 1991, nhánh OS (chi tiết xem sau). Bệnh nhân đáp ứng điều trị chậm nếu xét nghiệm tủy đồ ngày thứ 7 của giai đoạn cảm ứng là TX3 và ngày thứ 14 là TX2 hoặc ngày thứ 14 là TX3, chuyển sang phác đồ tăng cường. Nhóm nguy cơ cao: điều trị phác đồ CCG 1961, nhánh B (chi tiết xem sau). Bệnh nhân đáp ứng điều trị chậm nếu xét nghiệm tủy đồ ngày thứ 7 là TX3, chuyển sang phác đồ đáp ứng chậm. Bệnh nhân có tủy đồ ngày thứ 28 của giai đoạn cảm ứng là TX3 sẽ không tiếp tục điều trị *",{}
UngThuBachCauCapDongLymphoBVNguyenTriPhuong.md:8,UngThuBachCauCapDongLymphoBVNguyenTriPhuong.md,8,514,"theo phác đồ. Nếu MRD > 0,01% vào ngày 28 của giai đoạn cảm ứng , chuyển sang phác đồ tăng cường. Bạch cầu cấp dòng lympho T: điều trị theo phác đồ AZNCCSG Study VII (chi tiết xem sau). Các giai đoạn cụ thể: Cảm ứng  Củng cố  Tích cực muộn  Tái tấn công / Tái củng cố  Duy trì Lưu ý: Chọc dò tuỷ sống có máu do chạm ven (>10 hồng cầu/mm ) và có BCN sẽ điều trị như TKTƯ-2 (tăng cường tiêm tủy sống, không xạ trị). Cảm ứng / Tấn công: tiền B, nguy cơ không cao - 3 thuốc; tiền B, nguy cơ cao và dòng T - 4 thuốc",{}
UngThuBachCauCapDongLymphoBVNguyenTriPhuong.md:9,UngThuBachCauCapDongLymphoBVNguyenTriPhuong.md,9,844,". Cảm ứng / Tấn công: tiền B, nguy cơ không cao - 3 thuốc; tiền B, nguy cơ cao và dòng T - 4 thuốc. DXM 6mg/m uống hàng ngày, ngày 0-27 VCR 1,5 mg/m (tối đa 2mg) tiêm TM, ngày 0, 7, 14, 21 ASP 6.000 UI/m /liều, TB, từ ngày 3, thứ 2, 4, 6, tổng số 9 liều DAUNO** 25 mg/m , truyền TMC, ngày 0, 7, 14, 21 MTX tiêm TS, liều theo tuổi (tối đa 12 mg), ngày 0, 7, 14*, 21*, 28 (tiền B) / ngày 0, 14 (tế bào T) Liều MTX theo tuổi: 1 đến < 2 tuổi: 8 mg; 2 đến <3 tuổi: 10 mg; ≥3 tuổi: g, pha trong dung dịch Ringer lactat hoặc Natriclorua 0,9% vừa đủ 4-5 ml *.Chỉ điều trị bệnh nhân thâm nhiễm TKTƯ ngay khi chẩn đoán bệnh *.Chỉ điều trị bệnh nhân ALL nhóm nguy cơ cao x 4 liều hoặc bệnh nhân nhóm nguy cơ không cao đáp ứng điều trị chậm (phác đồ tăng cường) x 2 liều (ngày 14, 21). Nếu không có DAUNO, thay bằng DOXO với liều và ngày dùng tương tựDAUNO",{}
UngThuBachCauCapDongLymphoBVNguyenTriPhuong.md:10,UngThuBachCauCapDongLymphoBVNguyenTriPhuong.md,10,675,". Nếu không có DAUNO, thay bằng DOXO với liều và ngày dùng tương tựDAUNO. DXM: Dexamethason; VCR: Vincristin; ASP: Asparaginase; DAUNO: daunorubicin; MTX: Methotrexat, CY: Cyclophosphamid; Ara-C: Cytosine Arabinoside. Củng cố DXM giảm liều trong 1 tuần Tiền B, nguy cơ không cao (4 tuần): bắt đầu từ ngày thứ 28 của giai đoạn Tấn công, khi BCTT > 1000/mm , TC > 100.000/mm 6MP 75 mg/m /ngày, uống hàng ngày, ngày 0-27 VCR 1,5 mg/m (tối đa 2 mg) tiêm TM, ngày 0 MTX tiêm TS, liều theo tuổi, ngày 7, 14, 21 Tiền B, nguy cơ cao, đáp ứng nhanh (8 tuần): bắt đầu từ ngày thứ 35 của giai đoạn Tấn công, khi BCTT > 750/mm , TC > 75.000/mm . Tạm ngừng điều trị nếu ngày thứ ề ế ố ề ế",{}
UngThuBachCauCapDongLymphoBVNguyenTriPhuong.md:11,UngThuBachCauCapDongLymphoBVNguyenTriPhuong.md,11,447,"14 có giảm sản tủy. Ngừng điều trị nếu sốt, giảm BC hạt và nhiễm trùng. Điều trị tiếp khi hết nhiễm trùng. CPM 1000 mg/m²/liều, truyền tĩnh mạch chậm( TMC) trong 30 phút

Ara-C: 75 mg/m²/ngày, TMC hoặctiêm dưới da x 16 liều, ngày 1-4, 8- 11, 15-18, 22-25 Mercaptopurine: 75 mg/m²/ngày, ngày 0-13 và 28-41 MTX tiêm TS, liều theo tuổi (tối đa 12 mg), ngày 0, 7, 14, 21 Tiền B, nguy cơ cao, đáp ứng chậm: CPM 1000 mg/m²/liều, truyền TMC trong 30 phút",{}
UngThuBachCauCapDongLymphoBVNguyenTriPhuong.md:12,UngThuBachCauCapDongLymphoBVNguyenTriPhuong.md,12,528,"Ara-C: 75 mg/m²/ngày, TMC hoặctiêm dưới da x 16 liều, ngày 1-4, 8- 11, 15-18, 22-25 Mercaptopurine: 75 mg/m²/ngày, ngày 0-13 và 28-41 MTX tiêm TS, liều theo tuổi (tối đa 12 mg), ngày 0, 7, 14, 21 VCR 1,5 mg/m (tối đa 2mg) tiêm TM, ngày 14, 21, 42, 49 ASP 6.000 UI/m /liều x 6 liều, TB, thứ 2, 4, 6, từ ngày 14 và 42 Tế bào T, nguy cơ không cao và nguy cơ cao (6 tuần) MTX tiêm TS, liều theo tuổi (tối đa 12 mg), ngày 0, 7, 14, 21 VCR 1,5 mg/m (tối đa 2mg) tiêm TM, ngày 0, 7, 21, 28 CPM 1000 mg/m²/liều, truyền TMC trong 30 phút",{}
UngThuBachCauCapDongLymphoBVNguyenTriPhuong.md:13,UngThuBachCauCapDongLymphoBVNguyenTriPhuong.md,13,705,"Ara-C: 75 mg/m²/ngày, TMC hoặc tiêm dưới da x 16 liều, ngày 0-3, 710, 14-17, 21-24 Chỉ điều trị bệnh nhân thâm nhiễm TKTƯ ngay khi chẩn đoán. Mercaptopurine, Methotrexate uống sau ăn tối ít nhất 1 giờ, không uống cùng sữa. Mercaptopurine: tính liều hàng ngày đến ½ viên để đạt được liều cả tuần là 525 mg/m , không tăng liều khi BCTT> 2.000/mm . @ Cyclophosphamid (CPM) : 1000 mg/m²/liều, truyền TMC trong 30 phút, pha trong 125 ml/m² Glucose 5% : 1/2 Natriclorua 0.9%, ngày 0,14. Truyền dịch 2 giờ trước mỗi liều để tỉ trọng niệu < 1,015. Dịch truyền sau CPM: 125 ml/m /giờ, tối thiểu 4 giờ. Lasix 0,25-0,5 mg/kg nếu lượng nước tiểu < 3 mL/kg/giờ sau truyền CMP. Duy trì tạm thời lần I, II: ề ầ ố @ @ @ ♦",{}
UngThuBachCauCapDongLymphoBVNguyenTriPhuong.md:14,UngThuBachCauCapDongLymphoBVNguyenTriPhuong.md,14,590,"Tiền B, nguy cơ không cao (8 tuần): ngày 28 của giai đoạn Củng cố hoặc khi BCTT ≥ 1.000 và TC ≥ 100.000/mm MTX uống 20 mg/m x 8 liều, ngày 0, 7, 14, 21, 28, 35, 42, 49 6MP 75 mg/m /ngày, uống hàng ngày, ngày 0-49 VCR 1,5 mg/m (tối đa 2 mg) tiêm TM, ngày 0, 28 DXM 6 mg/m uống hàng ngày, ngày 0-4 và 28-32 MTX tiêm TS, liều theo tuổi (tối đa 12 mg), ngày 0*, 28 (* Chỉ dùng ngày 0 của giai đoạn Duy trì tạm thời lần 2) Tiền B, nguy cơ cao (8 tuần) : ngày 35 của giai đoạn Củng cố hoặc khi BC hạt ≥ 750/mm và TC ≥ 75.000/mm . Ngừng điều trị khi nhiễm trùng nặng hoặc BCTT < 750 và TC < 75.000",{}
UngThuBachCauCapDongLymphoBVNguyenTriPhuong.md:15,UngThuBachCauCapDongLymphoBVNguyenTriPhuong.md,15,851,". Ngừng điều trị khi nhiễm trùng nặng hoặc BCTT < 750 và TC < 75.000. Khi dùng thuốc lại, liều 100% nếu ngừng vì nhiễm trùng hoặc liều 75% nếu ngừng vì giảm BCTT và TC MTX uống 20 mg/m x 4 liều, ngày 7, 14, 21, 35 6MP 75 mg/m /ngày, uống hàng ngày, ngày 0-41 MTX tiêm TS, liều theo tuổi (tối đa 12 mg), ngày 0, 28 Tiền B, nguy cơ cao, đáp ứng chậm hoặc Tiền B, nguy cơ không cao, phác đồ tăng cường (8 tuần) – Capizzi: ngày 35 của giai đoạn Củng cố hoặc khi BCTT ≥ 750/mm và TC ≥ 75.000/mm . Ngừng điều trị khi nhiễm trùng nặng. Chỉ ngừng MTX khi BCTT < 750 và TC < 75.000. Khi dùng thuốc lại, giảm 20% của liều trước khi ngừng. Không nhắc lại liều đã bị ngừng. VCR 1,5 mg/m2 (tối đa 2mg) tiêm TM, ngày 0, 10, 20, 30, 40 MTX: 100 mg/m², TMC 10-15 phút, ngày 0. Tăng liều tiếp theo thêm 50 mg/m²/liều đến khi có độc tính x 5 liều, ngày 0, 10, 20, 30 40",{}
UngThuBachCauCapDongLymphoBVNguyenTriPhuong.md:16,UngThuBachCauCapDongLymphoBVNguyenTriPhuong.md,16,651,". Tăng liều tiếp theo thêm 50 mg/m²/liều đến khi có độc tính x 5 liều, ngày 0, 10, 20, 30 40. Liều bắt đầu của MTX ở giai đoạn Duy trì tạm thời lần 2 sẽ thấp hơn 50mg/m của liều tối đa đã dùng ở giai đoạn duy trì tạm thời lần 1, sau đó tăng dần liều nếu không có độc tính ASP 15,000 IU/m TB x 5 liều, sau MTX, ngày 0, 10, 20, 30, 40. Không ngừng ASP vì giảm BCTT và TC (chỉ dùng cho tiền B, nguy cơ cao) MTX tiêm TS, liều theo tuổi (tối đa 12 mg), ngày 0, 30* (* chỉ dùng cho phác đồ tăng cường, nhóm nguy cơ không cao) Tế bào T, nguy cơ cao (8 tuần): MTX uống 20 mg/m x 6 liều, ngày 0, 7, 14, 21, 28, 35 6MP 50 mg/m /ngày, uống hàng ngày, ngày 0-42 *",{}
UngThuBachCauCapDongLymphoBVNguyenTriPhuong.md:17,UngThuBachCauCapDongLymphoBVNguyenTriPhuong.md,17,508,"VCR 1,5 mg/m (tối đa 2 mg) tiêm TM, ngày 0, 28 DXM 6 mg/m uống hàng ngày, ngày 0-4 và 28-32 MTX tiêm TS, liều theo tuổi (tối đa 12 mg), ngày 0*, 28 (* Chỉ dùng ngày 0 của giai đoạn Duy trì tạm thời lần 2) Tích cực muộn lần I, II (8 tuần): ngày thứ 56 của Duy trì tạm thời hoặc khi BCTT ≥ 1.000 và TC ≥ 100.000 (tiền B, nguy cơ không cao) và BC hạt ≥ 750/mm và TC ≥ 75.000/mm (cho các nhóm còn lại). Tạm ngừng điều trị nếu ngày thứ 28 có giảm sản tủy. Ngừng điều trị nếu sốt, giảm BC hạt hoặc nhiễm trùng nặng",{}
UngThuBachCauCapDongLymphoBVNguyenTriPhuong.md:18,UngThuBachCauCapDongLymphoBVNguyenTriPhuong.md,18,616,". Tạm ngừng điều trị nếu ngày thứ 28 có giảm sản tủy. Ngừng điều trị nếu sốt, giảm BC hạt hoặc nhiễm trùng nặng. Tiền B: VCR 1,5 mg/m (tối đa 2 mg), tiêm TM, ngày 0, 7, 14, 42*, 49* (*, chỉ áp dụng cho phác đồ tăng cường nguy cơ không cao và phác đồ nguy cơ cao đáp ứng chậm) DXM 10 mg/m uống, ngày 0-6 và 14-20 ASP 6.000 UI/m /lần x 6 liều, TB, từ ngày thứ 3, thứ 2, 4, 6 DOXO 25 mg/m , truyền TM ngày 0, 7, 14 CPM 1.000 mg/m , truyền TMC ngày 28 6 MP 75 mg/m /ngày, uống hàng ngày, từ ngày 28-41 ARA-C tiêm dưới da hoặc TM 75 mg/m /ngày, ngày 28-31 và 35-38 (nguy cơ không cao) / ngày 29-32 và 36-39 (nguy cơ cao).",{}
UngThuBachCauCapDongLymphoBVNguyenTriPhuong.md:19,UngThuBachCauCapDongLymphoBVNguyenTriPhuong.md,19,678,"ASP 6.000 UI/m /lần x 6 liều, TB, từ ngày 42, thứ 2, 4, 6 (chỉ áp dụng cho phác đồ tăng cường nguy cơ không cao và phác đồ nguy cơ cao đáp ứng chậm) MXT tiêm tủy sống, liều theo tuổi, ngày 0, 28, 35 ( , chỉ điều trị cho nguy cơ cao, đáp ứng sớm) Tế bào T, nguy cơ không cao (8 tuần) – 1 đợt MTX 5g/m , truyền TMC 24 giờ, ngày 0, 14, 28, 42 Folinic axit, 15 mg/m /liều x 12 liều, 6 giờ /liều, liều đầu 36 giờ sau khi bắt đầu truyền MTX hoặc khi MTX < 0,01 mmol/L 6 MP 50 mg/m /ngày, uống hàng ngày, từ ngày 0-28 MTX tiêm TS, liều theo tuổi (tối đa 12 mg), ngày 0, 14, 28, 42 DOXO: Doxorubicin; ARA-C: Aracytin-C Tái tấn công / Tái củng cố Tế bào T, nguy cơ không cao (9 tuần) ∞ ∞",{}
UngThuBachCauCapDongLymphoBVNguyenTriPhuong.md:20,UngThuBachCauCapDongLymphoBVNguyenTriPhuong.md,20,641,"DXM 6mg/m uống hàng ngày, ngày 0-20, giảm liều dần VCR 1,5 mg/m (tối đa 2mg) tiêm TM, ngày 0, 7, 14, 21 ASP 25.000 UI/m /liều, TB, ngày 0, 7, 14, 21, 28, 35, tổng số 5 liều DOXO** 25 mg/m , truyền TMC, ngày 0, 7, 14, 21 CPM 1.000 mg/m , truyền TMC ngày 35 6 MP 75 mg/m /ngày, uống hàng ngày, từ ngày 35-48 ARA-C tiêm dưới da hoặc TM 75 mg/m /ngày, ngày 35-38 và 42-45 Tia xạ sọ não hoặc tinh hoàn: trước khi điều trị duy trì Duy trì: Tiền B (nguy cơ cao và không cao): 84 ngày/đợt, trẻ gái điều trị 2 năm, trẻ trai 3 năm, tính từ ngày 0 giai đoạn Duy trì tạm thời lần 1. MTX uống 20 mg/m /tuần*, tuần 1 lần, không uống vào tuần tiêm tủy sống",{}
UngThuBachCauCapDongLymphoBVNguyenTriPhuong.md:21,UngThuBachCauCapDongLymphoBVNguyenTriPhuong.md,21,762,". MTX uống 20 mg/m /tuần*, tuần 1 lần, không uống vào tuần tiêm tủy sống. 6MP 75 mg/m /ngày* uống hàng ngày, ngày 0-83 VCR 1,5 mg/m (tối đa 2 mg) tiêm TM, ngày 0,28,56 DXM 6 mg/m uống, ngày 0-4, 28-32, 56-60 MTX tiêm TS, liều theo tuổi, ngày 0 Tế bào T: 56 ngày/đợt, trong 58 tuần MTX uống 20 mg/m /tuần*, ngày 1, 8, 15, 22, 29, 36, 43, 50 6MP 50 mg/m /ngày* uống hàng ngày, ngày 0-27 VCR 1,5 mg/m (tối đa 2 mg) tiêm TM, ngày 0,28,56 DXM 6 mg/m uống, ngày 0-4, 28-32, 56-60 MTX tiêm TS, liều theo tuổi, ngày 0 * Chỉnh liều MTX, 6MP trong giai đoạn duy trì: Ngừng khi BCTT < 500 và TC < 50.000. Giảm 50% liều nếu BCTT từ 500 đến < 750 và TC từ 50.000 đến < 75.000. Giữ nguyên liều và xét nghiệm BCTT và TC hàng tuần nếu BCTT 750 - < 1.000 và TC 75.000 - < 100.000",{}
UngThuBachCauCapDongLymphoBVNguyenTriPhuong.md:22,UngThuBachCauCapDongLymphoBVNguyenTriPhuong.md,22,450,. Giảm 50% liều nếu BCTT từ 500 đến < 750 và TC từ 50.000 đến < 75.000. Giữ nguyên liều và xét nghiệm BCTT và TC hàng tuần nếu BCTT 750 - < 1.000 và TC 75.000 - < 100.000. Tăng liều thêm 25% nếu BCTT ≥ 2.000/mm và tiểu cầu ≥ 100.000/mm Xạ trị Chỉ định điều trị: ALL có thâm nhiễm thầ n9n kinh trung ương (TKTƯ 3) hoặc tinh hoàn ngay khi chẩn đoán hoặc khi tái phát. Chỉ định dựphòng: ALL nguy cơ cao tái phát thần kinh trung ương như ALL dòng T có số,{}
UngThuBachCauCapDongLymphoBVNguyenTriPhuong.md:23,UngThuBachCauCapDongLymphoBVNguyenTriPhuong.md,23,403,"lượng bạch cầu > 200.000/mm , ALL dòng tiền B đáp ứng điều trị chậm, TKTƯ – 2 hoặc chọc dò dịch não tủy có máu và có BCN. Liều xạ trị sọ não điều trị cho ALL nhóm nguy cơ không cao hoặc xạ trị dựphòng: tổng liều 1800 cGy, 180 cGy/liều/ngày, 5 ngày/tuần. Liều xạ trị tinh hoàn: tổng liều 2400 cGy cho cả 2 tinh hoàn, 300 cGy/liều/ngày. Nếu tinh hoàn vẫn to sau xạ trị 2400 cGy, thêm 300 cGy/liều x 2 liều",{}
UngThuBachCauCapDongLymphoBVNguyenTriPhuong.md:24,UngThuBachCauCapDongLymphoBVNguyenTriPhuong.md,24,861,". Liều xạ trị tinh hoàn: tổng liều 2400 cGy cho cả 2 tinh hoàn, 300 cGy/liều/ngày. Nếu tinh hoàn vẫn to sau xạ trị 2400 cGy, thêm 300 cGy/liều x 2 liều. Ghép tế bào gốc tạo máu: Chỉ định +Nguy cơ rất cao khi chẩn đoán: không đạt lui bệnh sau 4 tuần điều trị cảm ứng bằng 4 thuốc; bạch cầu cấp dòng lympho T có đáp ứng kém với prednisone và / hoặc có số lượng bạch cầu > 100.000/mm ; số lượng nhiễm sắc thể nửa thiểu bội; có chuyển đoạn t (9;22) và số lượng bạch cầu > 25.000; trẻ dưới 1 tuổi có chuyển đoạn t (4;11); bệnh còn lại tối thiểu (MRD) > 1% khi kết thúc điều trị cảm ứng; MRD > 0,1% sau điều trị tái cảm ứng (khoảng 14 tuần); MRD tăng lên ở bất kỳ thời gian nào. Bệnh nhân sẽ ghép tủy khi đạt lui bệnh lần 1. + Bệnh tái phát lần 1 và đạt lui bệnh lần 2. Không chỉ định cho bệnh tái phát đơn độc ngoài tủy xương hoặc dòng tiền B tái phát tủy xương muộn",{}
UngThuBachCauCapDongLymphoBVNguyenTriPhuong.md:25,UngThuBachCauCapDongLymphoBVNguyenTriPhuong.md,25,892,". + Bệnh tái phát lần 1 và đạt lui bệnh lần 2. Không chỉ định cho bệnh tái phát đơn độc ngoài tủy xương hoặc dòng tiền B tái phát tủy xương muộn. + Tái phát lần 2 và đạt lui bệnh lần 3. Điều trị hỗ trợ Truyền khối hồng cầu khi Hb < 80 g/L, 10 mL/kg cân nặng. Nếu BC ≥ 100.000/mm , truyền khối hồng cầu khi Hb < 60 g/L, 5 mL/kg cân nặng. Truyền tiểu cầu đậm đặc hoặc tiểu cầu máy khi xuất huyết nặng, TC ≤ 20.000/mm , 0,1 đơn vị tiểu cầu/kg cân nặng Truyền plasma tươi, vitamin K khi có rối loạn đông máu. Cấy máu hoặc các ổ nhiễm trùng trước khi dùng kháng sinh. Dùng kháng sinh khi có bằng chứng nhiễm khuẩn hoặc khi sốt giảm bạch cầu hạt (điều trị theo phác đồ sốt giảm bạch cầu hạt). Phối hợp kháng sinh nhóm Cephalosphorin thế hệ 3 hoặc 4 với nhóm Aminoglycoside hoặc theo kháng sinh đồ. Cân nhắc sử dụng kháng sinh chống nấm tĩnh mạch (Amphotericin B) nếu dùng kháng sinh không cải thiện",{}
UngThuBachCauCapDongLymphoBVNguyenTriPhuong.md:26,UngThuBachCauCapDongLymphoBVNguyenTriPhuong.md,26,515,". Cân nhắc sử dụng kháng sinh chống nấm tĩnh mạch (Amphotericin B) nếu dùng kháng sinh không cải thiện. G-CSF (Granulocyte-Colony Stimulating Factor) khi sốt giảm bạch cầu hạt (bạch cầu hạt < 500/mm ). Không dùng trong giai đoạn Tấn công/Cảm ứng. Điều trị và dựphòng hội chứng phân giải khối u khi có u trung thất lớn hoặc số lượng bạch cầu ≥ 50.000/mm : truyền dịch 3.000 mL/m /24 giờ (Glucose 5%: 1/3 Natriclorua 0,9%, hoặc theo điện giải đồ), Allopurinol 10 mg/kg/ngày, 12 giờ/lần, uống; điều trị tăng Kali máu ồ",{}
UngThuBachCauCapDongLymphoBVNguyenTriPhuong.md:27,UngThuBachCauCapDongLymphoBVNguyenTriPhuong.md,27,677,"hoặc giảm Can xi máu theo phác đồ.

Mùa thủy đậu đang đến gần: Phụ huynh cần chủ động phòng bệnh cho trẻ Phòng tiêm chủng tại BV Nguyễn Tri Phương thực hiện tiêm phòng bệnh cho cả trẻ em và người lớn VẮC-XIN SHINGRIX NGỪA ZONA (GIỜI LEO) Thang điểm đánh giá chấn thương ở trẻ em (Pediatric Trauma Score - PTS) Nam giới có nên tiêm vaccine HPV không? Xét nghiệm sàng lọc bệnh lao trước khi nhập cảnh vào Nhật Bản (JPETS) triển khai tại BV Nguyễn Tri Phương Thông báo chiêu sinh Chương trình thực hành đối với chức danh Bác sĩ y khoa và Điều dưỡng năm 2024 Mở thêm dịch vụ dành cho khách hàng: gói khám định kỳ được quản lý, tư vấn Thẩm mỹ nội khoa là gì? Dùng những kỹ thuật gì?",{}
